published_date,open,high,low,close,per_change,traded_quantity,traded_amount,status,symbol
2026-07-13,893.0,932.0,880.1,908.9,0.43,615.0,555180.7,1,ACLBSL
2026-07-14,900.0,924.0,886.0,910.0,0.12,2303.0,2073193.5,1,ACLBSL
2026-07-15,905.0,929.8,905.0,905.0,-0.55,127.0,116986.6,0,ACLBSL
2026-07-16,905.0,932.0,893.2,932.0,2.98,609.0,561970.3,1,ACLBSL
2026-07-17,932.0,944.0,930.0,935.0,0.32,611.0,573247.0,1,ACLBSL
2026-07-20,930.0,955.0,930.0,945.0,1.07,618.0,582648.1,1,ACLBSL
2026-07-21,920.0,968.0,920.0,966.8,2.31,786.0,744169.7,1,ACLBSL
2026-07-22,960.9,960.9,940.2,952.0,-1.53,541.0,511462.6,-1,ACLBSL
2026-07-23,930.1,950.0,925.5,950.0,-0.21,442.0,410758.2,1,ACLBSL
2026-07-24,967.0,970.0,942.0,945.0,-0.53,670.0,640249.5,-1,ACLBSL
2026-07-27,950.0,950.0,935.1,949.9,0.52,295.0,276338.1,-1,ACLBSL
2026-07-28,922.0,948.0,922.0,945.7,-0.44,1404.0,1316585.7,1,ACLBSL
2026-07-29,945.7,945.7,925.0,926.2,-2.06,2437.0,2256744.7,-1,ACLBSL
2026-07-30,900.1,940.0,900.1,930.0,0.41,632.0,586858.3,1,ACLBSL
2026-07-31,930.0,935.0,910.3,934.0,0.43,502.0,459588.8,1,ACLBSL
2026-08-03,921.1,940.0,921.1,939.9,0.63,572.0,533550.6,1,ACLBSL
2026-08-04,916.1,938.9,912.1,938.9,-0.11,831.0,764827.5,1,ACLBSL
2026-08-05,915.0,937.0,915.0,930.0,-0.95,1642.0,1513902.0,1,ACLBSL
2026-08-06,930.0,930.0,918.0,920.0,-1.08,423.0,388321.1,-1,ACLBSL
2026-08-07,920.0,930.0,916.1,917.0,-0.33,393.0,362195.2,-1,ACLBSL
2026-08-10,917.0,920.0,915.0,915.0,-0.22,912.0,835493.0,-1,ACLBSL
2026-08-11,915.0,927.9,914.0,927.9,1.41,433.0,396697.5,1,ACLBSL
2026-08-12,927.9,943.0,906.3,943.0,1.63,628.0,578185.9,1,ACLBSL
2026-07-13,301.0,304.8,301.0,302.5,-0.23,24807.0,7508426.0,1,ADBL
2026-07-14,305.0,305.0,301.2,303.0,0.17,23635.0,7163140.4,-1,ADBL
2026-07-15,306.0,306.4,302.0,303.0,0.0,27903.0,8453972.1,-1,ADBL
2026-07-16,303.1,309.0,303.1,309.0,1.98,21483.0,6573100.5,1,ADBL
2026-07-17,309.0,312.9,305.2,311.0,0.65,29794.0,9275758.1,1,ADBL
2026-07-20,296.0,315.0,296.0,312.8,0.58,11892.0,3714656.1,1,ADBL
2026-07-21,314.9,319.0,310.0,314.0,0.38,39052.0,12310082.9,-1,ADBL
2026-07-22,314.0,320.0,310.2,318.9,1.56,79891.0,25343030.0,1,ADBL
2026-07-23,310.0,325.0,310.0,317.0,-0.6,19009.0,5996917.5,1,ADBL
2026-07-24,317.0,321.4,316.0,320.0,0.95,113909.0,36395473.4,1,ADBL
2026-07-27,304.0,329.0,304.0,322.0,0.63,84053.0,27182336.2,1,ADBL
2026-07-28,320.0,323.5,318.2,320.5,-0.47,109926.0,35140963.2,1,ADBL
2026-07-29,323.0,323.0,318.1,321.1,0.19,114885.0,36838064.4,-1,ADBL
2026-07-30,306.0,325.0,306.0,320.0,-0.34,44241.0,14142952.3,1,ADBL
2026-07-31,318.2,324.0,317.3,322.5,0.78,147317.0,47517908.7,1,ADBL
2026-08-03,306.5,326.0,306.5,325.0,0.78,134712.0,43660537.1,1,ADBL
2026-08-04,325.0,325.0,318.6,323.0,-0.62,78882.0,25249128.3,-1,ADBL
2026-08-05,325.0,325.0,319.1,320.0,-0.93,40701.0,13047417.0,-1,ADBL
2026-08-06,304.0,325.0,304.0,308.8,-3.5,143216.0,44339877.65,1,ADBL
2026-08-07,309.0,309.0,304.0,307.9,-0.29,45973.0,14051047.0,-1,ADBL
2026-08-10,311.0,311.0,301.0,305.0,-0.94,41071.0,12433389.3,-1,ADBL
2026-08-11,302.1,305.9,301.0,302.5,-0.82,71707.0,21707236.3,1,ADBL
2026-08-12,301.0,304.8,301.0,304.0,0.5,34081.0,10338632.1,1,ADBL
2026-07-13,430.0,430.0,405.9,411.0,-2.38,2368.0,979226.5,-1,AHL
2026-07-14,407.2,416.0,405.0,410.1,-0.22,2490.0,1019395.1,1,AHL
2026-07-15,413.0,423.0,410.8,415.2,1.24,1950.0,816757.0,1,AHL
2026-07-16,414.0,418.0,414.0,414.0,-0.29,1528.0,633964.0,0,AHL
2026-07-17,425.0,430.0,412.1,430.0,3.86,4378.0,1858632.0,1,AHL
2026-07-20,428.0,442.0,428.0,439.9,2.3,4046.0,1759318.1,1,AHL
2026-07-21,436.0,444.0,427.1,435.0,-1.11,7840.0,3436777.4,-1,AHL
2026-07-22,445.0,445.0,430.8,430.8,-0.97,1222.0,529671.0,-1,AHL
2026-07-23,425.5,433.8,425.5,432.0,0.28,1873.0,806361.7,1,AHL
2026-07-24,434.0,439.7,428.0,428.0,-0.93,3436.0,1475541.4,-1,AHL
2026-07-27,416.3,430.0,416.3,420.0,-1.87,3400.0,1432051.6,1,AHL
2026-07-28,415.0,420.0,415.0,420.0,0.0,3748.0,1562530.4,1,AHL
2026-07-29,410.4,430.0,410.4,417.0,-0.71,2839.0,1190906.0,1,AHL
2026-07-30,417.0,420.0,416.5,420.0,0.72,1836.0,767036.7,1,AHL
2026-07-31,411.0,423.0,411.0,420.0,0.0,1619.0,673117.6,1,AHL
2026-08-03,411.0,425.0,411.0,415.7,-1.02,1270.0,529016.3,1,AHL
2026-08-04,413.0,419.9,410.0,411.0,-1.13,1596.0,660545.4,-1,AHL
2026-08-05,409.0,420.0,409.0,415.0,0.97,2866.0,1197206.0,1,AHL
2026-08-06,410.4,420.0,410.4,413.1,-0.46,248.0,102799.5,1,AHL
2026-08-07,413.0,417.5,413.0,414.0,0.22,2712.0,1125309.5,1,AHL
2026-08-10,415.0,419.0,410.0,410.0,-0.97,1857.0,770549.7,-1,AHL
2026-08-11,410.0,417.0,410.0,417.0,1.71,544.0,223532.0,1,AHL
2026-08-12,410.0,419.5,408.0,416.5,-0.12,1032.0,425519.0,1,AHL
2026-07-13,261.5,261.5,259.2,261.0,-0.19,71919.0,18707298.8,-1,AHPC
2026-07-14,257.1,264.5,257.0,262.4,0.54,65032.0,16958624.1,1,AHPC
2026-07-15,264.8,265.0,262.0,264.3,0.72,57964.0,15281748.6,-1,AHPC
2026-07-16,265.3,265.3,261.1,262.1,-0.83,37523.0,9854145.7,-1,AHPC
2026-07-17,266.9,274.9,265.3,271.9,3.74,77148.0,20814722.2,1,AHPC
2026-07-20,275.0,280.0,270.0,279.1,2.61,148502.0,41102685.6,1,AHPC
2026-07-21,280.0,283.0,275.1,278.0,-0.39,112300.0,31224357.7,-1,AHPC
2026-07-22,278.0,278.0,274.0,275.0,-1.08,53003.0,14584223.3,-1,AHPC
2026-07-23,274.9,277.0,270.2,277.0,0.73,59319.0,16201890.2,1,AHPC
2026-07-24,279.0,279.8,274.0,275.0,-0.72,46828.0,12952461.9,-1,AHPC
2026-07-27,274.9,276.4,271.3,271.3,-1.35,36752.0,10032431.4,-1,AHPC
2026-07-28,271.5,272.8,268.0,270.0,-0.48,96286.0,25967472.5,-1,AHPC
2026-07-29,270.0,270.0,267.6,268.3,-0.63,34746.0,9334426.1,-1,AHPC
2026-07-30,267.6,270.0,266.2,267.0,-0.48,26286.0,7038160.8,-1,AHPC
2026-07-31,265.0,269.8,265.0,269.0,0.75,117686.0,31411388.4,1,AHPC
2026-08-03,270.0,273.0,268.0,271.0,0.74,44826.0,12124819.4,1,AHPC
2026-08-04,273.0,273.0,267.7,267.7,-1.22,37668.0,10118695.7,-1,AHPC
2026-08-05,267.7,269.0,265.0,267.9,0.07,45466.0,12111090.1,1,AHPC
2026-08-06,270.0,270.0,267.3,268.0,0.04,28461.0,7631951.9,-1,AHPC
2026-08-07,268.8,268.9,265.0,265.9,-0.78,37465.0,9973372.0,-1,AHPC
2026-08-10,265.5,269.6,263.2,265.0,-0.34,30498.0,8073474.2,-1,AHPC
2026-08-11,265.0,267.5,263.5,264.2,-0.3,59333.0,15692145.0,-1,AHPC
2026-08-12,267.0,267.0,263.2,264.0,-0.08,62813.0,16587133.9,-1,AHPC
2026-07-13,358.0,358.0,342.0,343.0,-1.63,277593.0,95794142.1,-1,AKJCL
2026-07-14,326.0,348.8,326.0,340.0,-0.87,496164.0,169719841.2,1,AKJCL
2026-07-15,336.0,351.8,336.0,343.7,1.09,323715.0,112173574.8,1,AKJCL
2026-07-16,344.0,351.0,336.5,337.0,-1.95,403201.0,137807067.8,-1,AKJCL
2026-07-17,352.0,365.0,341.5,363.0,7.72,619740.0,222397638.6,1,AKJCL
2026-07-20,362.9,378.0,362.0,374.4,3.14,785535.0,291552154.1,1,AKJCL
2026-07-21,360.0,387.0,360.0,385.0,2.83,822835.0,313740793.2,1,AKJCL
2026-07-22,385.0,394.6,381.0,388.0,0.78,599402.0,232015807.7,1,AKJCL
2026-07-23,370.0,391.0,370.0,386.5,-0.39,719259.0,275233779.8,1,AKJCL
2026-07-24,405.8,405.8,375.2,379.0,-1.94,515226.0,196667184.7,-1,AKJCL
2026-07-27,379.0,381.0,364.0,366.2,-3.38,372666.0,138015069.8,-1,AKJCL
2026-07-28,355.0,372.8,355.0,369.0,0.76,360028.0,132585720.7,1,AKJCL
2026-07-29,355.0,372.0,355.0,365.0,-1.08,235655.0,86297367.1,1,AKJCL
2026-07-30,366.0,368.0,358.0,360.0,-1.37,246031.0,88893869.0,-1,AKJCL
2026-07-31,360.0,367.9,357.1,366.0,1.67,223712.0,81426269.8,1,AKJCL
2026-08-03,368.5,370.0,361.2,362.0,-1.09,238164.0,87236636.2,-1,AKJCL
2026-08-04,362.0,365.0,360.3,361.0,-0.28,183762.0,66581119.8,-1,AKJCL
2026-08-05,363.1,369.0,359.0,367.1,1.69,274641.0,99592254.3,1,AKJCL
2026-08-06,385.4,385.4,370.0,374.0,1.88,707966.0,265944335.9,-1,AKJCL
2026-08-07,392.7,392.7,361.2,362.1,-3.18,322090.0,117991328.2,-1,AKJCL
2026-08-10,355.0,368.9,355.0,366.9,1.33,237038.0,86539447.8,1,AKJCL
2026-08-11,350.0,371.9,350.0,365.0,-0.52,283588.0,104078205.6,1,AKJCL
2026-08-12,350.0,368.8,350.0,363.8,-0.33,259591.0,94002269.5,1,AKJCL
2026-07-13,255.0,255.0,247.0,248.0,-1.74,56210.0,13995653.4,-1,AKPL
2026-07-14,247.0,252.4,237.7,249.9,0.77,67980.0,16897274.2,1,AKPL
2026-07-15,250.0,253.9,250.0,251.5,0.64,35137.0,8836202.4,1,AKPL
2026-07-16,264.0,264.0,245.0,249.0,-0.99,48150.0,12051563.2,-1,AKPL
2026-07-17,252.0,261.7,252.0,261.7,5.1,65963.0,17041664.5,1,AKPL
2026-07-20,274.7,274.7,260.0,267.5,2.22,74585.0,19827172.1,-1,AKPL
2026-07-21,280.8,280.8,264.0,265.0,-0.93,67613.0,18004762.0,-1,AKPL
2026-07-22,263.0,269.0,261.1,267.0,0.75,135933.0,35982215.0,1,AKPL
2026-07-23,255.0,274.7,255.0,266.0,-0.37,68149.0,18066298.7,1,AKPL
2026-07-24,268.5,268.7,264.0,265.7,-0.11,58703.0,15628458.6,-1,AKPL
2026-07-27,268.0,268.0,258.1,259.8,-2.22,64949.0,17015938.9,-1,AKPL
2026-07-28,258.2,262.0,258.2,258.5,-0.5,31048.0,8049883.8,1,AKPL
2026-07-29,257.0,261.9,256.6,258.9,0.15,34071.0,8792616.1,1,AKPL
2026-07-30,255.2,259.8,255.2,256.9,-0.77,17297.0,4440634.0,1,AKPL
2026-07-31,255.9,261.7,254.1,261.7,1.87,54673.0,14113758.5,1,AKPL
2026-08-03,260.0,264.0,257.0,260.2,-0.57,32452.0,8473582.7,1,AKPL
2026-08-04,262.9,262.9,257.0,259.9,-0.12,44118.0,11382587.4,-1,AKPL
2026-08-05,265.0,265.0,245.5,260.7,0.31,40866.0,10584018.6,-1,AKPL
2026-08-06,263.9,263.9,257.0,258.0,-1.04,61982.0,16007643.2,-1,AKPL
2026-08-07,256.1,259.6,256.1,256.6,-0.54,40985.0,10559422.0,1,AKPL
2026-08-10,254.0,259.6,253.1,254.7,-0.74,57562.0,14652017.9,1,AKPL
2026-08-11,252.5,256.5,252.5,254.3,-0.16,39308.0,10006828.6,1,AKPL
2026-08-12,255.0,255.9,251.0,252.0,-0.9,57770.0,14593763.8,-1,AKPL
2026-07-13,1029.0,1060.0,1011.0,1041.0,-1.89,6282.0,6466718.4,1,ALBSL
2026-07-14,1015.0,1060.0,1010.0,1049.0,0.77,8124.0,8546042.4,1,ALBSL
2026-07-15,1015.0,1068.0,1015.0,1052.0,0.29,812.0,849844.0,1,ALBSL
2026-07-16,1020.0,1050.0,1016.1,1050.0,-0.19,3421.0,3519837.4,1,ALBSL
2026-07-17,1021.0,1078.0,1019.0,1075.0,2.38,7868.0,8429103.0,1,ALBSL
2026-07-20,1030.0,1085.0,1030.0,1083.9,0.83,2929.0,3149966.1,1,ALBSL
2026-07-21,1045.0,1100.0,1045.0,1099.1,1.4,6135.0,6687640.5,1,ALBSL
2026-07-22,1060.0,1163.9,1060.0,1101.0,0.17,2604.0,2861365.9,1,ALBSL
2026-07-23,1070.0,1129.0,1070.0,1094.9,-0.55,3151.0,3414794.0,1,ALBSL
2026-07-24,1045.0,1129.9,1045.0,1087.0,-0.72,3859.0,4208938.5,1,ALBSL
2026-07-27,1051.0,1145.0,1051.0,1096.9,0.91,3280.0,3577560.9,1,ALBSL
2026-07-28,1060.0,1144.0,1060.0,1094.0,-0.26,1130.0,1227470.1,1,ALBSL
2026-07-29,1050.0,1130.0,1050.0,1084.9,-0.83,601.0,648750.6,1,ALBSL
2026-07-30,1051.0,1096.0,1051.0,1087.6,0.25,4356.0,4664516.1,1,ALBSL
2026-07-31,1051.0,1114.8,1051.0,1114.8,2.5,10020.0,10833880.2,1,ALBSL
2026-08-03,1075.0,1140.0,1075.0,1107.7,-0.64,18794.0,20758911.9,1,ALBSL
2026-08-04,1076.0,1163.0,1076.0,1089.0,-1.69,2690.0,2951914.5,1,ALBSL
2026-08-05,1065.0,1114.0,1065.0,1102.0,1.19,12601.0,13832749.9,1,ALBSL
2026-08-06,1066.0,1107.0,1066.0,1085.0,-1.54,4393.0,4770034.2,1,ALBSL
2026-08-07,1050.0,1110.9,1050.0,1091.0,0.55,3178.0,3465873.5,1,ALBSL
2026-08-10,1061.0,1092.7,1061.0,1090.0,-0.09,3254.0,3513018.3,1,ALBSL
2026-08-11,1055.0,1119.0,1055.0,1113.9,2.19,33881.0,37117685.2,1,ALBSL
2026-08-12,1070.0,1141.0,1070.0,1114.0,0.01,4715.0,5204107.4,1,ALBSL
2026-07-13,420.2,425.0,416.5,418.0,-1.04,15570.0,6532631.0,-1,ALICL
2026-07-14,418.0,422.0,413.4,419.0,0.24,13641.0,5719632.1,1,ALICL
2026-07-15,420.0,429.8,419.0,422.0,0.72,7934.0,3341622.0,1,ALICL
2026-07-16,428.0,428.0,419.0,419.0,-0.71,13271.0,5595878.2,-1,ALICL
2026-07-17,426.9,434.9,423.0,433.7,3.51,12498.0,5374291.7,1,ALICL
2026-07-20,440.0,442.6,432.0,442.5,2.03,18488.0,8133168.3,1,ALICL
2026-07-21,451.9,451.9,438.0,442.0,-0.11,17026.0,7554131.0,-1,ALICL
2026-07-22,440.0,444.9,432.0,438.0,-0.9,13723.0,5990316.3,-1,ALICL
2026-07-23,435.1,441.0,435.0,441.0,0.68,7997.0,3500748.6,1,ALICL
2026-07-24,441.0,446.9,439.5,441.9,0.2,9351.0,4134537.7,1,ALICL
2026-07-27,442.0,442.2,432.1,436.0,-1.34,17605.0,7665676.1,-1,ALICL
2026-07-28,428.0,436.0,428.0,434.0,-0.46,16079.0,6918616.3,1,ALICL
2026-07-29,455.7,455.7,429.2,436.0,0.46,7937.0,3445162.6,-1,ALICL
2026-07-30,436.0,436.0,426.0,428.7,-1.67,14001.0,5995951.3,-1,ALICL
2026-07-31,428.7,433.8,423.5,431.7,0.7,48252.0,20633493.8,1,ALICL
2026-08-03,431.7,433.6,430.0,432.0,0.07,6775.0,2922479.0,1,ALICL
2026-08-04,430.0,431.0,424.0,425.9,-1.41,12253.0,5225548.9,-1,ALICL
2026-08-05,423.3,430.0,423.0,425.1,-0.19,15400.0,6558146.0,1,ALICL
2026-08-06,423.0,429.8,422.0,424.8,-0.07,6022.0,2547833.3,1,ALICL
2026-08-07,424.8,424.8,420.8,422.0,-0.66,5448.0,2299798.9,-1,ALICL
2026-08-10,424.5,424.5,418.0,418.0,-0.95,11884.0,4992932.1,-1,ALICL
2026-08-11,418.0,423.0,418.0,420.0,0.48,11144.0,4684490.7,1,ALICL
2026-08-12,428.7,428.7,416.1,418.0,-0.48,9785.0,4092606.9,-1,ALICL
2026-07-13,6736.8,6736.8,6736.8,6736.8,5.0,10.0,67368.0,0,ANLB
2026-07-14,7073.0,7073.0,7073.0,7073.0,4.99,10.0,70730.0,0,ANLB
2026-07-15,7425.0,7425.0,6860.9,6860.9,-3.0,20.0,142859.0,-1,ANLB
2026-07-16,7200.0,7200.0,7200.0,7200.0,4.94,10.0,72000.0,0,ANLB
2026-07-17,7560.0,7560.0,6120.0,6120.0,-15.0,267.0,1671881.4,-1,ANLB
2026-07-20,5814.0,5936.4,5641.0,5700.0,-6.86,4326.0,24668794.0,-1,ANLB
2026-07-21,5640.0,6345.0,5620.0,5845.0,2.54,2620.0,14940864.8,1,ANLB
2026-07-22,5650.0,6545.0,5650.0,5841.0,-0.07,1491.0,8527137.8,1,ANLB
2026-07-23,5600.0,6491.0,5600.0,5818.0,-0.39,1113.0,6334660.6,1,ANLB
2026-07-24,5550.0,6659.0,5550.0,6659.0,14.46,3788.0,21504964.1,1,ANLB
2026-07-27,6326.1,6326.1,5660.2,5768.0,-13.38,3018.0,17213257.0,-1,ANLB
2026-07-28,5600.0,6292.0,5552.0,5735.0,-0.57,3487.0,19570759.9,1,ANLB
2026-07-29,5600.0,5658.0,5600.0,5658.0,-1.34,2170.0,12173097.0,1,ANLB
2026-07-30,5500.0,6134.0,5489.0,5697.0,0.69,3867.0,21648155.6,1,ANLB
2026-07-31,5500.0,6277.0,5460.0,5649.0,-0.84,1810.0,10106477.5,1,ANLB
2026-08-03,5500.0,6050.0,5500.0,5628.0,-0.37,7546.0,41673971.5,1,ANLB
2026-08-04,5507.0,5598.0,5476.0,5578.0,-0.89,862.0,4744418.2,1,ANLB
2026-08-05,5400.0,5550.0,5400.0,5544.0,-0.61,1542.0,8470473.2,1,ANLB
2026-08-06,5400.0,5560.0,5400.0,5524.0,-0.36,1194.0,6530505.7,1,ANLB
2026-08-07,5360.0,5999.0,5300.0,5999.0,8.6,5041.0,27232280.2,1,ANLB
2026-08-10,5819.1,5819.1,5311.8,5467.0,-8.87,2737.0,14711221.8,-1,ANLB
2026-08-11,5300.0,5790.0,5300.0,5438.0,-0.53,2026.0,10889430.4,1,ANLB
2026-08-12,5200.0,5755.9,5200.0,5305.0,-2.45,2070.0,11196641.4,1,ANLB
2026-07-13,858.0,880.0,830.0,849.9,-3.41,18305.0,15511636.3,-1,APHL
2026-07-14,824.5,899.0,801.0,835.0,-1.75,17614.0,14541950.2,1,APHL
2026-07-15,809.1,867.0,809.1,820.0,-1.8,16019.0,13419003.9,1,APHL
2026-07-16,800.0,859.0,800.0,819.0,-0.12,9640.0,7921340.9,1,APHL
2026-07-17,800.1,875.5,800.1,828.1,1.11,22129.0,18827890.7,1,APHL
2026-07-20,830.0,870.0,815.1,843.9,1.91,31993.0,26911874.4,1,APHL
2026-07-21,832.0,873.0,830.0,840.2,-0.44,46207.0,39213458.1,1,APHL
2026-07-22,827.1,853.0,826.4,837.5,-0.32,19020.0,15894464.9,1,APHL
2026-07-23,837.0,930.0,827.0,930.0,11.04,64326.0,56764243.2,1,APHL
2026-07-24,930.0,952.0,900.0,905.0,-2.69,35842.0,33035334.2,-1,APHL
2026-07-27,897.1,905.0,850.0,852.0,-5.86,30226.0,26445325.7,-1,APHL
2026-07-28,809.4,877.0,809.4,869.0,2.0,19141.0,16389420.4,1,APHL
2026-07-29,825.6,872.9,825.6,846.0,-2.65,17484.0,14950505.7,1,APHL
2026-07-30,846.0,865.0,821.2,834.0,-1.42,15135.0,12587702.9,-1,APHL
2026-07-31,820.8,844.9,820.8,839.0,0.6,15695.0,13073343.5,1,APHL
2026-08-03,815.0,860.0,815.0,838.0,-0.12,21739.0,18451513.1,1,APHL
2026-08-04,826.1,840.0,826.1,828.6,-1.12,10404.0,8658383.2,1,APHL
2026-08-05,823.0,840.0,822.0,830.3,0.21,9248.0,7686513.4,1,APHL
2026-08-06,830.0,855.0,825.0,828.0,-0.28,10218.0,8486689.5,-1,APHL
2026-08-07,825.8,834.9,824.0,828.0,0.0,10060.0,8308517.1,1,APHL
2026-08-10,824.0,834.8,812.0,828.0,0.0,7668.0,6347310.5,1,APHL
2026-08-11,820.0,840.0,820.0,830.0,0.24,11603.0,9619019.2,1,APHL
2026-08-12,830.0,830.0,813.1,815.0,-1.81,11981.0,9808954.7,-1,APHL
2026-07-13,326.0,327.8,320.0,322.0,-1.08,230835.0,74532547.8,-1,API
2026-07-14,322.0,325.0,318.0,321.9,-0.03,187891.0,60485412.3,-1,API
2026-07-15,322.1,328.0,322.0,323.8,0.59,121842.0,39545314.3,1,API
2026-07-16,325.1,326.8,320.3,320.7,-0.96,143676.0,46307084.5,-1,API
2026-07-17,305.0,339.9,305.0,339.9,5.99,217252.0,72232677.8,1,API
2026-07-20,339.0,347.5,330.1,346.0,1.79,374987.0,129148503.0,1,API
2026-07-21,346.0,349.6,341.0,344.0,-0.58,409983.0,141508304.4,-1,API
2026-07-22,340.0,345.7,339.0,343.5,-0.15,229342.0,78654235.6,1,API
2026-07-23,340.0,345.0,339.0,342.5,-0.29,255571.0,87279722.0,1,API
2026-07-24,325.4,351.0,325.4,344.0,0.44,242798.0,83416927.8,1,API
2026-07-27,342.0,344.8,335.1,336.0,-2.33,189693.0,64189969.4,-1,API
2026-07-28,335.0,337.1,332.0,336.5,0.15,115848.0,38859510.3,1,API
2026-07-29,336.5,339.0,334.0,335.0,-0.45,110350.0,37076200.3,-1,API
2026-07-30,339.0,339.0,332.0,333.0,-0.6,88031.0,29380425.9,-1,API
2026-07-31,334.8,337.0,332.0,335.3,0.69,126694.0,42354011.0,1,API
2026-08-03,335.3,340.0,332.3,334.5,-0.24,131466.0,43961775.5,-1,API
2026-08-04,333.0,336.7,330.4,331.8,-0.81,80675.0,26800926.9,-1,API
2026-08-05,331.8,334.9,330.1,332.0,0.06,68858.0,22879684.4,1,API
2026-08-06,331.2,334.0,330.2,331.9,-0.03,102691.0,34123576.6,1,API
2026-08-07,331.0,332.3,328.2,330.0,-0.57,82236.0,27123904.4,-1,API
2026-08-10,330.1,331.9,325.0,328.5,-0.45,127348.0,41659964.2,-1,API
2026-08-11,330.0,335.0,325.1,332.0,1.07,242144.0,79723467.5,1,API
2026-08-12,339.8,339.8,328.3,331.0,-0.3,116519.0,38480846.7,-1,API
2026-07-13,1040.0,1046.7,1020.1,1023.0,-1.73,2923.0,3024621.9,-1,AVYAN
2026-07-14,971.9,1031.0,971.9,1031.0,0.78,975.0,992983.0,1,AVYAN
2026-07-15,1030.0,1050.0,1000.3,1030.0,-0.1,2731.0,2799603.3,0,AVYAN
2026-07-16,1029.9,1042.0,1012.0,1042.0,1.17,9282.0,9488905.0,1,AVYAN
2026-07-17,1020.0,1090.0,1020.0,1075.0,3.17,1529.0,1628465.0,1,AVYAN
2026-07-20,1055.1,1133.0,1030.2,1098.0,2.14,5813.0,6316743.5,1,AVYAN
2026-07-21,1075.6,1200.0,1045.0,1096.0,-0.18,6512.0,6985585.0,1,AVYAN
2026-07-22,1076.3,1090.0,1055.0,1074.0,-2.01,4771.0,5110302.0,-1,AVYAN
2026-07-23,1083.0,1083.0,1052.0,1079.0,0.47,2060.0,2196677.0,-1,AVYAN
2026-07-24,1060.2,1157.0,1060.0,1089.0,0.93,8162.0,8818602.9,1,AVYAN
2026-07-27,1061.0,1088.0,1050.0,1059.0,-2.75,2659.0,2836915.5,-1,AVYAN
2026-07-28,1055.0,1059.0,1040.0,1042.0,-1.61,1314.0,1372577.0,-1,AVYAN
2026-07-29,1037.2,1040.1,1013.0,1013.0,-2.78,3775.0,3877819.5,-1,AVYAN
2026-07-30,1013.0,1030.0,1013.0,1015.0,0.2,3048.0,3106983.0,1,AVYAN
2026-07-31,1002.1,1029.0,1002.1,1029.0,1.38,1441.0,1463630.0,1,AVYAN
2026-08-03,1020.0,1050.0,1020.0,1021.0,-0.78,1660.0,1711470.0,1,AVYAN
2026-08-04,1021.0,1025.0,1010.0,1011.0,-0.98,4185.0,4251669.1,-1,AVYAN
2026-08-05,1010.0,1038.0,1010.0,1025.0,1.38,850.0,875615.0,1,AVYAN
2026-08-06,1055.7,1055.7,1030.0,1042.0,1.66,4987.0,5199788.9,-1,AVYAN
2026-08-07,1036.0,1070.0,1036.0,1053.0,1.06,6060.0,6436329.0,1,AVYAN
2026-08-10,1060.0,1065.0,1050.0,1051.0,-0.19,1960.0,2073309.8,-1,AVYAN
2026-08-11,1042.0,1051.0,1042.0,1043.0,-0.76,777.0,812446.5,1,AVYAN
2026-08-12,1043.0,1060.0,1043.0,1060.0,1.63,2924.0,3091325.2,1,AVYAN
2026-07-13,705.0,705.0,660.3,665.0,-5.15,36952.0,25101635.4,-1,BANDIPUR
2026-07-14,652.5,672.0,635.0,668.0,0.45,28561.0,18733012.7,1,BANDIPUR
2026-07-15,655.0,680.0,655.0,675.0,1.05,25458.0,17164704.2,1,BANDIPUR
2026-07-16,708.1,708.1,655.0,661.0,-2.07,16750.0,11233643.3,-1,BANDIPUR
2026-07-17,666.0,710.0,666.0,705.0,6.66,23565.0,16393594.6,1,BANDIPUR
2026-07-20,740.0,745.0,706.0,744.0,5.53,39527.0,28902351.8,1,BANDIPUR
2026-07-21,746.0,781.8,735.0,745.0,0.13,44061.0,33253975.1,-1,BANDIPUR
2026-07-22,740.0,750.0,735.0,739.1,-0.79,20471.0,15200698.0,-1,BANDIPUR
2026-07-23,723.0,760.0,723.0,760.0,2.83,30521.0,22715386.5,1,BANDIPUR
2026-07-24,759.0,795.0,755.7,763.0,0.39,59743.0,46144988.6,1,BANDIPUR
2026-07-27,758.0,763.0,725.0,730.0,-4.33,26143.0,19353306.9,-1,BANDIPUR
2026-07-28,730.0,741.0,718.0,730.0,0.0,18696.0,13655794.6,0,BANDIPUR
2026-07-29,721.1,742.7,721.1,722.2,-1.07,13667.0,10002163.2,1,BANDIPUR
2026-07-30,729.0,735.0,710.6,719.8,-0.33,17645.0,12675183.8,-1,BANDIPUR
2026-07-31,711.0,728.0,703.1,727.0,1.0,34075.0,24312461.4,1,BANDIPUR
2026-08-03,727.0,739.0,718.0,724.0,-0.41,12012.0,8712027.0,-1,BANDIPUR
2026-08-04,711.0,720.0,700.0,706.0,-2.49,25586.0,18118577.0,-1,BANDIPUR
2026-08-05,700.0,712.0,700.0,709.9,0.55,8876.0,6278273.1,1,BANDIPUR
2026-08-06,709.0,710.0,685.0,697.0,-1.82,28780.0,20128570.3,-1,BANDIPUR
2026-08-07,695.0,701.0,675.0,692.0,-0.72,34855.0,23910208.7,-1,BANDIPUR
2026-08-10,685.0,693.0,679.3,680.0,-1.73,30104.0,20561204.0,-1,BANDIPUR
2026-08-11,675.0,699.0,675.0,686.1,0.9,20031.0,13787456.3,1,BANDIPUR
2026-08-12,700.0,700.0,680.0,685.0,-0.16,7274.0,5003712.4,-1,BANDIPUR
2026-07-13,317.0,317.7,308.0,308.7,-1.69,31972.0,9920998.6,-1,BARUN
2026-07-14,308.0,316.9,307.2,312.0,1.07,20668.0,6431442.7,1,BARUN
2026-07-15,318.9,318.9,313.3,316.0,1.28,32991.0,10422355.5,-1,BARUN
2026-07-16,314.1,319.9,314.1,319.9,1.23,18636.0,5883206.5,1,BARUN
2026-07-17,322.0,335.0,317.0,334.1,4.44,36444.0,11970915.4,1,BARUN
2026-07-20,330.8,340.0,329.0,338.0,1.17,58226.0,19518654.4,1,BARUN
2026-07-21,335.1,340.0,334.0,339.0,0.3,33137.0,11139243.9,1,BARUN
2026-07-22,330.0,339.0,327.0,335.0,-1.18,29119.0,9728193.8,1,BARUN
2026-07-23,331.0,335.0,328.0,335.0,0.0,27519.0,9136350.2,1,BARUN
2026-07-24,318.3,340.0,318.3,334.0,-0.3,24615.0,8253324.3,1,BARUN
2026-07-27,335.0,335.4,324.0,325.0,-2.69,28368.0,9369986.7,-1,BARUN
2026-07-28,323.1,326.5,322.5,324.2,-0.25,26443.0,8579710.7,1,BARUN
2026-07-29,325.0,333.0,323.0,325.9,0.52,14537.0,4741486.7,1,BARUN
2026-07-30,325.0,329.9,323.0,323.1,-0.86,21015.0,6813094.2,-1,BARUN
2026-07-31,321.0,327.0,320.0,323.0,-0.03,21104.0,6829566.3,1,BARUN
2026-08-03,332.6,332.6,323.7,325.1,0.65,16158.0,5269065.5,-1,BARUN
2026-08-04,321.0,327.0,320.0,322.9,-0.68,16510.0,5306703.5,1,BARUN
2026-08-05,322.0,325.0,322.0,324.0,0.34,6273.0,2030934.6,1,BARUN
2026-08-06,318.0,326.0,318.0,322.7,-0.4,28888.0,9346775.7,1,BARUN
2026-08-07,321.1,323.0,319.1,321.2,-0.46,16558.0,5306378.5,1,BARUN
2026-08-10,318.2,322.9,318.0,318.7,-0.78,13245.0,4227737.6,1,BARUN
2026-08-11,320.0,323.3,318.2,319.1,0.13,14010.0,4477611.8,-1,BARUN
2026-08-12,319.1,323.9,317.1,317.5,-0.5,16723.0,5319246.6,-1,BARUN
2026-07-13,4091.0,4148.0,4055.0,4070.0,-2.35,272.0,1109267.0,-1,BBC
2026-07-14,4053.7,4128.0,4021.1,4128.0,1.43,240.0,977466.0,1,BBC
2026-07-15,4126.9,4175.0,4051.0,4154.0,0.63,277.0,1137160.0,1,BBC
2026-07-16,4239.0,4239.0,4103.0,4169.0,0.36,60.0,249196.0,-1,BBC
2026-07-17,4260.0,4260.0,4115.0,4199.9,0.74,80.0,335409.0,-1,BBC
2026-07-20,4101.0,4300.0,4101.0,4250.0,1.19,291.0,1234804.0,1,BBC
2026-07-21,4299.7,4696.0,4156.0,4390.0,3.29,1912.0,8330179.0,1,BBC
2026-07-22,4300.0,4400.0,4256.0,4268.0,-2.78,545.0,2356241.0,-1,BBC
2026-07-23,4379.0,4390.0,4241.0,4390.0,2.86,397.0,1724000.0,1,BBC
2026-07-24,4310.0,4389.0,4262.0,4375.0,-0.34,126.0,543982.0,1,BBC
2026-07-27,4349.0,4377.0,4264.0,4265.0,-2.51,102.0,439668.9,-1,BBC
2026-07-28,4350.0,4350.0,4209.0,4300.0,0.82,224.0,955580.0,-1,BBC
2026-07-29,4210.0,4328.0,4210.0,4300.0,0.0,150.0,643088.0,1,BBC
2026-07-30,4186.0,4400.0,3825.0,4280.0,-0.47,706.0,3003300.0,1,BBC
2026-07-31,4201.0,4297.0,4190.0,4280.0,0.0,161.0,684798.0,1,BBC
2026-08-03,4380.0,4380.0,4221.0,4235.0,-1.05,130.0,560138.0,-1,BBC
2026-08-04,4289.0,4289.0,4166.0,4180.0,-1.3,172.0,727363.0,-1,BBC
2026-08-05,4122.0,4300.0,4122.0,4250.0,1.67,275.0,1161788.0,1,BBC
2026-08-06,4300.0,4319.9,4165.0,4278.0,0.66,505.0,2134680.1,-1,BBC
2026-08-07,4208.0,4296.0,4176.0,4289.0,0.26,100.0,423675.0,1,BBC
2026-08-10,4200.0,4293.0,4150.0,4249.0,-0.93,272.0,1138259.0,1,BBC
2026-08-11,4280.0,4280.0,4155.0,4209.9,-0.92,174.0,732338.0,-1,BBC
2026-08-12,4181.0,4250.0,4122.0,4200.0,-0.24,271.0,1137038.1,1,BBC
2026-07-13,315.0,320.0,310.1,310.1,-2.51,26916.0,8442380.2,-1,BEDC
2026-07-14,306.0,314.0,303.1,309.0,-0.35,28196.0,8687502.1,1,BEDC
2026-07-15,315.0,315.0,310.0,312.0,0.97,13993.0,4380708.8,-1,BEDC
2026-07-16,315.0,316.7,308.0,308.0,-1.28,11679.0,3632804.5,-1,BEDC
2026-07-17,317.0,331.0,315.0,330.0,7.14,41743.0,13674421.9,1,BEDC
2026-07-20,346.5,346.5,325.1,334.0,1.21,18469.0,6125551.8,-1,BEDC
2026-07-21,334.0,343.0,330.0,334.5,0.15,39992.0,13342398.9,1,BEDC
2026-07-22,330.0,335.0,327.1,330.1,-1.32,17694.0,5868292.5,1,BEDC
2026-07-23,340.0,340.0,325.0,330.0,-0.03,23206.0,7615549.3,-1,BEDC
2026-07-24,313.5,339.5,313.5,334.0,1.21,32031.0,10684695.5,1,BEDC
2026-07-27,334.0,334.9,325.0,325.4,-2.57,18773.0,6167402.0,-1,BEDC
2026-07-28,330.0,330.0,320.2,325.0,-0.12,11775.0,3824236.4,-1,BEDC
2026-07-29,322.0,328.9,321.5,322.1,-0.89,11327.0,3658059.3,1,BEDC
2026-07-30,321.1,325.0,318.0,320.0,-0.65,11462.0,3678181.1,-1,BEDC
2026-07-31,317.4,323.9,315.0,318.1,-0.59,25955.0,8272496.6,1,BEDC
2026-08-03,324.9,325.5,320.0,325.0,2.17,18635.0,6029654.3,1,BEDC
2026-08-04,323.0,324.0,318.2,323.0,-0.62,6228.0,1998036.5,0,BEDC
2026-08-05,318.2,323.0,318.2,322.5,-0.15,15567.0,4999004.0,1,BEDC
2026-08-06,318.1,325.0,318.1,322.0,-0.16,13876.0,4472346.5,1,BEDC
2026-08-07,321.6,325.0,320.0,323.0,0.31,14378.0,4631334.4,1,BEDC
2026-08-10,320.0,323.0,318.1,319.1,-1.21,13199.0,4216552.2,-1,BEDC
2026-08-11,328.6,328.6,316.0,318.0,-0.34,14377.0,4580234.3,-1,BEDC
2026-08-12,323.0,325.0,315.2,316.0,-0.63,10321.0,3265859.9,-1,BEDC
2026-07-13,514.0,522.0,500.2,508.0,-0.84,65267.0,33417015.0,-1,BFC
2026-07-14,512.5,513.0,497.6,510.0,0.39,58912.0,29783045.9,-1,BFC
2026-07-15,535.5,535.5,496.8,507.4,-0.51,18175.0,9252245.1,-1,BFC
2026-07-16,509.0,514.5,501.1,514.5,1.4,24660.0,12525930.3,1,BFC
2026-07-17,509.0,538.4,509.0,538.0,4.57,80119.0,42347380.8,1,BFC
2026-07-20,562.0,562.0,530.1,539.8,0.35,54997.0,29500361.1,-1,BFC
2026-07-21,513.0,545.0,513.0,530.0,-1.82,106044.0,56827756.2,1,BFC
2026-07-22,530.0,558.0,530.0,535.1,0.96,289485.0,158039510.5,1,BFC
2026-07-23,526.0,535.0,520.0,533.0,-0.39,64041.0,33790992.9,1,BFC
2026-07-24,533.0,535.0,525.2,533.0,0.0,74820.0,39725464.0,0,BFC
2026-07-27,506.4,538.0,506.4,516.0,-3.19,99008.0,52087859.9,1,BFC
2026-07-28,513.1,519.9,505.4,514.0,-0.39,68754.0,35294536.6,1,BFC
2026-07-29,489.0,525.0,489.0,509.0,-0.97,29657.0,15264564.5,1,BFC
2026-07-30,485.0,562.0,485.0,509.8,0.16,34113.0,17407474.0,1,BFC
2026-07-31,535.0,535.0,501.0,510.0,0.04,57251.0,29122608.5,-1,BFC
2026-08-03,519.7,519.7,503.0,503.2,-1.33,27985.0,14164857.5,-1,BFC
2026-08-04,503.2,512.0,500.0,510.0,1.35,49553.0,25112917.8,1,BFC
2026-08-05,505.2,515.9,503.0,506.0,-0.78,21575.0,10944035.7,1,BFC
2026-08-06,513.9,513.9,501.1,502.0,-0.79,25711.0,12966476.8,-1,BFC
2026-08-07,502.0,504.0,492.0,494.0,-1.59,30161.0,15001870.5,-1,BFC
2026-08-10,494.2,499.0,490.0,494.6,0.12,24740.0,12197676.0,1,BFC
2026-08-11,502.9,502.9,492.0,492.0,-0.53,33215.0,16469286.5,-1,BFC
2026-08-12,499.0,501.0,493.3,493.9,0.39,28745.0,14217792.9,-1,BFC
2026-07-13,517.0,529.9,517.0,520.0,0.76,843.0,439069.7,1,BGWT
2026-07-14,534.5,550.0,525.0,550.0,5.77,2957.0,1580929.5,1,BGWT
2026-07-15,555.0,565.0,544.1,545.0,-0.91,2037.0,1127456.7,-1,BGWT
2026-07-16,546.0,561.3,546.0,546.0,0.18,1434.0,795639.9,0,BGWT
2026-07-17,562.3,596.0,550.1,560.0,2.56,2281.0,1302758.5,-1,BGWT
2026-07-20,560.0,591.3,560.0,590.0,5.36,5118.0,3007801.4,1,BGWT
2026-07-21,607.0,662.0,590.0,614.9,4.22,7510.0,4641864.3,1,BGWT
2026-07-22,601.0,619.0,596.0,613.0,-0.31,3182.0,1924169.7,1,BGWT
2026-07-23,609.0,614.9,601.5,610.0,-0.49,1013.0,617254.1,1,BGWT
2026-07-24,610.0,625.0,600.0,600.1,-1.62,5088.0,3080219.8,-1,BGWT
2026-07-27,587.0,605.5,586.5,588.0,-2.02,1440.0,858551.6,1,BGWT
2026-07-28,588.0,592.0,575.0,590.0,0.34,1769.0,1039828.9,1,BGWT
2026-07-29,573.0,597.0,573.0,597.0,1.19,1589.0,931710.5,1,BGWT
2026-07-30,580.1,597.0,580.0,597.0,0.0,1583.0,923897.6,1,BGWT
2026-07-31,581.0,596.9,565.0,595.0,-0.34,1290.0,757594.5,1,BGWT
2026-08-03,595.0,595.5,560.0,575.0,-3.36,3913.0,2231485.8,-1,BGWT
2026-08-04,565.0,570.0,552.0,557.0,-3.13,3649.0,2033909.8,-1,BGWT
2026-08-05,557.0,573.0,546.0,573.0,2.87,3687.0,2043376.6,1,BGWT
2026-08-06,573.0,573.0,551.0,557.0,-2.79,983.0,545678.6,-1,BGWT
2026-08-07,542.0,558.0,542.0,556.0,-0.18,501.0,275075.3,1,BGWT
2026-08-10,554.0,554.0,546.1,548.0,-1.44,1602.0,880817.6,-1,BGWT
2026-08-11,535.0,545.0,535.0,545.0,-0.55,666.0,361974.0,1,BGWT
2026-08-12,545.0,545.0,535.0,537.6,-1.36,567.0,304575.6,-1,BGWT
2026-07-13,488.0,488.0,452.0,457.0,-3.59,36748.0,16879541.4,-1,BHCL
2026-07-14,470.0,470.0,435.1,459.0,0.44,32984.0,14956574.8,-1,BHCL
2026-07-15,447.0,470.0,447.0,463.3,0.94,9551.0,4430081.5,1,BHCL
2026-07-16,463.3,470.0,450.0,450.0,-2.87,25338.0,11617373.8,-1,BHCL
2026-07-17,463.0,492.0,463.0,482.0,7.11,23309.0,11173255.7,1,BHCL
2026-07-20,490.0,503.0,485.0,499.0,3.53,33458.0,16628547.4,1,BHCL
2026-07-21,500.0,511.9,490.0,505.0,1.2,53742.0,26974785.7,1,BHCL
2026-07-22,510.0,520.0,495.0,499.0,-1.19,39493.0,19772590.2,-1,BHCL
2026-07-23,491.0,518.0,491.0,515.0,3.21,34661.0,17537268.7,1,BHCL
2026-07-24,495.0,539.9,495.0,523.9,1.73,59608.0,31348322.7,1,BHCL
2026-07-27,520.0,525.0,500.0,508.0,-3.03,36428.0,18524657.5,-1,BHCL
2026-07-28,533.4,533.4,496.0,499.2,-1.73,26681.0,13368766.5,-1,BHCL
2026-07-29,496.0,505.0,495.0,495.1,-0.82,15748.0,7843377.8,-1,BHCL
2026-07-30,491.2,497.7,483.0,486.0,-1.84,22600.0,11064077.3,-1,BHCL
2026-07-31,486.0,506.6,482.0,503.9,3.68,28242.0,14106893.8,1,BHCL
2026-08-03,504.0,515.0,496.1,497.0,-1.37,18887.0,9475512.5,-1,BHCL
2026-08-04,473.0,500.0,473.0,490.0,-1.41,17762.0,8769478.6,1,BHCL
2026-08-05,514.5,514.5,485.0,492.1,0.43,14333.0,7065917.7,-1,BHCL
2026-08-06,492.1,505.0,490.0,494.0,0.39,15068.0,7508153.1,1,BHCL
2026-08-07,486.0,497.0,486.0,489.0,-1.01,16680.0,8178281.7,1,BHCL
2026-08-10,485.4,497.0,483.1,490.0,0.2,19700.0,9665211.8,1,BHCL
2026-08-11,490.0,498.0,488.0,490.0,0.0,15807.0,7785948.1,0,BHCL
2026-08-12,466.0,498.0,466.0,493.0,0.61,12040.0,5901408.5,1,BHCL
2026-07-13,442.0,442.0,422.3,425.0,-1.16,5296.0,2250229.4,-1,BHDC
2026-07-14,420.0,426.9,412.0,425.0,0.0,4600.0,1935191.4,1,BHDC
2026-07-15,427.0,433.7,418.1,422.1,-0.68,6019.0,2553798.9,-1,BHDC
2026-07-16,422.0,424.9,420.0,423.0,0.21,6296.0,2657396.9,1,BHDC
2026-07-17,421.3,442.0,421.3,435.9,3.05,9988.0,4366430.2,1,BHDC
2026-07-20,436.0,447.9,436.0,447.5,2.66,13904.0,6155298.9,1,BHDC
2026-07-21,447.6,455.0,444.0,447.1,-0.09,17153.0,7709128.3,-1,BHDC
2026-07-22,437.4,446.9,437.4,445.0,-0.47,5850.0,2591212.2,1,BHDC
2026-07-23,437.5,445.0,437.0,444.9,-0.02,7813.0,3438120.2,1,BHDC
2026-07-24,440.0,450.0,440.0,445.2,0.07,4356.0,1943533.5,1,BHDC
2026-07-27,432.0,447.8,432.0,438.1,-1.59,6847.0,3010584.5,1,BHDC
2026-07-28,440.0,440.0,428.1,435.0,-0.71,4477.0,1941385.4,-1,BHDC
2026-07-29,426.1,436.0,426.1,433.9,-0.25,4335.0,1879206.5,1,BHDC
2026-07-30,433.9,440.0,424.0,433.0,-0.21,3106.0,1337182.8,-1,BHDC
2026-07-31,435.0,435.0,427.1,431.4,-0.37,3261.0,1408835.4,-1,BHDC
2026-08-03,433.0,439.9,432.0,432.0,0.14,3579.0,1554068.8,-1,BHDC
2026-08-04,430.2,435.0,423.5,430.0,-0.46,10461.0,4472822.0,-1,BHDC
2026-08-05,425.0,430.0,423.0,428.5,-0.35,7798.0,3313190.8,1,BHDC
2026-08-06,424.7,431.8,424.6,429.5,0.23,7379.0,3148055.8,1,BHDC
2026-08-07,426.0,430.0,425.1,426.0,-0.81,8716.0,3716621.2,0,BHDC
2026-08-10,421.4,426.9,421.4,426.0,0.0,1583.0,671679.9,1,BHDC
2026-08-11,426.0,430.0,426.0,428.1,0.49,6859.0,2934342.3,1,BHDC
2026-08-12,433.0,433.0,425.4,428.5,0.09,2217.0,945881.3,-1,BHDC
2026-07-13,205.0,205.0,200.0,201.0,-0.99,60335.0,12195538.2,-1,BHL
2026-07-14,201.0,207.0,199.0,205.5,2.24,78551.0,15988908.5,1,BHL
2026-07-15,205.5,210.0,205.5,207.3,0.88,113620.0,23757239.3,1,BHL
2026-07-16,210.0,210.0,204.0,204.0,-1.59,31388.0,6477494.1,-1,BHL
2026-07-17,200.0,217.3,200.0,212.0,3.92,119440.0,25447990.5,1,BHL
2026-07-20,211.3,221.4,211.3,218.1,2.88,215139.0,46506530.9,1,BHL
2026-07-21,222.0,222.0,216.0,217.5,-0.28,118595.0,25930726.1,-1,BHL
2026-07-22,220.0,220.0,214.1,215.5,-0.92,77294.0,16715140.7,-1,BHL
2026-07-23,217.0,217.0,213.4,215.2,-0.14,62803.0,13479235.3,-1,BHL
2026-07-24,225.9,225.9,211.2,217.0,0.84,92366.0,20062800.0,-1,BHL
2026-07-27,213.0,219.1,212.0,214.0,-1.38,63844.0,13708826.3,1,BHL
2026-07-28,211.5,216.0,211.5,214.8,0.37,66542.0,14205593.2,1,BHL
2026-07-29,215.0,216.0,212.2,213.0,-0.84,29236.0,6243198.5,-1,BHL
2026-07-30,213.0,214.0,210.2,210.5,-1.17,56897.0,12045366.5,-1,BHL
2026-07-31,210.0,212.8,209.0,212.4,0.9,71648.0,15114085.3,1,BHL
2026-08-03,212.4,215.0,212.0,212.9,0.24,55478.0,11827097.9,1,BHL
2026-08-04,215.0,215.0,210.5,211.5,-0.66,40973.0,8666915.3,-1,BHL
2026-08-05,212.0,212.5,210.0,211.0,-0.24,41055.0,8669157.5,-1,BHL
2026-08-06,211.0,214.0,209.5,210.0,-0.47,71067.0,14934947.6,-1,BHL
2026-08-07,210.0,210.0,208.0,208.9,-0.52,44962.0,9394674.9,-1,BHL
2026-08-10,209.0,210.0,206.2,206.9,-0.96,68161.0,14108973.9,-1,BHL
2026-08-11,196.6,211.0,196.6,208.0,0.53,50014.0,10399096.9,1,BHL
2026-08-12,208.0,210.0,207.0,207.7,-0.14,23636.0,4921248.3,-1,BHL
2026-07-13,481.0,485.0,453.0,467.5,-4.4,7903.0,3704514.4,-1,BHPL
2026-07-14,480.0,480.0,449.0,479.0,2.46,10369.0,4784958.5,-1,BHPL
2026-07-15,471.0,479.9,469.1,469.2,-2.05,2163.0,1022102.7,-1,BHPL
2026-07-16,469.2,469.2,458.0,458.3,-2.32,5513.0,2535788.7,-1,BHPL
2026-07-17,471.0,490.0,471.0,489.0,6.7,8419.0,4029443.0,1,BHPL
2026-07-20,489.0,499.0,486.1,486.1,-0.59,4788.0,2352418.4,-1,BHPL
2026-07-21,510.0,510.0,485.0,504.0,3.68,18593.0,9235623.0,-1,BHPL
2026-07-22,490.0,502.0,490.0,495.9,-1.61,7959.0,3926920.0,1,BHPL
2026-07-23,504.9,504.9,487.0,491.0,-0.99,2567.0,1266948.0,-1,BHPL
2026-07-24,490.0,500.0,486.0,486.6,-0.9,5700.0,2786518.6,-1,BHPL
2026-07-27,465.0,493.5,465.0,480.1,-1.34,5423.0,2644167.6,1,BHPL
2026-07-28,504.1,504.1,470.1,483.0,0.6,5349.0,2574350.1,-1,BHPL
2026-07-29,489.0,489.0,468.6,472.1,-2.26,5072.0,2410468.6,-1,BHPL
2026-07-30,476.0,477.0,465.0,466.3,-1.23,3538.0,1661618.2,-1,BHPL
2026-07-31,450.0,488.2,450.0,480.0,2.94,4825.0,2255503.6,1,BHPL
2026-08-03,480.0,490.0,471.0,479.0,-0.21,5595.0,2673939.5,-1,BHPL
2026-08-04,470.0,484.0,470.0,483.0,0.84,9291.0,4419615.6,1,BHPL
2026-08-05,472.2,497.4,470.0,497.0,2.9,11994.0,5845574.6,1,BHPL
2026-08-06,521.0,521.0,487.0,499.0,0.4,5470.0,2690700.2,-1,BHPL
2026-08-07,523.0,523.0,480.0,497.0,-0.4,7298.0,3533740.7,-1,BHPL
2026-08-10,490.0,495.0,480.1,482.5,-2.92,3914.0,1887650.1,-1,BHPL
2026-08-11,475.0,499.0,473.1,499.0,3.42,6066.0,2933547.6,1,BHPL
2026-08-12,499.0,499.0,483.0,485.0,-2.81,1640.0,798885.0,-1,BHPL
2026-07-13,705.0,705.0,653.0,657.0,-6.12,8913.0,5938076.5,-1,BJHL
2026-07-14,650.0,688.0,608.2,679.9,3.49,10135.0,6575733.9,1,BJHL
2026-07-15,679.0,715.0,663.0,712.0,4.72,8116.0,5634198.0,1,BJHL
2026-07-16,702.0,721.0,680.0,681.0,-4.35,3138.0,2166438.0,-1,BJHL
2026-07-17,700.0,783.0,690.0,754.0,10.72,9376.0,6811596.0,1,BJHL
2026-07-20,762.9,808.0,742.2,808.0,7.16,7678.0,5950895.4,1,BJHL
2026-07-21,808.0,824.0,767.0,771.0,-4.58,13838.0,10919169.3,-1,BJHL
2026-07-22,794.0,794.0,750.6,756.1,-1.93,8067.0,6136476.8,-1,BJHL
2026-07-23,719.0,792.0,719.0,790.0,4.48,33953.0,26130015.4,1,BJHL
2026-07-24,780.5,810.0,770.0,793.0,0.38,28911.0,22658406.3,1,BJHL
2026-07-27,770.4,793.0,718.0,746.0,-5.93,20654.0,15496348.5,-1,BJHL
2026-07-28,725.0,765.8,725.0,745.0,-0.13,7654.0,5723371.0,1,BJHL
2026-07-29,746.0,793.0,710.0,724.5,-2.75,12310.0,8948865.1,-1,BJHL
2026-07-30,688.3,730.0,688.3,716.0,-1.17,9417.0,6736500.4,1,BJHL
2026-07-31,700.0,731.3,700.0,731.3,2.14,4577.0,3265034.0,1,BJHL
2026-08-03,731.0,748.0,695.0,719.0,-1.68,10916.0,7839169.1,-1,BJHL
2026-08-04,699.0,730.0,690.0,705.0,-1.95,6625.0,4643714.9,1,BJHL
2026-08-05,670.0,726.5,670.0,700.0,-0.71,11305.0,7998361.0,1,BJHL
2026-08-06,670.0,710.8,670.0,704.0,0.57,6902.0,4794074.8,1,BJHL
2026-08-07,700.0,700.0,683.4,694.0,-1.42,4666.0,3212152.0,-1,BJHL
2026-08-10,694.0,694.0,660.0,670.0,-3.46,8460.0,5686291.8,-1,BJHL
2026-08-11,637.0,695.0,637.0,681.0,1.64,8696.0,5939699.0,1,BJHL
2026-08-12,681.0,692.0,677.1,684.0,0.44,7016.0,4774199.9,1,BJHL
2026-07-13,282.4,298.0,273.0,275.0,-7.47,83916.0,23713282.3,-1,BNHC
2026-07-14,261.3,281.0,261.3,277.0,0.73,84847.0,22741435.5,1,BNHC
2026-07-15,271.3,284.0,270.0,284.0,2.53,31776.0,8724822.6,1,BNHC
2026-07-16,293.4,295.0,273.0,278.0,-2.11,33568.0,9360949.5,-1,BNHC
2026-07-17,286.0,290.0,280.0,289.9,4.28,26202.0,7481251.3,1,BNHC
2026-07-20,284.0,299.9,281.4,298.0,2.79,48388.0,14240831.7,1,BNHC
2026-07-21,299.0,301.9,291.1,294.0,-1.34,61070.0,18047442.2,-1,BNHC
2026-07-22,290.4,296.9,290.4,296.9,0.99,26437.0,7778039.2,1,BNHC
2026-07-23,296.9,296.9,288.7,295.0,-0.64,39381.0,11505297.6,-1,BNHC
2026-07-24,297.0,298.8,292.2,297.0,0.68,25926.0,7658260.9,0,BNHC
2026-07-27,305.9,305.9,286.5,289.9,-2.39,20853.0,6049880.7,-1,BNHC
2026-07-28,286.7,291.0,284.1,287.0,-1.0,16311.0,4671934.1,1,BNHC
2026-07-29,278.4,289.9,278.4,285.8,-0.42,15053.0,4290696.4,1,BNHC
2026-07-30,280.3,287.0,280.0,283.7,-0.73,10658.0,3006520.3,1,BNHC
2026-07-31,283.0,283.9,279.0,282.0,-0.6,13889.0,3891271.6,-1,BNHC
2026-08-03,282.0,284.9,279.3,281.0,-0.35,13287.0,3727509.1,-1,BNHC
2026-08-04,275.0,281.0,275.0,278.0,-1.07,30086.0,8360412.0,1,BNHC
2026-08-05,278.0,291.0,277.2,291.0,4.68,41465.0,11740849.3,1,BNHC
2026-08-06,291.0,301.0,290.0,291.0,0.0,85327.0,25279265.0,0,BNHC
2026-08-07,297.6,297.6,285.5,286.2,-1.65,28624.0,8230969.3,-1,BNHC
2026-08-10,287.0,290.0,281.0,282.0,-1.47,9682.0,2737311.7,-1,BNHC
2026-08-11,267.9,289.9,267.9,284.5,0.89,16371.0,4626570.3,1,BNHC
2026-08-12,290.0,290.0,280.1,281.6,-1.02,12650.0,3561571.9,-1,BNHC
2026-07-13,11551.0,11551.0,11551.0,11551.0,0.01,20.0,231020.0,0,BNT
2026-07-15,11699.9,11700.0,11699.9,11700.0,1.29,20.0,233999.0,1,BNT
2026-07-16,11750.0,11750.0,11610.0,11610.0,-0.77,120.0,1403600.0,-1,BNT
2026-07-17,11650.0,11651.0,11650.0,11650.0,0.34,70.0,815510.0,0,BNT
2026-07-20,11701.0,11800.0,11701.0,11800.0,1.29,85.0,998520.0,1,BNT
2026-07-21,11800.0,11800.0,11621.0,11621.0,-1.52,20.0,234210.0,-1,BNT
2026-07-22,11573.0,11573.0,11571.0,11571.0,-0.43,30.0,347160.0,-1,BNT
2026-07-23,11578.1,11578.1,11578.1,11578.1,0.06,25.0,289452.5,0,BNT
2026-07-24,11532.2,11532.2,11532.2,11532.2,-0.4,19.0,219111.8,0,BNT
2026-07-27,11878.0,11878.0,11650.0,11652.0,1.04,80.0,936600.0,-1,BNT
2026-07-28,11600.6,11750.0,11600.6,11620.1,-0.27,59.0,690457.0,1,BNT
2026-07-29,11750.0,11750.0,11750.0,11750.0,1.12,20.0,235000.0,0,BNT
2026-07-30,11750.0,11850.0,11620.0,11620.0,-1.11,304.0,3557054.0,-1,BNT
2026-07-31,11300.0,11300.0,11000.5,11000.5,-5.33,25.0,278007.5,-1,BNT
2026-08-04,11000.5,11330.5,11000.5,11330.5,3.0,26.0,294260.1,1,BNT
2026-08-05,11670.0,11700.0,11600.0,11700.0,3.26,90.0,1048700.0,1,BNT
2026-08-06,11610.0,11610.0,11610.0,11610.0,-0.77,25.0,290250.0,0,BNT
2026-08-07,11645.0,11645.0,11645.0,11645.0,0.3,10.0,116450.0,0,BNT
2026-08-10,11645.0,11645.0,11550.1,11550.1,-0.81,65.0,750006.0,-1,BNT
2026-08-11,11550.0,11550.0,11500.2,11550.0,0.0,40.0,461012.0,0,BNT
2026-08-12,11550.0,11600.0,11550.0,11600.0,0.43,110.0,1275500.0,1,BNT
2026-07-13,650.0,650.0,631.0,647.9,-0.32,29331.0,18653645.8,-1,BPCL
2026-07-14,680.0,680.0,638.0,638.0,-1.53,27855.0,18117091.5,-1,BPCL
2026-07-15,649.0,650.0,640.3,643.0,0.78,12870.0,8286897.6,-1,BPCL
2026-07-16,612.0,668.0,612.0,668.0,3.89,37996.0,24677132.7,1,BPCL
2026-07-17,650.0,674.9,650.0,671.0,0.45,31635.0,21126401.6,1,BPCL
2026-07-20,679.8,680.0,669.0,675.0,0.6,43844.0,29582854.0,-1,BPCL
2026-07-21,663.0,689.9,659.8,673.0,-0.3,41027.0,27598426.9,1,BPCL
2026-07-22,640.0,677.9,640.0,671.8,-0.18,24712.0,16462005.5,1,BPCL
2026-07-23,705.3,705.3,656.0,670.9,-0.13,19529.0,13010574.1,-1,BPCL
2026-07-24,660.2,674.0,660.0,665.0,-0.88,34471.0,22848555.2,1,BPCL
2026-07-27,645.1,677.0,645.1,665.0,0.0,17921.0,11843090.7,1,BPCL
2026-07-28,665.0,666.9,655.6,660.0,-0.75,9502.0,6262465.0,-1,BPCL
2026-07-29,660.0,661.0,650.2,660.0,0.0,22240.0,14531282.4,0,BPCL
2026-07-30,693.0,693.0,645.0,650.0,-1.52,22963.0,14887351.6,-1,BPCL
2026-07-31,645.0,658.0,640.1,655.5,0.85,20139.0,13011026.0,1,BPCL
2026-08-03,636.1,658.0,636.1,656.5,0.15,12784.0,8331570.9,1,BPCL
2026-08-04,659.0,659.0,645.0,645.0,-1.75,19339.0,12617815.8,-1,BPCL
2026-08-05,647.1,658.0,645.0,654.0,1.4,14494.0,9428685.8,1,BPCL
2026-08-06,645.0,658.0,644.0,653.0,-0.15,31224.0,20281882.3,1,BPCL
2026-08-07,648.0,651.5,646.0,650.0,-0.46,3243.0,2103326.8,1,BPCL
2026-08-10,650.0,650.0,638.0,649.8,-0.03,17280.0,11091989.5,-1,BPCL
2026-08-11,650.0,651.0,642.0,647.0,-0.43,9518.0,6141675.6,-1,BPCL
2026-08-12,653.0,706.4,643.0,655.0,1.24,22253.0,14515230.2,1,BPCL
2026-07-13,616.9,616.9,568.5,575.0,-4.18,36819.0,21415686.0,-1,BUNGAL
2026-07-14,575.0,587.0,558.0,575.0,0.0,48150.0,27609204.7,0,BUNGAL
2026-07-15,562.0,580.0,555.8,560.0,-2.61,50118.0,28526979.1,-1,BUNGAL
2026-07-16,571.9,588.8,560.2,585.0,4.46,40201.0,23160857.2,1,BUNGAL
2026-07-17,576.0,625.2,576.0,625.2,6.87,55241.0,33926724.1,1,BUNGAL
2026-07-20,594.0,667.4,594.0,667.0,6.69,92800.0,59489657.4,1,BUNGAL
2026-07-21,638.0,665.0,638.0,638.0,-4.35,74590.0,48154117.2,0,BUNGAL
2026-07-22,607.0,723.0,607.0,705.0,10.5,65595.0,42068325.8,1,BUNGAL
2026-07-23,669.8,669.8,612.1,635.0,-9.93,191406.0,122425656.7,-1,BUNGAL
2026-07-24,635.0,646.0,625.0,634.9,-0.02,59530.0,37698707.7,-1,BUNGAL
2026-07-27,634.9,634.9,600.0,603.0,-5.02,38521.0,23702419.6,-1,BUNGAL
2026-07-28,602.5,613.0,585.2,599.5,-0.58,43141.0,25887587.3,-1,BUNGAL
2026-07-29,599.2,612.0,590.0,593.0,-1.08,26816.0,16022127.3,-1,BUNGAL
2026-07-30,593.0,599.5,585.0,587.0,-1.01,17807.0,10519337.9,-1,BUNGAL
2026-07-31,582.0,597.0,570.2,597.0,1.7,27776.0,16230951.0,1,BUNGAL
2026-08-03,608.0,608.0,590.0,594.9,-0.35,16454.0,9859905.7,-1,BUNGAL
2026-08-04,596.0,596.0,580.0,585.0,-1.66,22883.0,13412950.3,-1,BUNGAL
2026-08-05,599.0,599.0,581.1,588.0,0.51,14366.0,8424319.8,-1,BUNGAL
2026-08-06,588.0,599.0,585.0,585.1,-0.49,20057.0,11842447.6,-1,BUNGAL
2026-08-07,556.0,588.2,556.0,584.8,-0.05,12856.0,7515653.8,1,BUNGAL
2026-08-10,581.0,590.0,580.0,584.0,-0.14,18488.0,10793572.5,1,BUNGAL
2026-08-11,585.0,599.0,585.0,591.0,1.2,25797.0,15255299.1,1,BUNGAL
2026-08-12,591.0,599.9,586.0,588.0,-0.51,10866.0,6399081.3,-1,BUNGAL
2026-07-13,10.1,10.1,9.93,9.93,-0.8,30100.0,301493.0,-1,C30MF
2026-07-14,10.01,10.02,10.01,10.02,0.91,3020.0,30235.7,1,C30MF
2026-07-15,9.73,10.0,9.73,9.75,-2.69,21920.0,216416.8,1,C30MF
2026-07-16,9.75,10.2,9.75,10.2,4.62,740.0,7458.0,1,C30MF
2026-07-17,10.2,10.2,10.2,10.2,0.0,15000.0,153000.0,0,C30MF
2026-07-20,10.0,10.1,10.0,10.02,-1.76,6200.0,62102.0,1,C30MF
2026-07-21,10.0,10.01,10.0,10.01,-0.1,11100.0,111001.0,1,C30MF
2026-07-22,10.0,10.1,10.0,10.09,0.8,13380.0,134764.2,1,C30MF
2026-07-23,10.0,10.22,10.0,10.22,1.29,200.0,2022.0,1,C30MF
2026-07-24,9.92,9.99,9.92,9.96,-2.54,600.0,5972.0,1,C30MF
2026-07-27,9.69,9.7,9.69,9.7,-2.61,300.0,2909.0,1,C30MF
2026-07-28,9.8,10.07,9.8,10.07,3.81,8500.0,85568.0,1,C30MF
2026-07-30,9.8,10.07,9.8,10.07,0.0,10100.0,101680.0,1,C30MF
2026-07-31,10.07,10.07,10.07,10.07,0.0,100.0,1007.0,0,C30MF
2026-08-03,10.1,10.4,10.0,10.1,0.3,289930.0,2930275.0,0,C30MF
2026-08-04,10.01,10.4,10.01,10.09,-0.1,4125.0,42253.75,1,C30MF
2026-08-05,10.25,10.25,10.25,10.25,1.59,550.0,5637.5,0,C30MF
2026-08-06,10.01,10.01,9.75,9.9,-3.41,600.0,5969.0,-1,C30MF
2026-08-10,10.15,10.15,9.91,9.91,0.1,300.0,2997.0,-1,C30MF
2026-08-11,9.97,9.97,9.97,9.97,0.61,1000.0,9970.0,0,C30MF
2026-08-12,10.0,10.0,10.0,10.0,0.3,120.0,1200.0,0,C30MF
2026-07-13,920.0,920.0,909.1,910.0,-0.11,15967.0,14551206.4,-1,CBBL
2026-07-14,910.0,916.9,907.0,914.9,0.54,12815.0,11701497.2,1,CBBL
2026-07-15,918.0,918.0,911.2,916.0,0.12,16222.0,14850818.3,-1,CBBL
2026-07-16,916.0,922.0,912.0,922.0,0.66,18030.0,16525415.5,1,CBBL
2026-07-17,918.0,932.0,918.0,929.0,0.76,12245.0,11350678.9,1,CBBL
2026-07-20,928.0,935.0,926.0,935.0,0.65,14360.0,13359706.2,1,CBBL
2026-07-21,936.0,947.7,935.0,935.0,0.0,27633.0,25998717.9,-1,CBBL
2026-07-22,936.0,939.0,927.0,933.5,-0.16,19042.0,17750689.6,-1,CBBL
2026-07-23,929.1,934.0,929.1,932.0,-0.16,11789.0,10980282.9,1,CBBL
2026-07-24,932.0,940.0,931.9,938.0,0.64,7273.0,6820216.5,1,CBBL
2026-07-27,932.0,945.0,932.0,937.0,-0.11,21752.0,20466404.7,1,CBBL
2026-07-28,937.0,941.0,930.1,940.0,0.32,12282.0,11515503.7,1,CBBL
2026-07-29,940.5,944.0,935.3,938.0,-0.21,13735.0,12887500.9,-1,CBBL
2026-07-30,938.0,943.0,928.0,928.2,-1.04,10317.0,9625454.5,-1,CBBL
2026-07-31,932.8,933.7,927.0,932.0,0.41,14110.0,13126509.6,-1,CBBL
2026-08-03,945.0,945.0,932.1,934.2,0.24,6023.0,5631434.2,-1,CBBL
2026-08-04,934.0,937.0,930.0,935.0,0.09,10998.0,10259019.0,1,CBBL
2026-08-05,940.0,940.0,930.0,930.0,-0.53,6546.0,6101455.3,-1,CBBL
2026-08-06,925.5,935.0,925.1,929.9,-0.01,5944.0,5527772.3,1,CBBL
2026-08-07,929.9,934.9,929.0,929.0,-0.1,7453.0,6934726.5,-1,CBBL
2026-08-10,929.0,930.0,927.0,930.0,0.11,4726.0,4388631.1,1,CBBL
2026-08-11,934.0,934.0,929.0,930.0,0.0,10589.0,9843625.2,-1,CBBL
2026-08-12,928.2,936.0,928.1,933.0,0.32,5915.0,5510656.5,1,CBBL
2026-07-16,1305.0,1305.0,1305.0,1314.0,0.69,5.0,6570.0,1,CBLD88
2026-07-29,1274.6,1274.6,1235.0,1221.0,-7.08,88.0,109501.0,-1,CBLD88
2026-07-30,1201.0,1205.0,1200.0,1200.0,-1.72,54.0,64930.0,-1,CBLD88
2026-07-31,1180.0,1187.0,1180.0,1187.0,-1.08,50.0,59175.0,1,CBLD88
2026-08-03,1187.0,1187.0,1161.8,1196.6,0.81,33.0,38412.0,1,CBLD88
2026-08-04,1196.6,1196.6,1196.6,1172.1,-2.05,3.0,3448.1,-1,CBLD88
2026-08-05,1172.1,1182.8,1148.4,1170.0,-0.18,54.0,62795.0,-1,CBLD88
2026-08-06,1170.0,1170.0,1170.0,1150.0,-1.71,6.0,6830.0,-1,CBLD88
2026-08-07,1162.0,1162.0,1162.0,1230.0,6.96,8040.0,9342684.0,1,CBLD88
2026-08-10,1230.0,1230.0,1195.0,1250.0,1.63,26.0,31125.0,1,CBLD88
2026-08-11,1238.0,1238.0,1238.0,1238.0,-0.96,8075.0,9996850.0,0,CBLD88
2026-07-13,607.0,615.0,590.0,600.1,-1.62,156070.0,93901289.3,-1,CFCL
2026-07-14,610.0,610.0,590.0,604.5,0.73,47824.0,28857071.0,-1,CFCL
2026-07-15,634.7,634.7,592.0,609.9,0.89,49009.0,29895545.1,-1,CFCL
2026-07-16,604.0,616.0,604.0,608.9,-0.16,36063.0,22003260.6,1,CFCL
2026-07-17,614.7,631.8,607.0,631.6,3.73,123942.0,77658529.6,1,CFCL
2026-07-20,601.0,640.8,601.0,636.0,0.7,69994.0,44367240.8,1,CFCL
2026-07-21,605.0,647.0,605.0,633.0,-0.47,110669.0,70593090.5,1,CFCL
2026-07-22,602.0,650.8,602.0,641.3,1.31,113396.0,72910401.4,1,CFCL
2026-07-23,610.0,660.0,610.0,649.9,1.34,110432.0,71245102.5,1,CFCL
2026-07-24,627.0,667.0,627.0,657.2,1.12,182999.0,120331669.7,1,CFCL
2026-07-27,624.4,682.8,624.4,660.0,0.43,238752.0,159990517.0,1,CFCL
2026-07-28,627.0,699.0,627.0,654.2,-0.88,413605.0,271417307.0,1,CFCL
2026-07-29,686.0,686.0,641.0,642.5,-1.79,258051.0,167322312.2,-1,CFCL
2026-07-30,611.0,661.7,611.0,660.1,2.74,133292.0,87163901.2,1,CFCL
2026-07-31,627.1,675.0,627.1,662.0,0.29,223631.0,148361078.6,1,CFCL
2026-08-03,629.0,670.0,629.0,660.0,-0.3,133958.0,88986721.0,1,CFCL
2026-08-04,650.0,680.2,650.0,676.0,2.42,222498.0,149158589.8,1,CFCL
2026-08-05,643.0,690.0,643.0,680.0,0.59,243275.0,163834943.5,1,CFCL
2026-08-06,646.0,690.0,646.0,675.0,-0.74,182547.0,123793228.1,1,CFCL
2026-08-07,642.0,675.0,642.0,660.0,-2.22,45130.0,29942884.5,1,CFCL
2026-08-10,639.0,664.0,639.0,656.5,-0.53,79134.0,52115699.2,1,CFCL
2026-08-11,648.1,659.7,648.0,658.0,0.23,76435.0,49851311.6,1,CFCL
2026-08-12,625.1,697.0,625.1,650.0,-1.22,343174.0,224849937.4,1,CFCL
2026-07-13,778.0,778.0,760.0,760.0,-1.94,10461.0,8021399.0,-1,CGH
2026-07-14,751.1,764.0,751.1,762.9,0.38,13989.0,10582335.6,1,CGH
2026-07-15,770.0,773.8,758.1,770.0,0.93,68796.0,52828927.9,0,CGH
2026-07-16,808.5,808.5,755.2,755.2,-1.92,6674.0,5129815.2,-1,CGH
2026-07-17,765.0,784.9,764.0,773.0,2.36,7342.0,5678317.4,1,CGH
2026-07-20,772.0,794.0,772.0,785.0,1.55,11799.0,9253698.3,1,CGH
2026-07-21,786.0,793.0,783.0,783.2,-0.23,6576.0,5181052.0,-1,CGH
2026-07-22,794.8,794.8,776.5,785.0,0.23,6372.0,4976480.7,-1,CGH
2026-07-23,785.0,792.0,773.0,792.0,0.89,19050.0,14835498.7,1,CGH
2026-07-24,793.0,793.0,785.0,787.0,-0.63,7873.0,6194831.0,-1,CGH
2026-07-27,785.0,789.0,780.0,782.0,-0.64,63570.0,49629423.0,-1,CGH
2026-07-28,782.0,790.0,776.5,788.6,0.84,19197.0,14981445.4,1,CGH
2026-07-29,789.0,797.0,787.0,790.0,0.18,12085.0,9544648.7,1,CGH
2026-07-30,790.0,790.0,785.0,786.0,-0.51,3690.0,2904062.7,-1,CGH
2026-07-31,780.0,789.0,777.1,784.0,-0.25,8571.0,6692421.2,1,CGH
2026-08-03,771.1,792.0,771.1,788.9,0.63,8121.0,6405886.2,1,CGH
2026-08-04,780.0,789.0,775.0,782.0,-0.87,2937.0,2293929.3,1,CGH
2026-08-05,782.0,788.9,771.2,778.5,-0.45,5325.0,4135181.5,-1,CGH
2026-08-06,790.0,790.0,778.3,778.3,-0.03,16702.0,13013214.1,-1,CGH
2026-08-07,778.0,799.0,778.0,785.1,0.87,60218.0,47335438.3,1,CGH
2026-08-10,778.0,785.0,775.0,779.9,-0.66,5420.0,4211608.0,1,CGH
2026-08-11,779.9,795.1,775.0,776.3,-0.46,3207.0,2500937.2,-1,CGH
2026-08-12,775.0,780.0,773.4,778.0,0.22,6251.0,4851481.9,1,CGH
2026-07-13,478.0,480.0,475.0,476.0,-0.42,12296.0,5869707.3,-1,CHCL
2026-07-14,499.8,499.8,470.4,477.9,0.4,8353.0,3966676.2,-1,CHCL
2026-07-15,482.0,482.0,476.0,476.1,-0.38,20387.0,9760660.7,-1,CHCL
2026-07-16,477.2,480.0,475.1,475.1,-0.21,14892.0,7085257.6,-1,CHCL
2026-07-17,484.5,490.0,480.0,487.0,2.5,16591.0,8051833.0,1,CHCL
2026-07-20,491.0,500.0,480.0,496.0,1.85,80871.0,39512161.5,1,CHCL
2026-07-21,496.0,496.0,477.4,495.9,-0.02,70099.0,34220809.4,-1,CHCL
2026-07-22,493.0,496.0,480.1,495.2,-0.14,44279.0,21742810.8,1,CHCL
2026-07-23,485.1,495.0,485.1,494.0,-0.24,31454.0,15502322.8,1,CHCL
2026-07-24,494.0,496.5,492.0,494.2,0.04,35710.0,17670134.1,1,CHCL
2026-07-27,495.0,499.5,494.0,496.9,0.55,56689.0,28165580.5,1,CHCL
2026-07-28,490.5,497.4,490.0,497.0,0.02,39946.0,19795300.6,1,CHCL
2026-07-29,496.1,497.2,492.0,494.0,-0.6,79038.0,39081501.2,-1,CHCL
2026-07-30,494.0,495.9,490.0,495.0,0.2,63422.0,31283175.5,1,CHCL
2026-07-31,495.0,497.4,492.0,494.1,-0.18,20369.0,10096071.6,-1,CHCL
2026-08-03,499.9,500.0,493.0,497.5,0.69,57188.0,28479507.7,-1,CHCL
2026-08-04,500.0,500.0,494.0,495.0,-0.5,37504.0,18606983.9,-1,CHCL
2026-08-05,495.0,499.0,490.1,493.0,-0.4,11531.0,5668741.6,-1,CHCL
2026-08-06,494.0,497.9,488.2,492.0,-0.2,9452.0,4628569.6,-1,CHCL
2026-08-07,493.7,493.7,485.1,486.0,-1.22,6116.0,2978407.1,-1,CHCL
2026-08-10,493.0,496.0,484.0,484.0,-0.41,9921.0,4822109.7,-1,CHCL
2026-08-11,490.0,490.0,481.0,482.0,-0.41,20777.0,10016110.2,-1,CHCL
2026-08-12,482.1,486.5,480.0,481.0,-0.21,9938.0,4779120.1,-1,CHCL
2026-07-13,2092.0,2120.0,2066.3,2070.0,-2.22,64512.0,133746727.5,-1,CHDC
2026-07-14,1967.0,2145.0,1967.0,2070.0,0.0,10537.0,21736058.6,1,CHDC
2026-07-15,2118.0,2118.0,2055.0,2070.0,0.0,22240.0,46033683.5,-1,CHDC
2026-07-16,2173.5,2173.5,2052.0,2060.2,-0.47,18516.0,38411053.4,-1,CHDC
2026-07-17,2160.0,2178.0,2072.1,2154.9,4.6,19790.0,42022695.1,-1,CHDC
2026-07-20,2179.0,2219.0,2151.1,2218.0,2.93,19524.0,43019162.5,1,CHDC
2026-07-21,2250.0,2260.0,2200.0,2209.0,-0.41,39734.0,88566690.0,-1,CHDC
2026-07-22,2160.0,2224.7,2160.0,2219.0,0.45,10269.0,22757550.7,1,CHDC
2026-07-23,2200.5,2219.0,2187.1,2205.0,-0.63,8086.0,17796586.4,1,CHDC
2026-07-24,2180.0,2265.0,2180.0,2254.0,2.22,34043.0,76039810.3,1,CHDC
2026-07-27,2267.0,2430.0,2231.2,2300.0,2.04,51266.0,118554977.2,1,CHDC
2026-07-28,2287.1,2329.0,2274.0,2280.0,-0.87,20017.0,45880453.7,-1,CHDC
2026-07-29,2282.0,2339.0,2235.1,2243.0,-1.62,20446.0,46511927.7,-1,CHDC
2026-07-30,2231.0,2255.0,2215.0,2229.9,-0.58,9047.0,20209507.0,-1,CHDC
2026-07-31,2170.0,2243.0,2170.0,2221.9,-0.36,25958.0,57586093.0,1,CHDC
2026-08-03,2248.0,2250.0,2220.0,2225.0,0.14,11759.0,26222119.3,-1,CHDC
2026-08-04,2220.0,2225.0,2205.2,2214.9,-0.45,6100.0,13516449.9,-1,CHDC
2026-08-05,2104.2,2322.0,2104.2,2228.0,0.59,12535.0,27784720.9,1,CHDC
2026-08-06,2228.0,2238.0,2216.0,2218.0,-0.45,20810.0,46257476.0,-1,CHDC
2026-08-07,2207.0,2215.0,2191.1,2200.0,-0.81,7774.0,17123921.2,-1,CHDC
2026-08-10,2191.0,2200.0,2165.1,2165.5,-1.57,5977.0,13018655.4,-1,CHDC
2026-08-11,2170.0,2184.7,2170.0,2176.0,0.48,4674.0,10184953.8,1,CHDC
2026-08-12,2180.0,2251.0,2175.0,2238.0,2.85,18189.0,40310605.6,1,CHDC
2026-07-13,252.0,257.0,251.0,253.0,-0.82,14166.0,3578837.7,1,CHL
2026-07-14,253.0,255.0,250.1,254.7,0.67,20813.0,5271365.0,1,CHL
2026-07-15,256.0,260.0,255.0,257.0,0.9,9126.0,2344086.8,1,CHL
2026-07-16,259.0,260.0,250.0,256.0,-0.39,14841.0,3775400.6,-1,CHL
2026-07-17,259.0,270.0,257.9,265.2,3.59,21363.0,5640910.5,1,CHL
2026-07-20,269.0,277.0,265.0,274.0,3.32,30428.0,8264153.4,1,CHL
2026-07-21,277.0,280.0,270.1,273.5,-0.18,23160.0,6366563.9,-1,CHL
2026-07-22,273.0,274.0,268.0,268.0,-2.01,12159.0,3273089.6,-1,CHL
2026-07-23,268.1,272.5,265.1,266.1,-0.71,14726.0,3942030.5,-1,CHL
2026-07-24,266.2,274.0,266.2,270.0,1.47,10651.0,2868020.3,1,CHL
2026-07-27,283.0,283.0,264.3,267.0,-1.11,11615.0,3110215.0,-1,CHL
2026-07-28,267.0,269.0,260.1,262.0,-1.87,11341.0,2966835.8,-1,CHL
2026-07-29,262.0,265.0,260.0,263.7,0.65,7782.0,2033491.0,1,CHL
2026-07-30,267.0,267.0,256.5,264.0,0.11,24389.0,6342473.5,-1,CHL
2026-07-31,262.6,268.0,260.0,268.0,1.52,15438.0,4059518.0,1,CHL
2026-08-03,268.0,272.0,264.0,266.0,-0.75,13213.0,3553398.6,-1,CHL
2026-08-04,260.2,281.0,260.2,277.8,4.44,72886.0,20036404.6,1,CHL
2026-08-05,280.0,280.7,273.5,274.5,-1.19,29174.0,8059968.5,-1,CHL
2026-08-06,266.0,279.0,266.0,270.0,-1.64,26406.0,7171839.3,1,CHL
2026-08-07,265.0,269.8,258.0,268.0,-0.74,23013.0,6112128.5,1,CHL
2026-08-10,260.0,270.0,260.0,267.9,-0.04,13425.0,3560757.8,1,CHL
2026-08-11,260.0,270.0,260.0,267.3,-0.22,16580.0,4410354.8,1,CHL
2026-08-12,260.0,267.8,260.0,264.0,-1.23,9457.0,2502193.9,1,CHL
2026-07-13,1680.1,1686.0,1650.1,1675.0,-0.53,4296.0,7174310.0,-1,CIT
2026-07-14,1680.0,1682.9,1665.0,1681.9,0.41,4503.0,7537315.2,1,CIT
2026-07-15,1680.0,1695.0,1670.1,1670.1,-0.7,5708.0,9585256.6,-1,CIT
2026-07-16,1689.0,1689.0,1666.0,1670.0,-0.01,3427.0,5729925.0,-1,CIT
2026-07-17,1679.0,1698.0,1675.0,1697.0,1.62,4443.0,7525453.0,1,CIT
2026-07-20,1698.0,1712.7,1672.0,1710.0,0.77,4561.0,7774887.1,1,CIT
2026-07-21,1715.0,1751.0,1713.0,1730.1,1.18,5887.0,10206022.5,1,CIT
2026-07-22,1730.5,1732.0,1710.0,1724.0,-0.35,4080.0,7019182.5,-1,CIT
2026-07-23,1739.9,1739.9,1706.0,1724.8,0.05,2666.0,4595693.4,-1,CIT
2026-07-24,1724.0,1745.0,1724.0,1734.0,0.53,4293.0,7442512.1,1,CIT
2026-07-27,1734.0,1747.0,1720.0,1721.0,-0.75,4295.0,7440563.9,-1,CIT
2026-07-28,1720.0,1721.0,1717.0,1717.0,-0.23,2704.0,4647275.4,-1,CIT
2026-07-29,1717.0,1724.0,1710.0,1720.0,0.17,2184.0,3755256.5,1,CIT
2026-07-30,1710.0,1724.9,1710.0,1716.0,-0.23,1962.0,3366832.5,1,CIT
2026-07-31,1726.0,1726.0,1701.0,1715.0,-0.06,4400.0,7530482.8,-1,CIT
2026-08-03,1700.0,1739.9,1700.0,1720.0,0.29,1698.0,2917632.7,1,CIT
2026-08-04,1710.0,1720.0,1710.0,1714.9,-0.3,2138.0,3665224.4,1,CIT
2026-08-05,1720.0,1720.0,1698.0,1710.1,-0.28,2849.0,4864105.4,-1,CIT
2026-08-06,1711.0,1722.0,1700.0,1710.0,-0.01,1738.0,2971462.2,-1,CIT
2026-08-07,1719.0,1719.0,1706.0,1709.9,-0.01,5291.0,9036158.7,-1,CIT
2026-08-10,1710.1,1718.0,1695.0,1700.0,-0.58,3577.0,6076283.0,-1,CIT
2026-08-11,1700.0,1710.0,1700.0,1703.0,0.18,4433.0,7557490.9,1,CIT
2026-08-12,1709.9,1709.9,1700.0,1704.7,0.1,3114.0,5301832.6,-1,CIT
2026-07-13,353.1,361.6,345.0,345.0,-3.31,160589.0,56348769.2,-1,CITY
2026-07-14,327.8,351.0,327.8,343.0,-0.58,190162.0,65264070.4,1,CITY
2026-07-15,349.8,354.0,342.0,346.0,0.87,90311.0,31328324.7,-1,CITY
2026-07-16,352.0,352.0,341.0,341.1,-1.42,96039.0,33144691.5,-1,CITY
2026-07-17,346.0,384.7,344.3,382.0,11.99,216050.0,79762662.2,1,CITY
2026-07-20,390.0,391.3,372.0,386.0,1.05,207043.0,79682618.4,-1,CITY
2026-07-21,389.0,389.8,375.4,377.0,-2.33,207128.0,79014903.0,-1,CITY
2026-07-22,375.6,400.0,375.0,390.0,3.45,399404.0,156117622.8,1,CITY
2026-07-23,390.0,393.8,382.1,389.0,-0.26,98452.0,38113753.6,-1,CITY
2026-07-24,389.0,394.0,386.0,387.0,-0.51,117929.0,45879105.5,-1,CITY
2026-07-27,380.0,387.0,370.1,372.7,-3.7,144143.0,54247953.2,-1,CITY
2026-07-28,372.0,377.0,365.1,369.0,-0.99,103345.0,38268368.7,-1,CITY
2026-07-29,357.4,378.0,357.4,370.0,0.27,69481.0,25706912.0,1,CITY
2026-07-30,374.0,374.0,362.1,366.8,-0.86,84701.0,30919248.6,-1,CITY
2026-07-31,348.5,372.0,348.5,368.2,0.38,72331.0,26563930.2,1,CITY
2026-08-03,371.0,374.0,367.0,369.0,0.22,52443.0,19392604.1,-1,CITY
2026-08-04,366.0,370.0,364.4,367.1,-0.51,124938.0,45771489.1,1,CITY
2026-08-05,348.8,379.0,348.8,378.9,3.21,121792.0,45663322.6,1,CITY
2026-08-06,390.0,390.0,371.3,374.0,-1.29,82999.0,31369333.2,-1,CITY
2026-08-07,356.0,375.9,356.0,371.0,-0.8,100371.0,37291700.9,1,CITY
2026-08-10,370.0,380.0,365.4,367.0,-1.08,60858.0,22455296.7,-1,CITY
2026-08-11,365.0,400.0,365.0,370.5,0.95,67765.0,25200514.5,1,CITY
2026-08-12,366.1,374.9,366.0,372.0,0.4,89313.0,33035725.1,1,CITY
2026-07-13,1188.3,1189.6,1155.0,1175.0,-4.08,1295.0,1511164.5,-1,CIZBD90
2026-07-14,1175.0,1210.0,1173.7,1210.0,2.98,3920.0,4688113.7,1,CIZBD90
2026-07-15,1224.0,1230.0,1224.0,1230.0,1.65,215.0,263849.0,1,CIZBD90
2026-07-16,1225.0,1245.0,1210.0,1210.0,-1.63,101780.0,126688876.5,-1,CIZBD90
2026-07-17,1175.0,1175.0,1175.0,1175.0,-2.89,1900.0,2232500.0,0,CIZBD90
2026-07-21,1177.0,1215.0,1177.0,1215.0,3.4,75.0,89300.0,1,CIZBD90
2026-07-23,1215.0,1240.0,1215.0,1240.0,2.06,450.0,550925.0,1,CIZBD90
2026-07-28,1211.0,1220.0,1211.0,1211.0,-2.34,145.0,175780.0,0,CIZBD90
2026-08-05,1190.0,1190.0,1190.0,1190.0,-1.73,25.0,29750.0,0,CIZBD90
2026-08-10,1225.0,1225.7,1225.0,1225.7,3.0,125.0,153205.2,1,CIZBD90
2026-08-11,1220.0,1220.0,1220.0,1220.0,-0.47,25.0,30500.0,0,CIZBD90
2026-07-13,577.0,577.0,530.0,539.0,-4.09,18075.0,9632840.2,-1,CKHL
2026-07-14,525.0,542.5,525.0,542.5,0.65,915.0,486156.0,1,CKHL
2026-07-15,542.5,558.0,532.0,558.0,2.86,904.0,494109.8,1,CKHL
2026-07-16,531.0,638.0,531.0,638.0,14.34,32751.0,20025005.0,1,CKHL
2026-07-17,618.9,676.0,582.4,614.0,-3.76,5357.0,3335803.5,-1,CKHL
2026-07-20,630.0,648.9,612.1,648.9,5.68,2519.0,1576708.9,1,CKHL
2026-07-21,635.0,649.9,615.0,620.1,-4.44,3014.0,1902685.7,-1,CKHL
2026-07-22,607.1,629.2,593.7,604.9,-2.45,15236.0,9101177.1,-1,CKHL
2026-07-23,622.9,623.0,589.0,622.0,2.83,318.0,190083.8,-1,CKHL
2026-07-24,603.4,620.0,603.4,618.0,-0.64,3274.0,2002269.8,1,CKHL
2026-07-27,588.0,621.0,588.0,614.7,-0.53,2395.0,1447865.5,1,CKHL
2026-07-28,602.0,607.7,580.0,607.7,-1.14,3742.0,2195911.1,1,CKHL
2026-07-29,589.5,624.0,572.0,585.0,-3.74,1497.0,885381.4,-1,CKHL
2026-07-30,585.0,601.5,571.0,588.0,0.51,273.0,158297.8,1,CKHL
2026-07-31,570.4,605.6,570.4,605.6,2.99,943.0,548584.6,1,CKHL
2026-08-03,604.0,606.9,586.9,597.0,-1.42,12069.0,7200921.0,-1,CKHL
2026-08-04,579.1,593.3,575.1,593.3,-0.62,715.0,414241.2,1,CKHL
2026-08-05,575.8,593.0,575.8,592.9,-0.07,1290.0,755837.4,1,CKHL
2026-08-06,575.2,581.9,575.2,578.2,-2.48,633.0,365931.1,1,CKHL
2026-08-07,561.5,585.0,561.5,584.0,1.0,672.0,388751.2,1,CKHL
2026-08-10,593.9,600.0,568.5,581.0,-0.51,16440.0,9390262.0,-1,CKHL
2026-08-11,565.0,621.6,565.0,599.0,3.1,21398.0,12314478.0,1,CKHL
2026-08-12,582.0,609.0,571.0,609.0,1.67,1641.0,976515.0,1,CKHL
2026-07-13,444.0,450.0,435.1,436.0,-2.0,17029.0,7490617.4,-1,CLI
2026-07-14,436.0,442.0,429.3,436.0,0.0,10212.0,4437540.8,0,CLI
2026-07-15,434.1,442.0,434.1,438.9,0.67,11976.0,5266443.1,1,CLI
2026-07-16,435.0,443.0,435.0,435.1,-0.87,4932.0,2153801.7,1,CLI
2026-07-17,435.1,457.0,433.0,451.0,3.65,4003.0,1785067.6,1,CLI
2026-07-20,450.0,457.9,441.0,457.5,1.44,10614.0,4818859.3,1,CLI
2026-07-21,464.6,464.6,450.3,451.5,-1.31,13496.0,6132140.8,-1,CLI
2026-07-22,429.0,453.0,429.0,450.0,-0.33,5568.0,2494797.6,1,CLI
2026-07-23,442.2,455.0,442.0,455.0,1.11,10896.0,4890454.9,1,CLI
2026-07-24,443.3,460.2,443.3,454.0,-0.22,11247.0,5119860.8,1,CLI
2026-07-27,450.3,459.9,450.3,453.0,-0.22,29516.0,13456135.3,1,CLI
2026-07-28,445.5,454.0,445.5,450.0,-0.66,4683.0,2101576.8,1,CLI
2026-07-29,441.0,455.0,441.0,447.0,-0.67,14371.0,6399271.9,1,CLI
2026-07-30,425.0,446.1,425.0,444.3,-0.6,6750.0,3006190.4,1,CLI
2026-07-31,441.0,448.0,441.0,448.0,0.83,9671.0,4282178.7,1,CLI
2026-08-03,442.0,450.0,442.0,448.5,0.11,6668.0,2973241.3,1,CLI
2026-08-04,444.0,445.2,443.0,443.0,-1.23,4862.0,2160480.3,-1,CLI
2026-08-05,443.0,448.0,441.6,445.8,0.63,6235.0,2768122.7,1,CLI
2026-08-06,442.0,445.0,440.0,440.1,-1.28,6652.0,2938733.0,-1,CLI
2026-08-07,440.0,446.0,435.1,443.9,0.86,18558.0,8151631.2,1,CLI
2026-08-10,442.0,442.0,436.3,440.0,-0.88,4963.0,2179565.9,-1,CLI
2026-08-11,435.2,439.9,435.0,437.2,-0.64,6889.0,3007544.3,1,CLI
2026-08-12,437.2,437.2,430.0,432.0,-1.19,21143.0,9151137.3,-1,CLI
2026-07-13,1600.0,1800.0,1560.0,1600.0,-2.85,23018.0,37074890.4,0,CORBL
2026-07-14,1550.0,1799.0,1550.0,1550.0,-3.13,37992.0,60723805.7,0,CORBL
2026-07-15,1627.5,1750.0,1502.6,1750.0,12.9,60676.0,94295436.7,1,CORBL
2026-07-16,1662.5,1662.5,1487.5,1596.5,-8.77,89801.0,137317275.0,-1,CORBL
2026-07-17,1516.7,1543.0,1437.6,1530.0,-4.17,119131.0,177369790.9,1,CORBL
2026-07-20,1490.0,1640.0,1416.2,1498.0,-2.09,129543.0,190810178.7,1,CORBL
2026-07-21,1450.0,1450.0,1393.3,1400.0,-6.54,110145.0,156812187.3,-1,CORBL
2026-07-22,1390.0,1555.0,1282.0,1439.0,2.79,80525.0,112327498.8,1,CORBL
2026-07-23,1400.0,1610.0,1348.3,1440.0,0.07,99429.0,138743991.5,1,CORBL
2026-07-24,1380.0,1590.0,1333.8,1549.0,7.57,124853.0,172906462.7,1,CORBL
2026-07-27,1471.6,1471.6,1330.0,1399.9,-9.63,69345.0,96135864.1,-1,CORBL
2026-07-28,1380.0,1386.8,1315.4,1377.9,-1.57,65277.0,87940961.6,-1,CORBL
2026-07-29,1350.0,1350.0,1200.0,1317.0,-4.42,137425.0,177568441.3,-1,CORBL
2026-07-30,1382.8,1382.8,1147.0,1155.0,-12.3,126446.0,153323966.0,-1,CORBL
2026-07-31,1150.0,1189.0,1050.0,1120.0,-3.03,98227.0,108797854.0,-1,CORBL
2026-08-03,1100.0,1135.0,1090.0,1115.0,-0.45,33883.0,37580402.7,1,CORBL
2026-08-04,1115.0,1115.0,1068.1,1070.5,-3.99,41705.0,45364969.8,-1,CORBL
2026-08-05,1070.0,1088.0,1020.0,1035.0,-3.32,48129.0,50447893.1,-1,CORBL
2026-08-06,990.0,1049.0,965.0,1025.0,-0.97,88936.0,88708019.3,1,CORBL
2026-08-07,1035.0,1068.0,1004.0,1065.0,3.9,28501.0,29770824.9,1,CORBL
2026-08-10,1065.1,1163.9,1051.0,1155.2,8.47,67629.0,76498433.0,1,CORBL
2026-08-11,1150.0,1190.0,1120.0,1140.0,-1.32,36057.0,41891086.9,-1,CORBL
2026-08-12,1174.0,1174.0,1070.0,1086.0,-4.74,38077.0,41892202.2,-1,CORBL
2026-07-13,1175.0,1199.9,1165.0,1175.0,-1.24,7105.0,8320199.0,0,CREST
2026-07-14,1200.0,1200.0,1150.1,1174.9,-0.01,10925.0,12624107.9,-1,CREST
2026-07-15,1150.0,1205.0,1140.0,1186.9,1.02,6693.0,7842039.2,1,CREST
2026-07-16,1186.9,1186.9,1150.0,1174.7,-1.03,6005.0,6964118.7,-1,CREST
2026-07-17,1150.0,1214.7,1150.0,1214.7,3.41,11484.0,13782433.3,1,CREST
2026-07-20,1198.0,1338.0,1143.8,1219.8,0.42,25368.0,30344664.6,1,CREST
2026-07-21,1205.0,1244.8,1173.0,1239.7,1.63,13937.0,17104696.6,1,CREST
2026-07-22,1220.0,1266.0,1160.0,1222.0,-1.43,10216.0,12418996.0,1,CREST
2026-07-23,1205.0,1273.0,1173.0,1201.0,-1.72,14145.0,17167943.4,-1,CREST
2026-07-24,1195.0,1300.0,1179.0,1228.9,2.32,13501.0,16224475.5,1,CREST
2026-07-27,1290.3,1290.3,1200.2,1200.3,-2.33,8738.0,10564302.4,-1,CREST
2026-07-28,1195.0,1230.0,1165.0,1197.9,-0.2,3362.0,4027275.0,1,CREST
2026-07-29,1190.0,1256.0,1160.0,1199.7,0.15,9303.0,11061192.0,1,CREST
2026-07-30,1190.0,1224.9,1160.0,1193.0,-0.56,3224.0,3815124.0,1,CREST
2026-07-31,1252.6,1252.6,1174.1,1190.0,-0.25,9053.0,10666776.6,-1,CREST
2026-08-03,1184.0,1215.0,1150.1,1195.0,0.42,12935.0,15371773.3,1,CREST
2026-08-04,1184.0,1298.8,1161.0,1199.7,0.39,15749.0,18638998.1,1,CREST
2026-08-05,1199.0,1213.0,1178.1,1194.9,-0.4,2332.0,2767082.0,-1,CREST
2026-08-06,1254.6,1254.6,1175.0,1194.0,-0.08,3873.0,4571900.8,-1,CREST
2026-08-07,1253.7,1253.7,1160.0,1189.0,-0.42,6706.0,7882424.9,-1,CREST
2026-08-10,1174.0,1244.0,1140.0,1179.7,-0.78,4497.0,5294540.4,1,CREST
2026-08-11,1172.0,1230.0,1160.0,1188.0,0.7,15159.0,17805782.0,1,CREST
2026-08-12,1247.4,1247.4,1170.0,1185.0,-0.25,4136.0,4850995.8,-1,CREST
2026-07-13,9.01,9.2,9.01,9.01,-0.44,1700.0,15377.0,0,CSY
2026-07-14,9.0,9.12,8.9,9.12,1.22,3900.0,35110.0,1,CSY
2026-07-15,9.0,9.27,9.0,9.06,-0.66,7300.0,66735.0,1,CSY
2026-07-16,9.06,9.06,9.01,9.02,-0.44,8920.0,80550.9,-1,CSY
2026-07-17,9.0,9.27,9.0,9.03,0.11,2300.0,20786.0,1,CSY
2026-07-20,8.78,9.31,8.78,9.3,2.99,4900.0,45070.0,1,CSY
2026-07-21,9.03,9.2,9.03,9.1,-2.15,9948.0,91366.6,1,CSY
2026-07-22,9.1,9.32,9.0,9.32,2.42,12484.0,115882.08,1,CSY
2026-07-23,9.05,9.38,9.05,9.12,-2.15,3950.0,36190.0,1,CSY
2026-07-24,8.93,9.34,8.93,9.06,-0.66,17602.0,161430.6,1,CSY
2026-07-27,9.06,9.35,9.0,9.05,-0.11,18899.0,175664.65,-1,CSY
2026-07-28,9.05,9.3,9.02,9.25,2.21,2350.0,21652.5,1,CSY
2026-07-29,9.01,9.3,9.01,9.01,-2.59,5480.0,50254.0,0,CSY
2026-07-30,9.0,9.28,9.0,9.02,0.11,3750.0,33950.0,1,CSY
2026-07-31,9.1,9.34,9.03,9.34,3.55,24577.0,228843.42,1,CSY
2026-08-03,9.06,9.3,9.06,9.3,-0.43,920.0,8377.4,1,CSY
2026-08-04,9.03,9.3,9.03,9.05,-2.69,5700.0,51905.0,1,CSY
2026-08-05,9.05,9.15,9.0,9.06,0.11,5030.0,45516.2,1,CSY
2026-08-06,9.0,9.33,9.0,9.02,-0.44,5464.0,50021.28,1,CSY
2026-08-07,9.0,9.2,8.82,8.85,-1.88,29643.0,266010.99,-1,CSY
2026-08-10,8.6,9.0,8.6,8.88,0.34,12599.0,111334.39,1,CSY
2026-08-11,8.9,9.35,8.87,8.87,-0.11,4600.0,41904.0,-1,CSY
2026-08-12,8.87,9.35,8.85,9.07,2.25,4000.0,35940.0,1,CSY
2026-07-13,1301.1,1335.0,1280.0,1330.0,0.76,1819.0,2360674.9,1,CYCL
2026-07-14,1300.1,1344.0,1300.0,1344.0,1.05,1319.0,1724721.0,1,CYCL
2026-07-15,1335.0,1340.0,1310.5,1310.5,-2.49,674.0,888675.5,-1,CYCL
2026-07-16,1320.0,1330.0,1300.3,1328.0,1.34,384.0,503055.3,1,CYCL
2026-07-17,1328.0,1390.0,1328.0,1360.0,2.41,1228.0,1661170.7,1,CYCL
2026-07-20,1378.9,1380.0,1346.5,1360.0,0.0,956.0,1296709.2,-1,CYCL
2026-07-21,1337.0,1399.9,1337.0,1385.0,1.84,1045.0,1440410.4,1,CYCL
2026-07-22,1356.0,1375.0,1350.0,1375.0,-0.72,400.0,542053.8,1,CYCL
2026-07-23,1397.9,1397.9,1345.0,1370.0,-0.36,704.0,952422.4,-1,CYCL
2026-07-24,1370.0,1394.0,1355.0,1376.0,0.44,1100.0,1491196.2,1,CYCL
2026-07-27,1345.0,1368.9,1345.0,1355.0,-1.53,629.0,848446.4,1,CYCL
2026-07-28,1391.0,1393.0,1340.0,1360.0,0.37,582.0,787486.4,-1,CYCL
2026-07-29,1360.0,1360.0,1327.0,1327.0,-2.43,664.0,886475.1,-1,CYCL
2026-07-30,1340.0,1340.0,1300.0,1300.0,-2.03,1056.0,1392841.0,-1,CYCL
2026-07-31,1300.1,1315.0,1300.0,1310.0,0.77,857.0,1116643.2,1,CYCL
2026-08-03,1301.0,1330.0,1300.0,1300.0,-0.76,1959.0,2554280.0,-1,CYCL
2026-08-04,1295.0,1321.9,1281.0,1300.0,0.0,1353.0,1759550.4,1,CYCL
2026-08-05,1282.2,1310.0,1280.1,1308.0,0.62,1215.0,1562837.8,1,CYCL
2026-08-06,1299.0,1309.0,1281.0,1290.0,-1.38,389.0,503426.0,-1,CYCL
2026-08-07,1282.0,1308.0,1280.0,1280.0,-0.78,1208.0,1552896.8,-1,CYCL
2026-08-10,1216.0,1297.8,1216.0,1278.0,-0.16,1298.0,1660764.5,1,CYCL
2026-08-11,1271.0,1295.0,1265.0,1265.0,-1.02,334.0,425113.0,-1,CYCL
2026-08-12,1265.1,1266.0,1221.1,1237.0,-2.21,2655.0,3302401.6,-1,CYCL
2026-07-13,195.0,195.5,192.1,193.5,-1.38,39954.0,7756641.1,-1,CZBIL
2026-07-14,195.8,195.8,192.0,195.0,0.78,25872.0,5021484.5,-1,CZBIL
2026-07-15,199.0,199.0,195.0,196.8,0.92,21740.0,4257530.0,-1,CZBIL
2026-07-16,197.9,198.0,194.0,196.9,0.05,30884.0,6067988.5,-1,CZBIL
2026-07-17,200.0,203.5,197.3,203.0,3.1,66602.0,13428711.0,1,CZBIL
2026-07-20,193.0,205.5,193.0,204.9,0.94,41197.0,8398588.7,1,CZBIL
2026-07-21,195.0,206.7,195.0,203.5,-0.68,52657.0,10786867.7,1,CZBIL
2026-07-22,200.5,203.7,200.0,203.0,-0.25,29829.0,6024188.7,1,CZBIL
2026-07-23,193.0,209.0,193.0,204.5,0.74,17761.0,3609533.1,1,CZBIL
2026-07-24,206.0,209.7,204.0,209.4,2.4,135021.0,28097893.3,1,CZBIL
2026-07-27,199.0,215.0,199.0,208.0,-0.67,164940.0,34881812.6,1,CZBIL
2026-07-28,207.0,209.0,205.1,208.0,0.0,50968.0,10513494.2,1,CZBIL
2026-07-29,218.4,218.4,205.0,206.9,-0.53,82254.0,16927958.2,-1,CZBIL
2026-07-30,196.6,208.9,196.6,205.9,-0.48,74445.0,15285237.1,1,CZBIL
2026-07-31,203.1,208.6,203.1,207.9,0.97,36995.0,7626483.9,1,CZBIL
2026-08-03,210.0,211.4,206.0,208.9,0.48,114286.0,23952917.1,-1,CZBIL
2026-08-04,211.0,211.0,205.1,206.5,-1.15,35974.0,7430679.5,-1,CZBIL
2026-08-05,206.0,208.0,203.3,204.9,-0.77,50097.0,10260146.3,-1,CZBIL
2026-08-06,205.0,205.0,201.0,202.0,-1.42,42559.0,8625754.9,-1,CZBIL
2026-08-07,203.0,204.0,201.0,202.0,0.0,26917.0,5438354.0,-1,CZBIL
2026-08-10,202.0,203.9,200.0,200.2,-0.89,39327.0,7892274.0,-1,CZBIL
2026-08-11,200.0,203.0,200.0,202.8,1.3,62919.0,12644929.0,1,CZBIL
2026-08-12,203.0,205.9,201.3,203.9,0.54,32544.0,6625261.9,1,CZBIL
2026-07-13,813.0,821.0,813.0,816.0,-0.49,2518.0,2055665.5,1,DDBL
2026-07-14,820.0,823.0,815.0,818.6,0.32,8333.0,6820498.5,-1,DDBL
2026-07-15,825.0,838.0,819.2,825.0,0.78,5868.0,4848834.2,0,DDBL
2026-07-16,839.9,850.0,822.0,850.0,3.03,10041.0,8355996.1,1,DDBL
2026-07-17,840.0,860.0,840.0,852.0,0.24,5052.0,4293952.0,1,DDBL
2026-07-20,861.0,861.0,845.0,854.5,0.29,8964.0,7640366.3,-1,DDBL
2026-07-21,811.8,872.0,811.8,850.0,-0.53,5247.0,4442362.8,1,DDBL
2026-07-22,850.0,851.9,841.0,842.1,-0.93,4449.0,3755403.7,-1,DDBL
2026-07-23,841.0,854.0,838.4,849.9,0.93,2827.0,2385232.6,1,DDBL
2026-07-24,840.0,864.8,840.0,854.0,0.48,4706.0,4004855.3,1,DDBL
2026-07-27,853.0,854.0,841.2,844.0,-1.17,3955.0,3353175.1,-1,DDBL
2026-07-28,835.5,843.8,835.5,842.0,-0.24,2087.0,1755578.2,1,DDBL
2026-07-29,842.0,847.0,836.7,836.7,-0.63,4927.0,4135751.0,-1,DDBL
2026-07-30,850.0,850.0,830.3,835.0,-0.2,3545.0,2959468.4,-1,DDBL
2026-07-31,835.0,836.5,830.0,836.5,0.18,3939.0,3278739.6,1,DDBL
2026-08-03,830.0,840.0,830.0,835.0,-0.18,7033.0,5882501.8,1,DDBL
2026-08-04,832.7,834.0,828.0,833.0,-0.24,8928.0,7415904.3,1,DDBL
2026-08-05,837.9,837.9,825.0,831.0,-0.24,11008.0,9155145.8,-1,DDBL
2026-08-06,830.0,835.0,826.2,835.0,0.48,5724.0,4756964.0,1,DDBL
2026-08-07,825.0,839.0,825.0,829.0,-0.72,3294.0,2734706.8,1,DDBL
2026-08-10,827.1,840.0,825.2,840.0,1.33,10615.0,8818953.2,1,DDBL
2026-08-11,840.0,845.0,833.0,840.0,0.0,6728.0,5635865.9,0,DDBL
2026-08-12,850.0,852.0,840.0,850.0,1.19,15008.0,12727999.7,0,DDBL
2026-07-13,560.1,575.0,560.0,570.0,-0.87,6557.0,3685824.2,1,DHEL
2026-07-14,560.0,572.0,548.0,560.0,-1.75,13237.0,7412947.6,0,DHEL
2026-07-15,569.9,569.9,555.6,560.0,0.0,8650.0,4858672.6,-1,DHEL
2026-07-16,550.0,569.1,540.1,540.1,-3.55,20078.0,11093586.8,-1,DHEL
2026-07-17,542.0,572.0,540.2,572.0,5.91,26156.0,14809803.8,1,DHEL
2026-07-20,572.0,599.0,563.0,599.0,4.72,16294.0,9534781.9,1,DHEL
2026-07-21,580.0,605.9,580.0,600.0,0.17,29310.0,17423559.2,1,DHEL
2026-07-22,590.0,600.0,585.0,595.0,-0.83,18488.0,10914324.2,1,DHEL
2026-07-23,581.0,601.0,581.0,598.0,0.5,15918.0,9459686.7,1,DHEL
2026-07-24,600.0,629.8,600.0,626.0,4.68,74284.0,46212970.4,1,DHEL
2026-07-27,626.0,630.0,590.0,605.0,-3.35,32479.0,19808582.7,-1,DHEL
2026-07-28,605.0,605.0,590.0,597.1,-1.31,19944.0,11912595.8,-1,DHEL
2026-07-29,590.2,609.0,586.2,597.0,-0.02,18392.0,10937761.2,1,DHEL
2026-07-30,597.0,597.0,577.2,580.0,-2.85,27695.0,16188659.1,-1,DHEL
2026-07-31,552.5,590.0,552.5,587.9,1.36,11475.0,6680671.0,1,DHEL
2026-08-03,588.0,600.0,582.0,582.0,-1.0,36329.0,21496306.8,-1,DHEL
2026-08-04,575.0,587.0,557.8,568.2,-2.37,29341.0,16711845.1,-1,DHEL
2026-08-05,569.0,581.0,562.0,581.0,2.25,17800.0,10202957.2,1,DHEL
2026-08-06,580.0,585.9,575.0,576.0,-0.86,14035.0,8133011.6,-1,DHEL
2026-08-07,575.0,584.9,566.0,584.9,1.55,19481.0,11175376.2,1,DHEL
2026-08-10,561.0,620.0,561.0,620.0,6.0,73627.0,44427435.5,1,DHEL
2026-08-11,608.2,626.0,605.1,615.0,-0.81,29725.0,18265564.9,1,DHEL
2026-08-12,610.0,615.0,599.9,602.0,-2.11,18205.0,10977030.4,-1,DHEL
2026-07-13,275.0,275.0,254.0,257.1,-6.51,11997.0,3167887.7,-1,DHPL
2026-07-14,257.0,281.0,255.0,264.0,2.68,7478.0,1943023.1,1,DHPL
2026-07-15,271.9,278.0,265.0,275.9,4.51,2733.0,736382.0,1,DHPL
2026-07-16,270.0,275.0,269.0,275.0,-0.33,1171.0,316269.0,1,DHPL
2026-07-17,283.0,290.0,274.8,290.0,5.45,6368.0,1798309.8,1,DHPL
2026-07-20,294.9,315.0,286.2,315.0,8.62,9646.0,2876410.7,1,DHPL
2026-07-21,330.0,330.0,300.0,307.8,-2.29,19679.0,5986512.5,-1,DHPL
2026-07-22,299.0,307.9,295.0,296.5,-3.67,8229.0,2440189.6,-1,DHPL
2026-07-23,303.79,303.79,295.0,298.0,0.51,2245.0,663719.0,-1,DHPL
2026-07-24,290.0,300.0,290.0,300.0,0.67,5641.0,1664049.2,1,DHPL
2026-07-27,300.0,300.0,290.0,296.9,-1.03,5135.0,1496737.9,-1,DHPL
2026-07-28,294.0,294.0,289.1,290.0,-2.32,712.0,206279.5,-1,DHPL
2026-07-29,295.0,297.0,287.5,292.0,0.69,3008.0,872865.6,-1,DHPL
2026-07-30,299.0,299.0,283.0,295.3,1.13,4398.0,1250376.2,-1,DHPL
2026-07-31,286.5,294.0,283.1,294.0,-0.44,749.0,215817.0,1,DHPL
2026-08-03,290.1,295.0,285.0,289.0,-1.7,10771.0,3088230.6,-1,DHPL
2026-08-04,281.2,295.0,280.8,295.0,2.08,7067.0,2016056.2,1,DHPL
2026-08-05,286.2,295.0,286.2,293.0,-0.68,2593.0,751483.0,1,DHPL
2026-08-06,307.6,307.6,288.0,293.0,0.0,6643.0,1957271.4,-1,DHPL
2026-08-07,307.0,307.0,288.0,290.0,-1.02,1477.0,426570.8,-1,DHPL
2026-08-10,294.0,294.0,282.0,288.0,-0.69,4003.0,1138884.0,-1,DHPL
2026-08-11,288.0,290.0,282.0,290.0,0.69,2686.0,769225.0,1,DHPL
2026-08-12,282.1,284.0,282.0,283.0,-2.41,3173.0,896755.0,1,DHPL
2026-07-13,1200.0,1202.5,1165.0,1199.9,-0.01,751.0,893063.5,-1,DLBS
2026-07-14,1167.0,1200.0,1135.0,1200.0,0.01,755.0,887110.0,1,DLBS
2026-07-15,1200.0,1210.0,1164.0,1165.0,-2.92,476.0,563533.8,-1,DLBS
2026-07-16,1133.0,1209.0,1133.0,1209.0,3.78,495.0,571498.6,1,DLBS
2026-07-17,1215.0,1235.0,1185.0,1235.0,2.15,139.0,167234.0,1,DLBS
2026-07-20,1240.0,1249.0,1200.0,1219.0,-1.3,216.0,265431.5,-1,DLBS
2026-07-21,1200.0,1233.9,1200.0,1216.0,-0.25,219.0,265311.5,1,DLBS
2026-07-22,1200.0,1287.5,1200.0,1249.0,2.71,5635.0,7059794.7,1,DLBS
2026-07-23,1264.0,1264.0,1211.0,1214.0,-2.8,311.0,378987.3,-1,DLBS
2026-07-24,1248.8,1248.8,1220.0,1220.1,0.5,150.0,185884.0,-1,DLBS
2026-07-27,1210.0,1285.0,1190.2,1258.0,3.11,4370.0,5400849.9,1,DLBS
2026-07-28,1220.3,1240.0,1200.1,1215.0,-3.42,146.0,177115.3,-1,DLBS
2026-07-29,1248.6,1248.6,1184.0,1201.0,-1.15,241.0,290391.0,-1,DLBS
2026-07-30,1193.2,1224.0,1171.2,1190.0,-0.92,1295.0,1529488.1,-1,DLBS
2026-07-31,1165.0,1215.0,1165.0,1214.0,2.02,233.0,275389.7,1,DLBS
2026-08-03,1190.0,1195.0,1190.0,1190.0,-1.98,164.0,195150.0,0,DLBS
2026-08-04,1160.0,1298.0,1160.0,1209.0,1.6,772.0,919123.0,1,DLBS
2026-08-05,1248.6,1248.6,1175.0,1208.0,-0.08,237.0,281389.2,-1,DLBS
2026-08-06,1215.0,1244.2,1160.1,1182.1,-2.14,1233.0,1498011.2,-1,DLBS
2026-08-07,1182.1,1200.0,1165.0,1165.0,-1.45,223.0,263674.5,-1,DLBS
2026-08-10,1165.0,1225.5,1165.0,1180.0,1.29,328.0,386058.0,1,DLBS
2026-08-11,1160.0,1189.0,1160.0,1160.0,-1.69,475.0,552040.4,0,DLBS
2026-08-12,1145.1,1214.0,1145.1,1147.0,-1.12,408.0,472742.5,1,DLBS
2026-07-13,323.0,325.0,307.0,309.0,-4.33,37230.0,11718237.2,-1,DOLTI
2026-07-14,310.8,318.9,300.1,315.1,1.97,29017.0,8975880.8,1,DOLTI
2026-07-15,320.0,327.0,315.0,317.9,0.89,17213.0,5524493.4,-1,DOLTI
2026-07-16,318.1,323.0,315.5,317.9,0.0,23852.0,7597153.6,-1,DOLTI
2026-07-17,315.0,335.0,315.0,332.2,4.5,30006.0,9917236.2,1,DOLTI
2026-07-20,348.8,348.8,325.1,333.1,0.27,32042.0,10699253.3,-1,DOLTI
2026-07-21,334.0,340.9,330.0,339.0,1.77,44808.0,14978877.2,1,DOLTI
2026-07-22,338.9,339.0,329.0,334.9,-1.21,26029.0,8625445.2,-1,DOLTI
2026-07-23,328.1,333.3,328.0,329.1,-1.73,28008.0,9242314.1,1,DOLTI
2026-07-24,312.7,337.0,312.7,331.9,0.85,18589.0,6188699.3,1,DOLTI
2026-07-27,335.0,335.0,325.0,325.0,-2.08,24263.0,7978707.5,-1,DOLTI
2026-07-28,325.0,329.0,320.0,323.0,-0.62,22565.0,7285242.2,-1,DOLTI
2026-07-29,320.0,326.0,320.0,323.6,0.19,11484.0,3710456.1,1,DOLTI
2026-07-30,323.6,325.0,319.0,320.0,-1.11,8810.0,2827089.7,-1,DOLTI
2026-07-31,320.0,325.0,315.0,325.0,1.56,19315.0,6168754.9,1,DOLTI
2026-08-03,325.0,328.9,317.0,324.9,-0.03,23185.0,7472509.9,-1,DOLTI
2026-08-04,341.0,341.0,316.0,320.1,-1.48,30386.0,9778168.4,-1,DOLTI
2026-08-05,324.8,324.8,318.1,322.0,0.59,16541.0,5288294.6,-1,DOLTI
2026-08-06,322.0,325.0,317.3,320.0,-0.62,19633.0,6294022.0,-1,DOLTI
2026-08-07,316.0,321.9,316.0,320.0,0.0,6821.0,2179787.0,1,DOLTI
2026-08-10,322.0,322.0,316.1,320.0,0.0,14161.0,4522531.2,-1,DOLTI
2026-08-11,320.0,320.9,317.0,319.0,-0.31,11936.0,3801900.1,-1,DOLTI
2026-08-12,321.0,321.0,316.0,318.0,-0.31,7455.0,2366409.8,-1,DOLTI
2026-07-13,248.0,250.0,243.6,245.7,-1.72,24377.0,5976418.2,-1,DORDI
2026-07-14,245.0,249.0,240.0,245.5,-0.08,11909.0,2904108.1,1,DORDI
2026-07-15,245.0,252.0,245.0,246.0,0.2,10773.0,2675849.2,1,DORDI
2026-07-16,252.0,252.0,246.0,247.0,0.41,6530.0,1626312.9,-1,DORDI
2026-07-17,253.0,261.9,253.0,261.9,6.03,39350.0,10090347.9,1,DORDI
2026-07-20,261.0,269.1,261.0,266.6,1.79,31821.0,8460628.2,1,DORDI
2026-07-21,270.0,270.0,262.0,266.7,0.04,32342.0,8614251.3,-1,DORDI
2026-07-22,260.3,265.9,260.3,262.0,-1.76,14235.0,3732360.9,1,DORDI
2026-07-23,259.0,265.0,258.5,263.0,0.38,21010.0,5510653.0,1,DORDI
2026-07-24,264.1,267.0,262.0,263.1,0.04,14614.0,3853798.8,-1,DORDI
2026-07-27,260.1,266.5,257.0,257.0,-2.32,16665.0,4324989.1,-1,DORDI
2026-07-28,255.0,263.0,254.2,259.0,0.78,25989.0,6736736.8,1,DORDI
2026-07-29,256.0,262.0,256.0,259.0,0.0,6738.0,1744553.4,1,DORDI
2026-07-30,264.9,264.9,251.2,252.7,-2.43,44798.0,11371853.6,-1,DORDI
2026-07-31,253.0,257.4,250.1,253.5,0.32,26615.0,6726632.2,1,DORDI
2026-08-03,253.0,258.2,253.0,254.9,0.55,26385.0,6748154.1,1,DORDI
2026-08-04,252.5,257.0,252.5,254.0,-0.35,22255.0,5669138.2,1,DORDI
2026-08-05,254.0,258.0,253.2,254.0,0.0,17615.0,4488220.0,0,DORDI
2026-08-06,253.2,257.0,251.9,254.0,0.0,22370.0,5683150.8,1,DORDI
2026-08-07,251.0,254.0,247.0,247.0,-2.76,28902.0,7240088.7,-1,DORDI
2026-08-10,250.0,252.0,247.3,249.9,1.17,19961.0,4966235.2,-1,DORDI
2026-08-11,250.0,253.9,248.0,251.0,0.44,12695.0,3176348.0,1,DORDI
2026-08-12,247.0,253.7,247.0,250.0,-0.4,9600.0,2404168.7,1,DORDI
2026-07-13,695.1,702.0,693.3,694.0,-0.14,49185.0,34184776.0,-1,EBL
2026-07-14,695.0,697.0,690.3,692.6,-0.2,44101.0,30607375.8,-1,EBL
2026-07-15,700.0,700.0,692.0,693.1,0.07,58660.0,40722563.0,-1,EBL
2026-07-16,697.0,700.0,694.0,695.0,0.27,33249.0,23146112.3,-1,EBL
2026-07-17,703.5,719.0,703.0,718.0,3.31,25601.0,18211601.4,1,EBL
2026-07-20,720.0,727.0,711.1,717.5,-0.07,39264.0,28240661.3,-1,EBL
2026-07-21,718.1,735.0,718.1,720.5,0.42,34312.0,24757512.9,1,EBL
2026-07-22,720.0,725.0,717.0,718.0,-0.35,12550.0,9026616.9,-1,EBL
2026-07-23,753.0,753.0,712.1,719.0,0.14,21235.0,15236226.1,-1,EBL
2026-07-24,725.0,725.5,720.0,724.0,0.7,84744.0,61356791.4,-1,EBL
2026-07-27,732.9,732.9,720.0,726.0,0.28,58133.0,42328424.4,-1,EBL
2026-07-28,726.0,728.0,717.5,725.0,-0.14,23527.0,17018016.8,-1,EBL
2026-07-29,725.0,730.0,720.0,727.0,0.28,27058.0,19639347.6,1,EBL
2026-07-30,727.0,727.0,721.0,724.0,-0.41,10486.0,7579527.9,-1,EBL
2026-07-31,725.0,730.4,720.0,728.6,0.64,29334.0,21369714.5,1,EBL
2026-08-03,728.6,735.0,728.1,730.0,0.19,29414.0,21509003.3,1,EBL
2026-08-04,730.0,732.9,726.0,729.0,-0.14,14377.0,10482272.1,-1,EBL
2026-08-05,729.0,734.0,727.2,730.0,0.14,34151.0,24928829.6,1,EBL
2026-08-06,730.0,733.0,725.0,725.0,-0.68,27393.0,19987387.2,-1,EBL
2026-08-07,734.0,734.0,720.0,723.0,-0.28,23131.0,16724044.5,-1,EBL
2026-08-10,730.0,730.0,714.0,715.0,-1.11,34924.0,25021655.5,-1,EBL
2026-08-11,715.0,724.9,714.0,715.0,0.0,33873.0,24313885.2,0,EBL
2026-08-12,715.0,729.9,715.0,716.6,0.22,16152.0,11653976.1,1,EBL
2026-07-13,1140.0,1140.0,1120.0,1120.0,-2.35,29325.0,32850380.0,-1,EBLD85
2026-07-14,1150.0,1155.0,1149.0,1150.0,2.68,411.0,473330.0,0,EBLD85
2026-07-15,1169.0,1169.0,1151.0,1151.0,0.09,131.0,152239.0,-1,EBLD85
2026-07-16,1160.0,1160.0,1160.0,1160.0,0.78,25.0,29000.0,0,EBLD85
2026-07-17,1155.0,1155.0,1153.0,1153.0,-0.6,90.0,103850.0,-1,EBLD85
2026-07-20,1160.0,1160.4,1160.0,1160.4,0.64,120.0,139242.5,1,EBLD85
2026-07-21,1131.0,1131.0,1131.0,1131.0,-2.53,25.0,28275.0,0,EBLD85
2026-07-22,1150.0,1150.0,1150.0,1150.0,1.68,25.0,28750.0,0,EBLD85
2026-07-24,1130.0,1130.0,1130.0,1130.0,-1.74,15.0,16950.0,0,EBLD85
2026-07-27,1121.9,1148.0,1121.9,1148.0,1.59,2525.0,2833450.0,1,EBLD85
2026-07-28,1148.0,1148.0,1123.7,1123.7,-2.12,15.0,16692.0,-1,EBLD85
2026-07-29,1123.7,1150.0,1102.1,1130.0,0.56,180.0,202805.5,1,EBLD85
2026-07-30,1135.0,1135.0,1135.0,1135.0,0.44,10.0,11350.0,0,EBLD85
2026-07-31,1135.0,1135.0,1112.4,1130.0,-0.44,123.0,138400.0,-1,EBLD85
2026-08-03,1130.0,1154.5,1107.2,1132.1,0.19,417.0,477858.1,1,EBLD85
2026-08-04,1125.0,1125.0,1121.1,1121.1,-0.97,50.0,56152.5,-1,EBLD85
2026-08-05,1154.7,1154.7,1149.0,1127.0,0.53,81.0,93389.0,-1,EBLD85
2026-08-06,1127.0,1127.0,1100.0,1113.4,-1.21,77.0,85070.0,-1,EBLD85
2026-08-07,1113.4,1113.4,1113.4,1060.0,-4.8,2.0,2120.0,-1,EBLD85
2026-07-13,1119.0,1119.0,1119.0,1119.0,0.81,331559.0,371014521.0,0,EBLD91
2026-07-14,1119.0,1120.0,1082.0,1082.0,-3.31,331624.0,360713852.0,-1,EBLD91
2026-07-15,1083.0,1123.0,1083.0,1100.0,1.66,4260.0,4776360.0,1,EBLD91
2026-07-16,1100.0,1120.0,1100.0,1120.0,1.82,14520.0,16261400.0,1,EBLD91
2026-07-22,1090.0,1090.0,1090.0,1090.0,-2.68,125.0,136250.0,0,EBLD91
2026-07-27,1058.0,1062.1,1058.0,1062.1,-2.56,100.0,106108.4,1,EBLD91
2026-07-28,1070.0,1070.0,1070.0,1070.0,0.74,100.0,107000.0,0,EBLD91
2026-07-29,1080.0,1080.0,1080.0,1080.0,0.93,25.0,27000.0,0,EBLD91
2026-07-31,1063.1,1064.0,1063.1,1064.0,-1.48,75.0,79755.0,1,EBLD91
2026-08-03,1050.0,1060.0,1050.0,1060.0,-0.38,125.0,131975.0,1,EBLD91
2026-08-04,1060.0,1060.0,1060.0,1060.0,0.0,25.0,26500.0,0,EBLD91
2026-08-05,1060.0,1060.0,1055.0,1058.0,-0.19,100.0,105825.0,-1,EBLD91
2026-08-10,1058.0,1088.9,1058.0,1088.0,2.84,175.0,189740.0,1,EBLD91
2026-08-11,1060.0,1088.0,1060.0,1088.0,0.0,126.0,136390.0,1,EBLD91
2026-08-12,1061.0,1061.0,1061.0,1061.0,-2.48,25.0,26525.0,0,EBLD91
2026-07-13,585.0,638.0,551.0,560.0,0.36,131010.0,76280213.2,-1,EDBL
2026-07-14,560.0,563.3,549.0,560.5,0.09,49491.0,27700921.6,1,EDBL
2026-07-15,573.0,573.0,561.5,561.5,0.18,880.0,494720.0,-1,EDBL
2026-07-16,578.0,578.0,560.1,561.3,-0.04,2995.0,1684935.5,-1,EDBL
2026-07-17,578.0,583.0,573.0,577.0,2.8,2872.0,1662273.0,-1,EDBL
2026-07-20,577.0,584.9,576.0,584.0,1.21,2464.0,1432131.0,1,EDBL
2026-07-21,588.0,590.0,577.0,578.0,-1.03,8979.0,5235581.8,-1,EDBL
2026-07-22,586.0,586.0,575.0,583.0,0.87,5908.0,3436811.0,-1,EDBL
2026-07-23,576.0,585.0,576.0,580.1,-0.5,2458.0,1425993.9,1,EDBL
2026-07-24,586.9,588.0,576.1,581.5,0.24,13509.0,7886740.1,-1,EDBL
2026-07-27,581.0,582.0,575.1,575.5,-1.03,12084.0,6982218.4,-1,EDBL
2026-07-28,573.0,580.0,570.0,580.0,0.78,21771.0,12520694.4,1,EDBL
2026-07-29,580.1,580.3,578.0,579.0,-0.17,6434.0,3730859.5,-1,EDBL
2026-07-30,573.0,576.0,573.0,574.0,-0.86,5265.0,3031720.8,1,EDBL
2026-07-31,574.1,582.0,572.0,579.0,0.87,6814.0,3941375.1,1,EDBL
2026-08-03,580.0,591.2,580.0,583.0,0.69,17637.0,10303690.2,1,EDBL
2026-08-04,583.0,594.7,581.2,591.0,1.37,13326.0,7848261.2,1,EDBL
2026-08-05,591.0,595.9,585.1,590.9,-0.02,3742.0,2206610.0,-1,EDBL
2026-08-06,594.0,594.0,585.0,587.9,-0.51,645.0,379308.0,-1,EDBL
2026-08-07,575.0,586.0,575.0,584.0,-0.66,1460.0,846220.0,1,EDBL
2026-08-10,578.0,587.9,577.0,580.0,-0.68,4050.0,2362865.1,1,EDBL
2026-08-11,580.0,587.9,580.0,587.9,1.36,10182.0,5966977.1,1,EDBL
2026-08-12,587.9,587.9,580.0,583.5,-0.75,2655.0,1543973.5,-1,EDBL
2026-07-13,329.0,354.0,329.0,339.0,-2.02,17190.0,5812309.0,1,EHPL
2026-07-14,345.0,345.0,329.0,332.5,-1.92,18974.0,6374393.7,-1,EHPL
2026-07-15,342.4,351.9,333.6,335.0,0.75,11299.0,3793027.3,-1,EHPL
2026-07-16,318.3,352.0,318.3,328.3,-2.0,18118.0,6150895.7,1,EHPL
2026-07-17,338.0,357.0,338.0,350.0,6.61,24582.0,8570347.3,1,EHPL
2026-07-20,360.0,369.9,347.0,367.9,5.11,22973.0,8242015.8,1,EHPL
2026-07-21,370.0,370.0,355.0,361.6,-1.71,17531.0,6339071.1,-1,EHPL
2026-07-22,370.0,380.0,350.0,356.8,-1.33,15190.0,5435861.0,-1,EHPL
2026-07-23,363.9,363.9,349.2,355.3,-0.42,8656.0,3063982.6,-1,EHPL
2026-07-24,360.9,365.0,355.0,358.9,1.01,19434.0,6969872.5,-1,EHPL
2026-07-27,365.0,365.0,346.0,346.1,-3.57,9591.0,3369470.3,-1,EHPL
2026-07-28,346.1,351.0,342.5,351.0,1.42,10871.0,3760152.3,1,EHPL
2026-07-29,360.0,360.0,341.2,343.8,-2.05,5950.0,2044215.5,-1,EHPL
2026-07-30,350.0,360.0,341.2,343.5,-0.09,5136.0,1764865.3,-1,EHPL
2026-07-31,349.0,349.0,337.0,340.1,-0.99,15290.0,5230783.5,-1,EHPL
2026-08-03,348.9,358.4,341.5,346.3,1.82,8105.0,2807248.3,-1,EHPL
2026-08-04,363.6,363.6,340.0,344.0,-0.66,4882.0,1671050.1,-1,EHPL
2026-08-05,353.5,353.5,337.0,347.9,1.13,9751.0,3330931.8,-1,EHPL
2026-08-06,365.2,365.2,343.0,344.0,-1.12,4094.0,1421024.0,-1,EHPL
2026-08-07,353.0,353.0,338.3,344.0,0.0,5513.0,1881032.1,-1,EHPL
2026-08-10,361.2,361.2,328.0,339.0,-1.45,20514.0,6838217.7,-1,EHPL
2026-08-11,355.9,355.9,335.1,336.2,-0.83,4479.0,1509580.4,-1,EHPL
2026-08-12,345.5,349.0,329.1,336.0,-0.06,24313.0,8204067.6,-1,EHPL
2026-07-13,776.0,790.0,770.0,784.0,-2.0,185.0,143110.0,1,ENL
2026-07-14,800.0,800.0,762.0,762.0,-2.81,1295.0,999707.0,-1,ENL
2026-07-15,784.6,799.6,784.6,795.0,4.33,480.0,379371.0,1,ENL
2026-07-16,817.0,817.0,770.0,805.0,1.26,764.0,600327.2,-1,ENL
2026-07-17,827.0,848.0,802.3,848.0,5.34,828.0,684765.0,1,ENL
2026-07-20,858.0,858.0,824.0,851.0,0.35,541.0,457373.0,-1,ENL
2026-07-21,830.1,855.0,830.1,851.9,0.11,329.0,277489.1,1,ENL
2026-07-22,863.0,863.0,820.0,825.0,-3.16,1366.0,1129047.0,-1,ENL
2026-07-23,820.0,834.0,810.0,834.0,1.09,671.0,545738.0,1,ENL
2026-07-24,855.0,855.0,828.3,849.0,1.8,240.0,203843.0,-1,ENL
2026-07-27,845.0,845.0,824.0,824.0,-2.94,309.0,254980.0,-1,ENL
2026-07-28,801.0,810.0,801.0,805.0,-2.31,340.0,273670.0,1,ENL
2026-07-29,805.0,806.0,801.0,804.0,-0.12,315.0,253478.0,-1,ENL
2026-07-30,814.0,814.0,796.0,806.0,0.25,410.0,329250.0,-1,ENL
2026-07-31,795.1,814.5,795.1,814.5,1.05,330.0,263117.0,1,ENL
2026-08-03,805.0,824.0,798.4,813.0,-0.18,672.0,540907.1,1,ENL
2026-08-04,805.0,815.0,800.0,810.0,-0.37,210.0,168900.0,1,ENL
2026-08-05,812.0,812.0,796.0,803.9,-0.75,290.0,232169.0,-1,ENL
2026-08-06,815.0,815.0,785.7,791.0,-1.6,580.0,456679.0,-1,ENL
2026-08-07,791.0,800.0,785.1,799.9,1.13,160.0,127007.0,1,ENL
2026-08-10,786.0,797.9,786.0,797.9,-0.25,451.0,357450.5,1,ENL
2026-08-11,782.0,803.0,782.0,803.0,0.64,70.0,55473.0,1,ENL
2026-08-12,800.0,848.7,782.1,847.0,5.48,1388.0,1125788.3,1,ENL
2026-07-13,798.0,798.0,749.0,755.0,-0.66,5000.0,3764036.4,-1,FMDBL
2026-07-14,750.0,754.0,738.0,745.0,-1.32,10067.0,7502955.2,-1,FMDBL
2026-07-15,766.0,766.0,745.0,750.0,0.67,3751.0,2805002.4,-1,FMDBL
2026-07-16,760.0,862.0,730.0,860.0,14.67,30074.0,22823748.4,1,FMDBL
2026-07-17,817.0,817.0,752.0,785.0,-8.72,37212.0,29301483.3,-1,FMDBL
2026-07-20,747.0,795.0,747.0,790.0,0.64,11115.0,8781102.6,1,FMDBL
2026-07-21,760.0,806.0,760.0,780.5,-1.2,15195.0,11985295.4,1,FMDBL
2026-07-22,780.6,780.6,768.0,773.0,-0.96,8719.0,6727197.1,-1,FMDBL
2026-07-23,765.2,788.0,765.2,780.0,0.91,4640.0,3595536.5,1,FMDBL
2026-07-24,780.0,786.0,775.0,780.0,0.0,5442.0,4247042.6,0,FMDBL
2026-07-27,780.2,788.0,765.0,765.0,-1.92,7027.0,5455530.6,-1,FMDBL
2026-07-28,765.2,773.8,765.0,765.2,0.03,5837.0,4481000.6,0,FMDBL
2026-07-29,750.0,770.0,750.0,762.7,-0.33,6080.0,4619823.8,1,FMDBL
2026-07-30,763.0,768.0,757.6,758.0,-0.62,5111.0,3876097.7,-1,FMDBL
2026-07-31,765.0,770.0,756.0,770.0,1.58,8394.0,6409179.0,1,FMDBL
2026-08-03,783.0,783.0,765.2,772.7,0.35,3091.0,2378246.1,-1,FMDBL
2026-08-04,760.0,769.0,760.0,769.0,-0.48,4432.0,3374243.9,1,FMDBL
2026-08-05,769.0,769.0,758.5,760.0,-1.17,4838.0,3679016.3,-1,FMDBL
2026-08-06,759.0,760.0,753.0,758.0,-0.26,6627.0,5012907.0,-1,FMDBL
2026-08-07,758.0,786.0,753.0,781.0,3.03,49122.0,38242893.6,1,FMDBL
2026-08-10,798.9,825.0,771.5,817.0,4.61,153815.0,124541705.5,1,FMDBL
2026-08-11,850.0,850.0,786.1,810.7,-0.77,144234.0,117360730.7,-1,FMDBL
2026-08-12,790.0,912.0,787.2,788.7,-2.71,35577.0,28576920.9,-1,FMDBL
2026-07-13,960.0,970.0,949.0,960.0,0.0,2967.0,2839857.3,0,FOWAD
2026-07-14,946.0,964.9,933.0,951.0,-0.94,2571.0,2440030.2,1,FOWAD
2026-07-15,979.0,979.0,951.0,978.8,2.92,728.0,700227.6,-1,FOWAD
2026-07-16,1000.0,1000.0,960.0,979.0,0.02,1764.0,1702568.1,-1,FOWAD
2026-07-17,965.0,1007.0,965.0,1004.4,2.59,2646.0,2624408.0,1,FOWAD
2026-07-20,1004.0,1005.0,990.2,1000.0,-0.44,1214.0,1213374.9,-1,FOWAD
2026-07-21,1029.9,1029.9,980.1,1005.0,0.5,1406.0,1398925.6,-1,FOWAD
2026-07-22,1000.0,1005.0,970.0,997.0,-0.8,5433.0,5310163.2,-1,FOWAD
2026-07-23,970.2,996.0,970.2,996.0,-0.1,1235.0,1211588.0,1,FOWAD
2026-07-24,1010.0,1010.0,981.0,997.0,0.1,787.0,776049.8,-1,FOWAD
2026-07-27,997.0,997.0,955.0,955.0,-4.21,6867.0,6631590.2,-1,FOWAD
2026-07-28,983.0,983.0,950.1,972.7,1.85,1175.0,1130203.5,-1,FOWAD
2026-07-29,951.1,960.0,949.0,950.0,-2.33,6796.0,6474928.9,-1,FOWAD
2026-07-30,960.0,960.0,945.0,952.0,0.21,2251.0,2130123.9,-1,FOWAD
2026-07-31,977.9,977.9,945.0,964.9,1.36,2220.0,2102642.1,-1,FOWAD
2026-08-03,977.0,977.0,950.0,965.0,0.01,1326.0,1269181.1,-1,FOWAD
2026-08-04,949.0,960.0,937.1,943.0,-2.28,6459.0,6097329.9,-1,FOWAD
2026-08-05,931.1,950.0,931.1,943.0,0.0,3616.0,3392275.2,1,FOWAD
2026-08-06,935.0,948.9,920.1,927.1,-1.69,3048.0,2843788.7,-1,FOWAD
2026-08-07,949.8,950.0,925.2,930.0,0.31,3506.0,3257628.2,-1,FOWAD
2026-08-10,957.8,957.8,920.0,945.0,1.61,2733.0,2550922.5,-1,FOWAD
2026-08-11,950.0,950.0,930.0,930.0,-1.59,1937.0,1808777.7,-1,FOWAD
2026-08-12,930.0,935.0,930.0,935.0,0.54,1563.0,1457718.9,1,FOWAD
2026-07-13,1075.2,1120.0,1075.2,1115.0,2.29,1026.0,1128776.4,1,GBBD85
2026-07-15,1085.0,1085.0,1085.0,1085.0,-2.69,25.0,27125.0,0,GBBD85
2026-07-16,1065.2,1100.0,1065.1,1100.0,1.38,106.0,114734.6,1,GBBD85
2026-07-21,1067.0,1067.0,1067.0,1067.0,-3.0,25.0,26675.0,0,GBBD85
2026-07-23,1065.0,1065.0,1065.0,1065.0,-0.19,50.0,53250.0,0,GBBD85
2026-07-24,1066.0,1085.0,1066.0,1085.0,1.88,83.0,89060.0,1,GBBD85
2026-07-27,1070.0,1070.0,1070.0,1070.0,-1.38,25.0,26750.0,0,GBBD85
2026-07-28,1060.0,1062.1,1060.0,1062.1,-0.74,75.0,79602.5,1,GBBD85
2026-07-30,1062.1,1065.0,1062.1,1063.0,0.08,103.0,109516.5,1,GBBD85
2026-08-03,1052.0,1080.0,1052.0,1080.0,1.6,215.0,231500.0,1,GBBD85
2026-08-04,1050.1,1061.1,1050.1,1061.0,-1.76,175.0,185385.0,1,GBBD85
2026-08-05,1056.0,1056.0,1056.0,1056.0,-0.47,30.0,31680.0,0,GBBD85
2026-08-06,1050.0,1050.0,1050.0,1050.0,-0.57,25.0,26250.0,0,GBBD85
2026-08-10,1045.5,1045.5,1045.5,1045.5,-0.43,30.0,31365.0,0,GBBD85
2026-08-11,1058.6,1058.6,1058.6,1058.6,1.25,25.0,26465.0,0,GBBD85
2026-08-12,1060.1,1061.0,1060.1,1061.0,0.23,35.0,37112.5,1,GBBD85
2026-07-13,397.3,399.9,396.1,396.1,-0.48,30805.0,12249071.3,-1,GBBL
2026-07-14,395.3,402.0,395.3,396.0,-0.03,20111.0,7997546.1,1,GBBL
2026-07-15,402.0,403.9,397.7,400.0,1.01,37105.0,14809462.0,-1,GBBL
2026-07-16,403.0,405.0,398.0,403.8,0.95,19856.0,7928442.6,1,GBBL
2026-07-17,406.0,411.0,400.0,411.0,1.78,21076.0,8583583.5,1,GBBL
2026-07-20,412.0,426.0,408.1,421.0,2.43,59719.0,25048137.7,1,GBBL
2026-07-21,421.0,426.5,419.1,423.9,0.69,78160.0,33021570.3,1,GBBL
2026-07-22,420.0,425.0,417.3,421.5,-0.57,32780.0,13772109.6,1,GBBL
2026-07-23,420.0,421.0,415.0,420.0,-0.36,26242.0,10980390.9,0,GBBL
2026-07-24,416.6,426.0,416.6,426.0,1.43,64896.0,27485808.0,1,GBBL
2026-07-27,405.0,431.0,405.0,419.0,-1.64,68856.0,29161799.8,1,GBBL
2026-07-28,400.0,422.5,400.0,418.0,-0.24,19611.0,8212701.5,1,GBBL
2026-07-29,416.0,422.9,416.0,422.0,0.96,54582.0,22989617.0,1,GBBL
2026-07-30,420.0,425.0,417.6,419.0,-0.71,11431.0,4791860.4,-1,GBBL
2026-07-31,412.5,420.8,412.5,420.0,0.24,13519.0,5653579.4,1,GBBL
2026-08-03,421.0,421.0,416.1,419.0,-0.24,15862.0,6635867.8,-1,GBBL
2026-08-04,415.4,417.9,415.1,417.5,-0.36,32439.0,13488667.1,1,GBBL
2026-08-05,412.6,417.9,412.6,415.0,-0.6,52157.0,21653413.9,1,GBBL
2026-08-06,418.3,425.0,417.4,421.0,1.45,85460.0,35885407.8,1,GBBL
2026-08-07,419.1,422.0,418.0,419.0,-0.48,23774.0,9971925.6,-1,GBBL
2026-08-10,418.0,421.0,418.0,418.6,-0.1,21748.0,9109844.1,1,GBBL
2026-08-11,418.0,421.5,418.0,419.0,0.1,21129.0,8853104.7,1,GBBL
2026-08-12,420.0,421.0,419.0,419.5,0.12,24874.0,10446920.8,-1,GBBL
2026-07-13,239.3,240.0,237.2,237.5,-0.84,137598.0,32734085.6,-1,GBIME
2026-07-14,238.0,241.0,235.0,237.2,-0.13,201957.0,48056337.5,-1,GBIME
2026-07-15,240.0,240.9,238.0,239.7,1.05,64301.0,15359712.0,-1,GBIME
2026-07-16,242.0,242.8,238.5,240.0,0.13,55035.0,13231217.9,-1,GBIME
2026-07-17,242.8,247.9,241.0,246.0,2.5,98871.0,24138563.3,1,GBIME
2026-07-20,246.0,247.4,243.5,245.0,-0.41,82844.0,20313382.3,-1,GBIME
2026-07-21,248.5,248.5,243.3,246.9,0.78,119856.0,29478360.4,-1,GBIME
2026-07-22,245.0,263.0,242.2,247.2,0.12,136705.0,33910569.3,1,GBIME
2026-07-23,235.0,253.0,235.0,249.0,0.73,105646.0,26034018.0,1,GBIME
2026-07-24,247.9,250.8,246.0,249.5,0.2,177663.0,44299787.7,1,GBIME
2026-07-27,238.0,267.8,238.0,255.0,2.2,1089231.0,281395378.6,1,GBIME
2026-07-28,255.0,262.4,251.1,259.4,1.73,648297.0,167837439.0,1,GBIME
2026-07-29,253.5,261.0,253.5,256.9,-0.96,375124.0,96646477.0,1,GBIME
2026-07-30,244.1,263.0,244.1,256.0,-0.35,286885.0,73871650.9,1,GBIME
2026-07-31,254.0,265.0,252.0,262.0,2.34,588735.0,153254623.4,1,GBIME
2026-08-03,250.0,267.0,250.0,262.2,0.08,738612.0,194968821.6,1,GBIME
2026-08-04,262.0,265.0,254.1,257.8,-1.68,246287.0,63643754.6,-1,GBIME
2026-08-05,270.6,270.6,252.4,253.2,-1.78,290873.0,74417002.5,-1,GBIME
2026-08-06,265.8,265.8,251.8,252.3,-0.36,246981.0,62648887.1,-1,GBIME
2026-08-07,252.3,253.7,250.0,251.0,-0.52,157185.0,39476718.7,-1,GBIME
2026-08-10,256.0,256.0,249.4,251.0,0.0,221487.0,56022437.9,-1,GBIME
2026-08-11,238.5,255.0,238.5,250.7,-0.12,211271.0,52961233.9,1,GBIME
2026-08-12,238.2,253.0,238.2,250.0,-0.28,189235.0,47559040.8,1,GBIME
2026-07-13,9.09,9.6,8.95,9.5,4.51,2005175.0,18498456.25,1,GBIMESY2
2026-07-14,9.4,9.5,9.14,9.5,0.0,300.0,2804.0,1,GBIMESY2
2026-07-15,9.97,9.97,9.5,9.5,0.0,9700.0,92217.0,-1,GBIMESY2
2026-07-16,9.97,10.78,9.72,9.98,5.05,16750.0,164541.5,1,GBIMESY2
2026-07-17,9.69,9.69,9.69,9.69,-2.91,910.0,8817.9,0,GBIMESY2
2026-07-20,9.5,9.5,9.4,9.5,-1.96,2400.0,22700.0,0,GBIMESY2
2026-07-21,9.26,9.3,9.26,9.3,-2.11,400.0,3716.0,1,GBIMESY2
2026-07-22,9.3,9.6,9.3,9.4,1.08,3350.0,31851.72,1,GBIMESY2
2026-07-23,9.3,9.5,9.2,9.5,1.06,500.0,4662.0,1,GBIMESY2
2026-07-24,9.45,9.45,9.22,9.33,-1.79,4700.0,43907.0,-1,GBIMESY2
2026-07-27,9.4,9.48,9.12,9.3,-0.32,2200.0,20190.0,-1,GBIMESY2
2026-07-28,9.3,9.37,9.05,9.11,-2.04,10700.0,99633.0,-1,GBIMESY2
2026-07-29,9.11,9.4,9.1,9.39,3.07,2000.0,18509.0,1,GBIMESY2
2026-07-30,9.3,9.3,9.04,9.04,-3.73,400.0,3694.0,-1,GBIMESY2
2026-07-31,9.24,9.27,9.0,9.25,2.32,3900.0,36004.0,1,GBIMESY2
2026-08-03,9.25,9.5,9.01,9.3,0.54,10600.0,96931.0,1,GBIMESY2
2026-08-04,9.3,9.3,9.04,9.12,-1.94,1600.0,14580.0,-1,GBIMESY2
2026-08-05,9.02,9.3,9.02,9.2,0.88,1250.0,11541.5,1,GBIMESY2
2026-08-06,8.93,9.33,8.93,9.2,0.0,2900.0,26517.0,1,GBIMESY2
2026-08-07,8.98,9.2,8.98,9.11,-0.98,8000.0,72841.0,1,GBIMESY2
2026-08-10,9.01,9.25,8.93,9.25,1.54,2600.0,23689.0,1,GBIMESY2
2026-08-11,9.0,9.24,9.0,9.1,-1.62,5700.0,51780.0,1,GBIMESY2
2026-08-12,9.06,9.11,9.06,9.11,0.11,600.0,5461.0,1,GBIMESY2
2026-07-13,746.0,746.0,724.0,739.0,0.27,2541.0,1852537.0,-1,GBLBS
2026-07-14,718.0,735.0,718.0,735.0,-0.54,2730.0,1991436.6,1,GBLBS
2026-07-15,734.0,742.5,727.8,734.0,-0.14,533.0,389746.2,0,GBLBS
2026-07-16,734.0,740.0,730.0,730.1,-0.53,211.0,154198.4,-1,GBLBS
2026-07-17,747.5,753.0,735.0,753.0,3.14,2686.0,2012884.0,1,GBLBS
2026-07-20,753.0,759.9,753.0,756.0,0.4,1424.0,1078127.9,1,GBLBS
2026-07-21,793.8,793.8,754.1,759.0,0.4,3843.0,2913171.0,-1,GBLBS
2026-07-22,746.1,763.5,746.1,762.0,0.4,1366.0,1030950.6,1,GBLBS
2026-07-23,768.8,768.8,751.0,759.0,-0.39,1234.0,929997.6,-1,GBLBS
2026-07-24,756.0,765.0,755.0,761.0,0.26,3251.0,2472003.1,1,GBLBS
2026-07-27,750.0,765.0,750.0,761.2,0.03,2341.0,1773156.5,1,GBLBS
2026-07-28,723.2,762.6,723.2,752.0,-1.21,1587.0,1187696.8,1,GBLBS
2026-07-29,769.8,769.8,736.5,749.9,-0.28,3675.0,2734963.5,-1,GBLBS
2026-07-30,730.0,752.0,730.0,748.0,-0.25,4525.0,3363086.5,1,GBLBS
2026-07-31,726.1,748.0,726.1,748.0,0.0,1829.0,1353409.5,1,GBLBS
2026-08-03,759.9,759.9,736.7,752.0,0.53,1930.0,1432016.0,-1,GBLBS
2026-08-04,742.0,750.0,730.0,743.0,-1.2,2302.0,1694113.1,1,GBLBS
2026-08-05,732.3,743.9,732.2,743.9,0.12,1435.0,1054239.0,1,GBLBS
2026-08-06,743.9,743.9,733.0,737.0,-0.93,749.0,549406.5,-1,GBLBS
2026-08-07,731.2,740.0,731.2,738.0,0.14,1327.0,974401.7,1,GBLBS
2026-08-10,774.9,774.9,730.0,739.0,0.14,1293.0,946747.3,-1,GBLBS
2026-08-11,775.9,775.9,732.1,732.2,-0.92,5345.0,3927922.8,-1,GBLBS
2026-08-12,729.3,749.9,729.3,749.9,2.42,989.0,730166.8,1,GBLBS
2026-07-13,325.2,332.0,325.0,327.0,-2.3,21175.0,6931805.3,1,GCIL
2026-07-14,321.0,329.9,320.3,322.5,-1.38,17134.0,5571115.5,1,GCIL
2026-07-15,322.5,329.0,315.5,323.7,0.37,22389.0,7254481.0,1,GCIL
2026-07-16,323.0,341.0,323.0,340.0,5.04,28976.0,9734771.4,1,GCIL
2026-07-17,341.0,367.0,341.0,367.0,7.94,38512.0,13816178.2,1,GCIL
2026-07-20,385.3,385.3,361.2,372.0,1.36,31484.0,11671444.4,-1,GCIL
2026-07-21,373.0,375.0,364.0,368.9,-0.83,25472.0,9409649.8,-1,GCIL
2026-07-22,360.0,367.7,359.2,365.0,-1.06,22329.0,8084128.2,1,GCIL
2026-07-23,365.0,365.0,354.6,364.0,-0.27,16393.0,5887489.4,-1,GCIL
2026-07-24,345.8,372.5,345.8,364.0,0.0,17122.0,6264642.4,1,GCIL
2026-07-27,361.3,365.0,355.7,359.0,-1.37,12425.0,4495265.6,-1,GCIL
2026-07-28,358.0,368.0,354.5,360.0,0.28,20728.0,7454301.3,1,GCIL
2026-07-29,354.4,365.0,354.4,358.0,-0.56,15230.0,5463863.1,1,GCIL
2026-07-30,360.0,363.0,358.0,359.8,0.5,15066.0,5409930.1,-1,GCIL
2026-07-31,354.1,360.9,354.1,359.0,-0.22,8094.0,2899467.7,1,GCIL
2026-08-03,367.5,367.5,355.1,355.1,-1.09,15333.0,5477787.7,-1,GCIL
2026-08-04,355.0,358.0,350.0,352.1,-0.84,6309.0,2232714.4,-1,GCIL
2026-08-05,355.0,357.0,351.0,352.5,0.11,11113.0,3935437.1,-1,GCIL
2026-08-06,353.0,355.0,350.0,350.0,-0.71,9521.0,3339666.6,-1,GCIL
2026-08-07,350.0,350.0,345.0,345.0,-1.43,13380.0,4646266.4,-1,GCIL
2026-08-10,340.0,348.0,340.0,345.1,0.03,5383.0,1858029.1,1,GCIL
2026-08-11,344.0,350.0,344.0,347.1,0.58,12073.0,4197761.0,1,GCIL
2026-08-12,346.0,349.0,340.0,342.0,-1.47,11274.0,3868487.1,-1,GCIL
2026-07-13,605.0,610.0,595.1,595.1,-1.64,7347.0,4407592.7,-1,GFCL
2026-07-14,595.1,603.9,592.1,600.0,0.82,8806.0,5254476.5,1,GFCL
2026-07-15,610.0,610.0,600.0,600.0,0.0,7926.0,4783484.3,-1,GFCL
2026-07-16,601.1,609.0,590.1,590.1,-1.65,7913.0,4732063.0,-1,GFCL
2026-07-17,600.0,619.6,600.0,619.6,5.0,7728.0,4730915.0,1,GFCL
2026-07-20,620.0,631.8,620.0,627.9,1.34,10603.0,6634219.3,1,GFCL
2026-07-21,630.0,633.0,615.5,628.9,0.16,12435.0,7779105.8,-1,GFCL
2026-07-22,615.1,639.9,615.1,633.0,0.65,32871.0,20711906.7,1,GFCL
2026-07-23,633.0,636.0,625.1,636.0,0.47,7712.0,4874681.9,1,GFCL
2026-07-24,630.0,632.8,627.0,630.4,-0.88,6717.0,4226586.4,1,GFCL
2026-07-27,630.0,636.0,618.0,618.0,-1.97,10108.0,6339787.1,-1,GFCL
2026-07-28,617.0,625.0,616.2,617.7,-0.05,3144.0,1943631.0,1,GFCL
2026-07-29,626.8,626.8,611.0,613.0,-0.76,5931.0,3649756.0,-1,GFCL
2026-07-30,624.7,624.7,610.0,612.0,-0.16,5737.0,3513573.4,-1,GFCL
2026-07-31,612.0,615.0,603.5,613.1,0.18,5156.0,3149873.5,1,GFCL
2026-08-03,620.0,620.0,610.0,610.0,-0.51,3702.0,2270259.0,-1,GFCL
2026-08-04,610.0,614.3,600.5,614.3,0.7,4301.0,2596970.8,1,GFCL
2026-08-05,610.0,610.0,602.1,604.1,-1.66,10386.0,6287543.2,-1,GFCL
2026-08-06,604.0,607.4,603.0,603.0,-0.18,6743.0,4084820.8,-1,GFCL
2026-08-07,603.0,607.0,601.1,605.0,0.33,5011.0,3024205.0,1,GFCL
2026-08-10,603.0,605.0,600.0,600.0,-0.83,9296.0,5593956.4,-1,GFCL
2026-08-11,605.0,605.0,597.0,602.0,0.33,8533.0,5116277.9,-1,GFCL
2026-08-12,603.0,605.0,597.0,598.0,-0.66,4471.0,2680369.6,-1,GFCL
2026-07-13,218.1,220.4,216.0,216.0,-1.32,22203.0,4834078.6,-1,GHL
2026-07-14,216.0,220.0,213.1,216.1,0.05,39776.0,8591539.9,1,GHL
2026-07-15,219.9,220.9,217.0,217.5,0.65,18462.0,4026748.0,-1,GHL
2026-07-16,219.9,219.9,214.1,215.0,-1.15,31722.0,6840815.9,-1,GHL
2026-07-17,219.0,226.0,219.0,226.0,5.12,45081.0,10089539.8,1,GHL
2026-07-20,237.3,237.3,225.0,233.9,3.5,57167.0,13223619.7,-1,GHL
2026-07-21,237.0,237.0,230.0,232.0,-0.81,57541.0,13388493.4,-1,GHL
2026-07-22,232.1,232.1,229.0,231.0,-0.43,46936.0,10823723.3,-1,GHL
2026-07-23,228.0,232.9,228.0,232.5,0.65,27581.0,6367382.7,1,GHL
2026-07-24,244.1,244.1,231.0,234.0,0.65,40896.0,9530238.7,-1,GHL
2026-07-27,234.0,238.0,229.0,231.0,-1.28,45351.0,10522744.6,-1,GHL
2026-07-28,229.0,231.9,227.3,227.3,-1.6,19202.0,4393380.1,-1,GHL
2026-07-29,230.0,232.0,225.2,227.6,0.13,19151.0,4367401.8,-1,GHL
2026-07-30,230.0,230.0,224.3,224.7,-1.27,21285.0,4807887.8,-1,GHL
2026-07-31,213.5,228.0,213.5,226.8,0.93,22211.0,5000091.9,1,GHL
2026-08-03,227.3,231.0,225.3,227.7,0.4,17585.0,4013473.8,1,GHL
2026-08-04,227.0,229.1,222.5,226.1,-0.7,48554.0,10961353.0,-1,GHL
2026-08-05,214.8,232.0,214.8,231.0,2.17,38309.0,8739429.0,1,GHL
2026-08-06,231.0,233.9,228.2,228.5,-1.08,38653.0,8883099.2,-1,GHL
2026-08-07,230.0,230.5,226.2,228.0,-0.22,48820.0,11167523.0,-1,GHL
2026-08-10,225.2,231.0,225.2,229.8,0.79,29208.0,6668847.3,1,GHL
2026-08-11,233.9,233.9,229.3,230.0,0.09,72720.0,16810388.8,-1,GHL
2026-08-12,230.0,234.0,227.9,229.4,-0.26,48393.0,11112009.2,-1,GHL
2026-07-13,10.21,10.5,10.21,10.35,-1.43,1001600.0,10376558.0,1,GIBF1
2026-07-14,10.27,10.49,10.27,10.3,-0.48,21150.0,218114.0,1,GIBF1
2026-07-15,10.27,10.5,10.27,10.5,1.94,22945.0,236930.5,1,GIBF1
2026-07-16,10.5,10.5,10.28,10.5,0.0,12150.0,127431.0,0,GIBF1
2026-07-17,10.27,10.5,10.27,10.45,-0.48,14450.0,151654.0,1,GIBF1
2026-07-20,10.45,10.5,10.45,10.5,0.48,2200.0,23014.0,1,GIBF1
2026-07-21,10.41,10.8,10.41,10.52,0.19,7070.0,74475.4,1,GIBF1
2026-07-22,10.31,10.79,10.31,10.55,0.29,22650.0,240304.0,1,GIBF1
2026-07-23,10.3,10.41,10.3,10.41,-1.33,300.0,3112.0,1,GIBF1
2026-07-24,10.41,10.7,10.41,10.55,1.34,3000.0,31600.0,1,GIBF1
2026-07-27,10.6,10.7,10.6,10.7,1.42,1900.0,20211.0,1,GIBF1
2026-07-28,10.61,11.01,10.61,10.68,-0.19,10900.0,119655.0,1,GIBF1
2026-07-29,10.53,10.65,10.53,10.65,-0.28,4600.0,48836.0,1,GIBF1
2026-07-30,10.66,10.66,10.65,10.66,0.09,20800.0,221575.0,0,GIBF1
2026-07-31,10.55,10.86,10.55,10.86,1.88,1300.0,13845.0,1,GIBF1
2026-08-03,10.86,10.9,10.69,10.9,0.37,12900.0,138163.0,1,GIBF1
2026-08-04,10.7,10.8,10.7,10.77,-1.19,1900.0,20395.0,1,GIBF1
2026-08-05,10.68,10.73,10.68,10.73,-0.37,1000.0,10700.0,1,GIBF1
2026-08-06,10.7,10.98,10.68,10.98,2.33,5300.0,57534.0,1,GIBF1
2026-08-07,10.7,10.75,10.7,10.75,-2.09,2100.0,22545.0,1,GIBF1
2026-08-10,10.65,11.0,10.65,11.0,2.33,31300.0,342533.0,1,GIBF1
2026-08-11,10.7,10.9,10.7,10.9,-0.91,1300.0,14030.0,1,GIBF1
2026-08-12,10.68,10.69,10.68,10.69,-1.93,3400.0,36313.0,1,GIBF1
2026-07-13,1090.0,1090.0,1065.0,1065.0,-2.29,424.0,452664.6,-1,GILB
2026-07-14,1045.0,1084.9,1043.0,1065.0,0.0,2478.0,2620049.8,1,GILB
2026-07-15,1045.7,1078.8,1020.1,1078.8,1.3,5142.0,5351393.4,1,GILB
2026-07-16,1078.8,1078.8,1046.0,1060.0,-1.74,2608.0,2736049.8,-1,GILB
2026-07-17,1070.0,1100.0,1070.0,1100.0,3.77,1060.0,1162643.0,1,GILB
2026-07-20,1062.3,1132.0,1062.3,1110.1,0.92,3093.0,3465772.7,1,GILB
2026-07-21,1111.1,1131.0,1103.1,1115.0,0.44,1536.0,1714089.6,1,GILB
2026-07-22,1115.0,1122.0,1095.1,1120.8,0.52,3591.0,3968718.3,1,GILB
2026-07-23,1100.0,1117.8,1095.0,1110.0,-0.96,520.0,576104.9,1,GILB
2026-07-24,1090.1,1129.6,1090.1,1120.0,0.9,2229.0,2503709.8,1,GILB
2026-07-27,1119.9,1133.3,1086.4,1096.0,-2.14,4945.0,5417307.3,-1,GILB
2026-07-28,1100.0,1109.0,1094.0,1109.0,1.19,1071.0,1178381.8,1,GILB
2026-07-29,1118.0,1118.0,1086.1,1107.0,-0.18,75.0,82351.3,-1,GILB
2026-07-30,1076.3,1105.9,1076.3,1105.9,-0.1,965.0,1042329.3,1,GILB
2026-07-31,1105.9,1105.9,1078.1,1100.0,-0.53,218.0,237677.0,-1,GILB
2026-08-03,1105.1,1109.9,1092.0,1100.0,0.0,1993.0,2177946.8,-1,GILB
2026-08-04,1087.0,1099.9,1080.0,1094.9,-0.46,2997.0,3239860.0,1,GILB
2026-08-05,1095.0,1100.0,1080.0,1094.0,-0.08,1243.0,1352388.0,-1,GILB
2026-08-06,1094.0,1094.0,1072.0,1090.0,-0.37,1002.0,1091580.0,-1,GILB
2026-08-07,1090.0,1090.0,1067.1,1070.0,-1.83,498.0,533668.4,-1,GILB
2026-08-10,1070.1,1088.9,1055.0,1088.0,1.68,1167.0,1245216.6,1,GILB
2026-08-11,1065.0,1080.0,1065.0,1070.4,-1.62,459.0,491640.6,1,GILB
2026-08-12,1051.8,1078.0,1051.8,1078.0,0.71,89.0,94784.8,1,GILB
2026-07-13,1770.0,1770.0,1725.0,1754.9,-0.85,253.0,439789.8,-1,GLBSL
2026-07-14,1754.9,1780.0,1720.0,1780.0,1.43,505.0,871385.7,1,GLBSL
2026-07-15,1732.0,1783.9,1732.0,1770.0,-0.56,169.0,295198.0,1,GLBSL
2026-07-16,1770.0,1770.0,1721.0,1763.9,-0.34,257.0,445970.2,-1,GLBSL
2026-07-17,1798.9,1798.9,1765.5,1765.5,0.09,579.0,1038605.8,-1,GLBSL
2026-07-20,1780.1,1815.0,1780.1,1815.0,2.8,291.0,523924.4,1,GLBSL
2026-07-21,1900.0,1900.0,1766.1,1766.1,-2.69,236.0,423914.3,-1,GLBSL
2026-07-22,1799.9,1813.0,1799.9,1813.0,2.66,499.0,898539.7,1,GLBSL
2026-07-23,1740.0,1820.0,1740.0,1793.0,-1.1,239.0,428942.0,1,GLBSL
2026-07-24,1793.0,1826.0,1792.0,1800.0,0.39,728.0,1316174.5,1,GLBSL
2026-07-27,1710.0,1850.0,1710.0,1800.0,0.0,246.0,439654.6,1,GLBSL
2026-07-28,1710.0,1820.0,1710.0,1795.0,-0.28,163.0,291700.5,1,GLBSL
2026-07-29,1780.0,1810.0,1780.0,1810.0,0.84,479.0,862847.0,1,GLBSL
2026-07-30,1815.0,1820.0,1782.1,1820.0,0.55,466.0,837393.7,1,GLBSL
2026-07-31,1845.0,1845.0,1791.0,1810.0,-0.55,189.0,340895.0,-1,GLBSL
2026-08-03,1830.0,1830.0,1775.5,1780.0,-1.66,97.0,173265.7,-1,GLBSL
2026-08-04,1725.0,1796.0,1725.0,1796.0,0.9,283.0,503438.2,1,GLBSL
2026-08-05,1710.0,1814.0,1710.0,1790.0,-0.33,181.0,321939.3,1,GLBSL
2026-08-06,1790.0,1801.0,1776.0,1801.0,0.61,123.0,218694.5,1,GLBSL
2026-08-07,1801.0,1801.0,1772.0,1795.9,-0.28,279.0,495322.0,-1,GLBSL
2026-08-10,1752.0,1788.0,1752.0,1785.0,-0.61,75.0,133019.1,1,GLBSL
2026-08-11,1755.0,1774.0,1755.0,1770.0,-0.84,278.0,489920.3,1,GLBSL
2026-08-12,1740.0,1792.9,1740.0,1753.0,-0.96,206.0,363477.0,1,GLBSL
2026-07-13,247.0,248.0,240.1,240.9,-2.55,50363.0,12210152.5,-1,GLH
2026-07-14,237.2,248.0,237.1,244.9,1.66,28785.0,6942466.2,1,GLH
2026-07-15,245.0,250.0,242.0,244.9,0.0,28160.0,6925872.2,-1,GLH
2026-07-16,244.0,249.5,241.0,243.0,-0.78,21079.0,5130401.3,-1,GLH
2026-07-17,250.2,256.0,247.0,254.1,4.57,55312.0,13911745.4,1,GLH
2026-07-20,255.0,267.5,254.0,265.0,4.29,40366.0,10576962.8,1,GLH
2026-07-21,263.1,266.0,258.0,263.9,-0.42,62887.0,16450456.3,1,GLH
2026-07-22,260.0,261.0,258.0,258.9,-1.89,29543.0,7670187.7,-1,GLH
2026-07-23,255.1,261.0,252.9,260.8,0.73,37034.0,9459455.5,1,GLH
2026-07-24,255.1,267.9,255.1,259.0,-0.69,26654.0,6944975.3,1,GLH
2026-07-27,257.1,261.9,253.2,254.0,-1.93,24815.0,6360501.3,-1,GLH
2026-07-28,255.0,256.9,251.0,253.0,-0.39,11075.0,2802974.2,-1,GLH
2026-07-29,251.0,257.5,251.0,253.6,0.24,11310.0,2887493.7,1,GLH
2026-07-30,253.6,254.8,251.0,252.0,-0.63,24736.0,6239474.0,-1,GLH
2026-07-31,250.3,259.0,248.0,259.0,2.78,67704.0,17228294.3,1,GLH
2026-08-03,263.0,263.9,257.0,257.1,-0.73,38705.0,10064014.1,-1,GLH
2026-08-04,253.7,258.9,253.7,257.8,0.27,23281.0,5984749.1,1,GLH
2026-08-05,255.4,258.9,255.4,258.0,0.08,19639.0,5058984.0,1,GLH
2026-08-06,257.0,260.5,256.5,257.4,-0.23,19944.0,5153504.0,1,GLH
2026-08-07,255.0,259.0,255.0,256.9,-0.19,15144.0,3876759.2,1,GLH
2026-08-10,260.3,260.3,254.1,257.6,0.27,20175.0,5155509.2,-1,GLH
2026-08-11,257.1,260.0,255.5,258.2,0.23,21008.0,5417545.6,1,GLH
2026-08-12,258.0,260.0,255.2,257.2,-0.39,13752.0,3538529.5,-1,GLH
2026-07-13,1163.1,1174.9,1130.5,1174.0,-2.09,833.0,947538.5,1,GMFBS
2026-07-14,1232.0,1232.0,1164.0,1196.0,1.87,351.0,418771.0,-1,GMFBS
2026-07-15,1253.0,1253.0,1179.1,1199.0,0.25,80.0,95847.0,-1,GMFBS
2026-07-16,1170.0,1188.0,1164.2,1188.0,-0.92,207.0,242154.6,1,GMFBS
2026-07-17,1222.0,1222.0,1153.0,1200.0,1.01,1033.0,1238590.0,-1,GMFBS
2026-07-20,1220.0,1228.9,1195.0,1215.0,1.25,647.0,779713.3,-1,GMFBS
2026-07-21,1206.1,1251.0,1206.1,1251.0,2.96,1000.0,1247084.4,1,GMFBS
2026-07-22,1313.0,1313.0,1206.1,1251.7,0.06,1212.0,1493132.0,-1,GMFBS
2026-07-23,1251.7,1251.7,1221.0,1246.0,-0.46,145.0,179589.4,-1,GMFBS
2026-07-24,1220.2,1246.0,1220.0,1246.0,0.0,429.0,527569.5,1,GMFBS
2026-07-27,1220.0,1220.0,1212.3,1212.3,-2.7,175.0,212915.0,-1,GMFBS
2026-07-28,1212.5,1212.5,1212.5,1212.5,0.02,10.0,12125.0,0,GMFBS
2026-07-29,1273.0,1273.0,1186.1,1243.1,2.52,404.0,496263.7,-1,GMFBS
2026-07-30,1305.2,1305.2,1222.2,1222.2,-1.68,201.0,248385.0,-1,GMFBS
2026-07-31,1238.9,1238.9,1202.0,1215.0,-0.59,263.0,319942.9,-1,GMFBS
2026-08-03,1249.0,1249.0,1190.2,1230.0,1.23,844.0,1015799.4,-1,GMFBS
2026-08-04,1200.0,1215.0,1185.0,1215.0,-1.22,273.0,326930.0,1,GMFBS
2026-08-05,1215.0,1215.0,1210.0,1215.0,0.0,309.0,373708.0,0,GMFBS
2026-08-06,1200.0,1215.0,1178.6,1183.1,-2.63,410.0,488157.4,-1,GMFBS
2026-08-07,1218.0,1218.0,1150.0,1154.0,-2.46,1933.0,2275696.2,-1,GMFBS
2026-08-10,1188.0,1188.0,1140.0,1174.0,1.73,997.0,1146874.4,-1,GMFBS
2026-08-11,1205.0,1205.0,1132.0,1133.0,-3.49,850.0,978693.5,-1,GMFBS
2026-08-12,1115.0,1160.0,1115.0,1152.0,1.68,222.0,254001.0,1,GMFBS
2026-07-13,450.2,454.0,443.0,448.0,-1.54,7829.0,3510817.8,-1,GMFIL
2026-07-14,448.0,452.0,440.0,449.0,0.22,10299.0,4598713.8,1,GMFIL
2026-07-15,459.0,463.0,451.0,454.0,1.11,11606.0,5291746.5,-1,GMFIL
2026-07-16,452.0,460.0,447.0,450.0,-0.88,12841.0,5796679.7,-1,GMFIL
2026-07-17,447.0,473.8,447.0,468.0,4.0,16105.0,7496128.5,1,GMFIL
2026-07-20,468.0,475.0,463.0,470.0,0.43,13779.0,6440752.2,1,GMFIL
2026-07-21,470.0,476.8,464.0,469.9,-0.02,26242.0,12285994.4,-1,GMFIL
2026-07-22,472.9,484.9,465.7,475.0,1.09,39826.0,19019352.4,1,GMFIL
2026-07-23,498.0,498.0,467.1,478.7,0.78,8225.0,3899272.4,-1,GMFIL
2026-07-24,479.9,480.0,470.0,473.0,-1.19,14104.0,6694862.0,-1,GMFIL
2026-07-27,482.0,484.7,465.1,469.9,-0.66,30013.0,14324892.8,-1,GMFIL
2026-07-28,460.0,477.6,460.0,471.0,0.23,8641.0,4056757.9,1,GMFIL
2026-07-29,479.9,479.9,460.0,464.9,-1.3,12422.0,5772465.6,-1,GMFIL
2026-07-30,465.0,474.0,456.1,459.0,-1.27,11836.0,5452764.8,-1,GMFIL
2026-07-31,456.5,474.0,450.0,470.0,2.4,59668.0,27670238.6,1,GMFIL
2026-08-03,470.0,476.6,465.0,472.5,0.53,10160.0,4743841.5,1,GMFIL
2026-08-04,462.1,472.9,460.0,465.0,-1.59,9678.0,4486346.9,1,GMFIL
2026-08-05,465.0,474.9,459.0,463.9,-0.24,15219.0,7085807.0,-1,GMFIL
2026-08-06,472.0,472.0,455.3,455.3,-1.85,6873.0,3159958.5,-1,GMFIL
2026-08-07,457.2,461.0,456.0,456.3,0.22,5395.0,2469656.3,-1,GMFIL
2026-08-10,460.0,460.0,450.0,457.0,0.15,10821.0,4892376.5,-1,GMFIL
2026-08-11,457.0,460.0,457.0,457.0,0.0,3454.0,1580449.5,0,GMFIL
2026-08-12,452.0,460.0,446.0,449.1,-1.73,13326.0,6014020.2,-1,GMFIL
2026-07-13,1145.0,1150.5,1120.0,1150.0,0.09,1473.0,1661014.1,1,GMLI
2026-07-14,1125.1,1220.0,1114.0,1170.0,1.74,3443.0,3920245.0,1,GMLI
2026-07-15,1145.5,1179.0,1145.5,1173.0,0.26,598.0,694545.0,1,GMLI
2026-07-16,1173.0,1184.9,1140.0,1169.9,-0.26,934.0,1075707.0,-1,GMLI
2026-07-17,1140.0,1271.0,1140.0,1231.0,5.22,6158.0,7422683.2,1,GMLI
2026-07-20,1267.9,1267.9,1200.0,1253.9,1.86,2413.0,2957674.8,-1,GMLI
2026-07-21,1286.9,1286.9,1200.4,1248.9,-0.4,450.0,557792.0,-1,GMLI
2026-07-22,1215.0,1267.0,1180.0,1200.0,-3.92,5648.0,6788989.8,-1,GMLI
2026-07-23,1201.0,1201.0,1170.5,1195.0,-0.42,2062.0,2432253.5,-1,GMLI
2026-07-24,1159.2,1220.0,1148.5,1186.5,-0.71,4148.0,4865531.8,1,GMLI
2026-07-27,1187.0,1205.0,1157.0,1175.0,-0.97,853.0,998657.3,-1,GMLI
2026-07-28,1170.0,1170.0,1151.3,1164.0,-0.94,1130.0,1311212.0,-1,GMLI
2026-07-29,1145.8,1172.0,1145.8,1155.0,-0.77,1061.0,1231961.5,1,GMLI
2026-07-30,1135.4,1148.4,1135.4,1137.1,-1.55,851.0,971552.8,1,GMLI
2026-07-31,1130.1,1149.9,1130.1,1149.0,1.05,444.0,505211.8,1,GMLI
2026-08-03,1177.0,1177.0,1132.3,1145.0,-0.35,3513.0,4014013.4,-1,GMLI
2026-08-04,1121.0,1145.0,1121.0,1131.9,-1.14,776.0,873010.0,1,GMLI
2026-08-05,1110.0,1143.0,1110.0,1117.0,-1.32,2078.0,2326965.6,1,GMLI
2026-08-06,1117.0,1134.0,1085.1,1104.0,-1.16,3222.0,3573973.0,-1,GMLI
2026-08-07,1106.0,1129.9,1090.0,1105.0,0.09,2767.0,3049589.0,-1,GMLI
2026-08-10,1086.5,1100.0,1086.0,1100.0,-0.45,2828.0,3087439.5,1,GMLI
2026-08-11,1086.0,1161.6,1011.0,1103.0,0.27,3249.0,3564961.5,1,GMLI
2026-08-12,1105.0,1140.0,1075.0,1095.0,-0.73,1005.0,1106086.5,-1,GMLI
2026-07-13,1049.0,1049.0,1013.0,1027.0,-1.15,10975.0,11187266.7,-1,GRDBL
2026-07-14,1027.0,1040.0,1000.0,1020.0,-0.68,11619.0,11826762.4,-1,GRDBL
2026-07-15,1010.1,1124.5,1010.1,1053.0,3.24,21518.0,22386821.6,1,GRDBL
2026-07-16,1000.4,1061.3,1000.4,1038.9,-1.34,4462.0,4607811.0,1,GRDBL
2026-07-17,1059.8,1059.8,1032.5,1058.0,1.84,6687.0,7010819.2,-1,GRDBL
2026-07-20,1110.0,1110.0,1051.0,1088.0,2.84,34396.0,37272266.2,-1,GRDBL
2026-07-21,1055.5,1098.9,1055.5,1077.0,-1.01,6926.0,7477627.9,1,GRDBL
2026-07-22,1030.0,1089.0,1030.0,1078.0,0.09,16288.0,17470813.5,1,GRDBL
2026-07-23,1024.1,1097.0,1024.1,1085.0,0.65,10852.0,11686422.7,1,GRDBL
2026-07-24,1130.0,1130.0,1054.1,1088.0,0.28,14563.0,15784724.7,-1,GRDBL
2026-07-27,1033.6,1112.0,1033.6,1074.0,-1.29,6239.0,6717550.4,1,GRDBL
2026-07-28,1050.0,1079.7,1045.0,1068.0,-0.56,5015.0,5362250.8,1,GRDBL
2026-07-29,1121.0,1121.0,1054.9,1071.9,0.37,4213.0,4480100.2,-1,GRDBL
2026-07-30,1059.0,1074.8,1053.0,1063.0,-0.83,15731.0,16762139.7,1,GRDBL
2026-07-31,1083.0,1083.0,1052.0,1072.0,0.85,11399.0,12207769.5,-1,GRDBL
2026-08-03,1051.0,1121.0,1051.0,1100.3,2.64,70991.0,78233136.4,1,GRDBL
2026-08-04,1120.0,1120.0,1086.4,1090.7,-0.87,13157.0,14432529.5,-1,GRDBL
2026-08-05,1090.0,1118.0,1037.9,1072.0,-1.71,48666.0,52478053.6,-1,GRDBL
2026-08-06,1050.0,1066.0,1035.0,1047.8,-2.26,24575.0,25745506.1,-1,GRDBL
2026-08-07,1030.0,1063.9,1030.0,1049.0,0.11,9453.0,9905964.6,1,GRDBL
2026-08-10,1101.0,1101.0,1021.2,1059.0,0.95,6720.0,7054668.9,-1,GRDBL
2026-08-11,1090.0,1090.0,1030.0,1050.9,-0.76,7748.0,8149311.5,-1,GRDBL
2026-08-12,1031.2,1052.0,1031.2,1050.0,-0.09,4984.0,5208925.6,1,GRDBL
2026-07-13,10.0,10.0,9.95,9.95,-0.5,24850.0,248155.0,-1,GSY
2026-07-14,9.95,10.1,9.45,10.1,1.51,6800.0,67865.0,1,GSY
2026-07-15,10.0,10.1,10.0,10.0,-0.99,9550.0,95604.5,0,GSY
2026-07-16,9.91,10.3,9.6,10.3,3.0,32000.0,323799.0,1,GSY
2026-07-20,10.0,10.0,9.7,10.0,-2.91,95600.0,955870.0,0,GSY
2026-07-21,10.0,10.0,10.0,10.0,0.0,23120.0,231200.0,0,GSY
2026-07-22,10.0,10.0,9.9,9.9,-1.0,75400.0,753960.0,-1,GSY
2026-07-23,10.0,10.0,9.9,9.9,0.0,2800.0,27990.0,-1,GSY
2026-07-24,9.93,9.93,9.4,9.42,-4.85,6520.0,61981.68,-1,GSY
2026-07-27,9.51,9.87,9.51,9.87,4.78,2100.0,20308.0,1,GSY
2026-07-28,9.8,10.46,9.68,10.46,5.98,12150.0,125646.0,1,GSY
2026-07-29,10.15,10.15,9.75,9.77,-6.6,10800.0,106419.5,-1,GSY
2026-07-30,9.5,9.88,9.5,9.8,0.31,2600.0,25161.0,1,GSY
2026-07-31,9.53,9.8,9.53,9.65,-1.53,900.0,8648.0,1,GSY
2026-08-03,9.56,9.92,9.56,9.92,2.8,3350.0,32337.0,1,GSY
2026-08-04,9.63,9.7,9.58,9.59,-3.33,2500.0,24065.0,-1,GSY
2026-08-05,9.51,9.69,9.51,9.69,1.04,7510.0,72399.3,1,GSY
2026-08-06,9.51,9.53,9.51,9.51,-1.86,3450.0,32822.5,0,GSY
2026-08-07,9.5,9.78,9.5,9.52,0.11,56540.0,547517.0,1,GSY
2026-08-10,9.51,9.55,9.51,9.51,-0.11,3700.0,35197.0,0,GSY
2026-08-11,9.5,9.7,9.45,9.5,-0.11,4760.0,45227.5,0,GSY
2026-08-12,9.7,9.75,9.46,9.5,0.0,1150.0,11026.0,-1,GSY
2026-07-13,546.0,546.0,537.0,538.5,-1.19,6731.0,3644802.0,-1,GUFL
2026-07-14,530.0,557.0,529.0,546.9,1.56,10963.0,5866458.4,1,GUFL
2026-07-15,550.0,550.0,540.1,543.0,-0.71,5311.0,2893491.3,-1,GUFL
2026-07-16,545.0,549.0,540.0,540.0,-0.55,2429.0,1320620.0,-1,GUFL
2026-07-17,555.5,560.0,549.9,559.0,3.52,15375.0,8562102.5,1,GUFL
2026-07-20,560.0,572.1,560.0,572.1,2.34,15009.0,8522831.9,1,GUFL
2026-07-21,572.0,575.1,560.0,565.0,-1.24,15007.0,8498994.6,-1,GUFL
2026-07-22,560.0,575.0,560.0,565.0,0.0,11325.0,6444589.7,1,GUFL
2026-07-23,575.0,575.0,550.1,564.0,-0.18,10684.0,5974729.3,-1,GUFL
2026-07-24,559.0,570.0,557.0,557.0,-1.24,5322.0,2986153.7,-1,GUFL
2026-07-27,566.9,594.9,566.9,578.5,3.86,157711.0,91928358.8,1,GUFL
2026-07-28,588.0,597.0,579.0,584.0,0.95,66026.0,38800523.4,-1,GUFL
2026-07-29,584.0,590.0,573.0,579.0,-0.86,24743.0,14368921.2,-1,GUFL
2026-07-30,576.4,582.9,570.0,575.0,-0.69,19640.0,11255225.1,-1,GUFL
2026-07-31,570.0,579.0,569.0,572.0,-0.52,32720.0,18711691.9,1,GUFL
2026-08-03,577.0,584.2,571.0,574.0,0.35,19694.0,11337991.8,-1,GUFL
2026-08-04,570.0,583.6,565.0,568.9,-0.89,37853.0,21560428.0,-1,GUFL
2026-08-05,561.3,569.8,560.0,563.0,-1.04,16819.0,9477520.3,1,GUFL
2026-08-06,561.0,578.0,561.0,575.9,2.29,28866.0,16455429.9,1,GUFL
2026-08-07,570.0,576.0,565.1,569.9,-1.04,10774.0,6149992.9,-1,GUFL
2026-08-10,564.0,567.0,560.0,560.4,-1.67,13187.0,7423526.2,-1,GUFL
2026-08-11,573.0,575.0,561.0,573.0,2.25,28519.0,16299057.1,0,GUFL
2026-08-12,575.0,585.0,572.0,576.0,0.52,14101.0,8110223.7,1,GUFL
2026-07-13,462.0,475.0,462.0,470.0,0.04,9604.0,4466145.5,1,GVL
2026-07-14,463.0,480.0,463.0,466.0,-0.85,10331.0,4853331.6,1,GVL
2026-07-15,466.0,479.9,466.0,470.0,0.86,3334.0,1575158.7,1,GVL
2026-07-16,468.0,480.0,467.0,480.0,2.13,18946.0,8924974.0,1,GVL
2026-07-17,474.3,491.3,474.3,491.3,2.35,14130.0,6897476.8,1,GVL
2026-07-20,495.0,500.0,485.3,497.0,1.16,12533.0,6186600.2,1,GVL
2026-07-21,496.0,497.0,488.0,492.0,-1.01,21058.0,10355297.9,-1,GVL
2026-07-22,486.0,492.0,485.0,490.0,-0.41,12399.0,6038388.1,1,GVL
2026-07-23,480.2,490.0,480.2,490.0,0.0,5271.0,2562751.4,1,GVL
2026-07-24,482.0,492.8,482.0,485.0,-1.02,15952.0,7776251.4,1,GVL
2026-07-27,482.4,490.0,482.4,485.0,0.0,11292.0,5485757.8,1,GVL
2026-07-28,485.0,490.0,479.2,487.9,0.6,17359.0,8385028.7,1,GVL
2026-07-29,480.2,489.8,480.0,486.0,-0.39,14838.0,7171383.6,1,GVL
2026-07-30,476.1,488.0,476.1,484.5,-0.31,12929.0,6221981.1,1,GVL
2026-07-31,480.0,489.5,477.6,487.0,0.52,8364.0,4042626.6,1,GVL
2026-08-03,487.0,492.0,483.0,483.4,-0.74,14857.0,7220066.5,-1,GVL
2026-08-04,483.0,485.0,480.0,481.1,-0.48,6158.0,2969718.4,-1,GVL
2026-08-05,481.0,485.0,479.4,482.0,0.19,4385.0,2111868.2,1,GVL
2026-08-06,480.0,487.9,480.0,480.2,-0.37,4787.0,2300577.4,1,GVL
2026-08-07,479.0,484.0,476.0,482.0,0.37,6322.0,3036836.4,1,GVL
2026-08-10,480.2,485.0,476.4,480.0,-0.41,1588.0,760859.1,-1,GVL
2026-08-11,473.0,481.0,473.0,480.5,0.1,11966.0,5739055.2,1,GVL
2026-08-12,475.3,481.0,475.1,481.0,0.1,8931.0,4274985.9,1,GVL
2026-07-13,1072.5,1100.0,1072.5,1114.0,3.87,199.0,218945.0,1,GWFD83
2026-07-14,1114.0,1135.0,1110.0,1120.0,0.54,302.0,341524.7,1,GWFD83
2026-07-15,1120.0,1140.8,1120.0,1140.8,1.86,11.0,12584.0,1,GWFD83
2026-07-16,1140.8,1140.8,1140.8,1153.0,1.07,6.0,6962.8,1,GWFD83
2026-07-17,1153.0,1160.0,1153.0,1160.0,0.61,46.0,53410.6,1,GWFD83
2026-07-20,1160.0,1160.0,1160.0,1158.0,-0.17,2.0,2376.0,-1,GWFD83
2026-07-30,1158.0,1158.0,1158.0,1123.3,-3.0,1.0,1123.3,-1,GWFD83
2026-07-31,1123.3,1123.3,1123.3,1089.7,-2.99,1.0,1089.7,-1,GWFD83
2026-08-04,1057.1,1057.1,1031.0,1030.2,-5.46,125.0,129287.5,-1,GWFD83
2026-08-05,1030.2,1030.2,1030.2,1085.0,5.32,2.0,2146.0,1,GWFD83
2026-08-12,1085.0,1085.0,1085.0,1054.3,-2.83,11.0,11845.2,-1,GWFD83
2026-07-13,11.45,11.7,11.45,11.7,-0.85,1220.0,14123.6,1,H8020
2026-07-14,11.5,11.56,11.5,11.55,-1.28,3030.0,35001.5,1,H8020
2026-07-15,11.55,12.15,11.55,12.0,3.9,3060.0,35608.0,1,H8020
2026-07-16,11.65,11.65,11.65,11.65,-2.92,10000.0,116500.0,0,H8020
2026-07-17,11.35,11.72,11.35,11.72,0.6,550.0,6384.5,1,H8020
2026-07-20,11.55,11.62,11.55,11.62,-0.85,800.0,9285.0,1,H8020
2026-07-21,11.56,11.97,11.56,11.97,3.01,2300.0,27139.0,1,H8020
2026-07-22,11.97,12.3,11.97,12.3,2.76,469.0,5735.7,1,H8020
2026-07-23,12.3,12.3,11.8,12.0,-2.44,4456.0,53668.8,-1,H8020
2026-07-24,12.0,12.3,12.0,12.0,0.0,1530.0,18440.0,0,H8020
2026-07-27,11.8,11.81,11.8,11.81,-1.58,1000.0,11809.0,1,H8020
2026-07-28,11.7,12.1,11.7,11.81,0.0,800.0,9431.0,1,H8020
2026-07-29,11.7,11.81,11.7,11.7,-0.93,3200.0,37681.0,0,H8020
2026-07-30,11.7,11.7,11.65,11.7,0.0,3700.0,43280.0,0,H8020
2026-07-31,11.8,11.8,11.49,11.63,-0.6,800.0,9319.0,-1,H8020
2026-08-03,11.62,11.7,11.62,11.7,0.6,400.0,4668.0,1,H8020
2026-08-04,12.05,12.29,11.94,12.24,4.62,22090.0,269343.5,1,H8020
2026-08-05,12.0,12.3,11.9,12.0,-1.96,33705.0,413355.06,0,H8020
2026-08-06,11.75,12.26,11.75,12.2,1.67,10858.0,131521.6,1,H8020
2026-08-07,11.9,12.2,11.86,12.2,0.0,3900.0,46781.0,1,H8020
2026-08-10,12.0,12.26,12.0,12.01,-1.56,1200.0,14504.0,1,H8020
2026-08-11,12.0,12.0,11.67,11.67,-2.83,700.0,8367.0,-1,H8020
2026-08-12,11.72,12.07,11.72,12.07,3.43,600.0,7161.0,1,H8020
2026-07-13,681.0,690.0,673.0,679.9,-1.44,4910.0,3333310.5,-1,HATHY
2026-07-14,665.1,690.0,662.0,690.0,1.49,3689.0,2491612.8,1,HATHY
2026-07-15,699.0,699.0,672.1,672.2,-2.58,6928.0,4699568.9,-1,HATHY
2026-07-16,675.0,675.0,660.0,672.9,0.1,6428.0,4277687.4,-1,HATHY
2026-07-17,675.0,720.0,675.0,720.0,7.0,10866.0,7672683.5,1,HATHY
2026-07-20,720.0,782.0,720.0,782.0,8.61,11632.0,8665131.5,1,HATHY
2026-07-21,785.0,785.0,750.0,770.0,-1.53,30191.0,23079493.6,-1,HATHY
2026-07-22,770.0,770.0,730.5,755.0,-1.95,9728.0,7287762.7,-1,HATHY
2026-07-23,767.0,767.0,744.2,757.9,0.38,3251.0,2443182.9,-1,HATHY
2026-07-24,759.0,780.0,750.0,755.0,-0.38,11987.0,9128127.3,-1,HATHY
2026-07-27,750.0,759.0,725.0,737.0,-2.38,10058.0,7382631.8,-1,HATHY
2026-07-28,737.0,740.0,720.0,721.0,-2.17,5096.0,3688974.4,-1,HATHY
2026-07-29,742.6,742.6,703.4,726.0,0.69,3398.0,2450212.6,-1,HATHY
2026-07-30,726.0,739.0,711.0,712.0,-1.93,3152.0,2256331.3,-1,HATHY
2026-07-31,727.0,727.0,702.0,714.0,0.28,4107.0,2911448.9,-1,HATHY
2026-08-03,701.0,722.0,697.0,705.0,-1.26,5364.0,3774543.8,1,HATHY
2026-08-04,690.1,702.0,685.9,692.0,-1.84,3739.0,2593831.1,1,HATHY
2026-08-05,726.0,726.0,680.0,696.0,0.58,4134.0,2852091.3,-1,HATHY
2026-08-06,681.0,696.9,681.0,685.9,-1.45,2640.0,1815497.7,1,HATHY
2026-08-07,681.2,694.5,681.0,693.0,1.04,4014.0,2760286.8,1,HATHY
2026-08-10,705.0,705.0,680.0,680.0,-1.88,7602.0,5203221.8,-1,HATHY
2026-08-11,646.0,705.0,646.0,680.0,0.0,7526.0,5151937.8,1,HATHY
2026-08-12,681.0,695.0,673.0,676.0,-0.59,4187.0,2837723.2,-1,HATHY
2026-07-13,192.8,193.0,189.6,190.8,-1.04,60904.0,11613287.7,-1,HBL
2026-07-14,195.0,195.0,188.9,191.8,0.52,35099.0,6720673.7,-1,HBL
2026-07-15,190.0,198.7,190.0,193.0,0.63,27955.0,5380949.8,1,HBL
2026-07-16,193.0,197.0,191.0,194.5,0.78,24590.0,4735013.7,1,HBL
2026-07-17,192.5,200.3,192.0,199.5,2.57,56571.0,11245394.3,1,HBL
2026-07-20,190.0,202.2,190.0,200.7,0.6,28825.0,5781169.3,1,HBL
2026-07-21,200.0,202.5,198.2,202.0,0.65,74503.0,14925280.8,1,HBL
2026-07-22,199.2,202.4,198.0,200.9,-0.54,29548.0,5909795.7,1,HBL
2026-07-23,200.0,203.0,194.0,202.8,0.95,44740.0,8958064.4,1,HBL
2026-07-24,192.7,216.4,192.7,206.0,1.58,144301.0,29710713.5,1,HBL
2026-07-27,206.0,210.0,201.4,201.9,-1.99,92763.0,19119967.8,-1,HBL
2026-07-28,201.9,205.0,199.0,200.8,-0.54,45079.0,9078956.5,-1,HBL
2026-07-29,200.8,201.9,198.0,198.0,-1.39,49632.0,9898051.1,-1,HBL
2026-07-30,188.1,202.0,188.1,199.0,0.51,33687.0,6649306.0,1,HBL
2026-07-31,197.0,216.0,195.8,202.0,1.51,61738.0,12369771.1,1,HBL
2026-08-03,192.5,206.0,192.5,202.9,0.45,86099.0,17500890.4,1,HBL
2026-08-04,202.0,204.9,198.0,200.0,-1.43,50421.0,10142149.9,-1,HBL
2026-08-05,200.0,200.0,196.5,197.3,-1.35,42244.0,8342572.0,-1,HBL
2026-08-06,187.5,199.0,187.5,194.9,-1.22,146075.0,28178940.6,1,HBL
2026-08-07,194.0,197.0,193.0,194.8,-0.05,33399.0,6495104.7,1,HBL
2026-08-10,194.0,196.0,193.1,194.8,0.0,45300.0,8806641.1,1,HBL
2026-08-11,190.0,197.0,190.0,194.0,-0.41,57231.0,11099003.0,1,HBL
2026-08-12,194.0,201.0,193.4,195.0,0.52,118391.0,23477899.5,1,HBL
2026-07-13,205.3,205.5,201.0,202.9,-1.02,92734.0,18841893.1,-1,HDHPC
2026-07-14,192.8,207.0,192.8,206.0,1.53,74524.0,15231600.8,1,HDHPC
2026-07-15,195.7,209.9,195.7,206.0,0.0,74341.0,15358432.5,1,HDHPC
2026-07-16,206.0,208.0,201.3,203.0,-1.46,91767.0,18692621.3,-1,HDHPC
2026-07-17,206.0,217.0,206.0,216.1,6.45,208257.0,44297606.4,1,HDHPC
2026-07-20,215.0,225.5,214.0,222.0,2.73,259206.0,57306268.2,1,HDHPC
2026-07-21,222.0,225.5,217.2,220.5,-0.68,351246.0,77550247.8,-1,HDHPC
2026-07-22,218.0,222.0,217.1,221.0,0.23,181769.0,39884186.5,1,HDHPC
2026-07-23,218.1,221.0,216.8,220.8,-0.09,123561.0,26982595.8,1,HDHPC
2026-07-24,217.0,222.9,217.0,218.6,-1.0,145917.0,32106974.4,1,HDHPC
2026-07-27,220.6,222.0,212.5,214.0,-2.1,180860.0,39293028.1,-1,HDHPC
2026-07-28,212.0,217.7,211.5,215.9,0.89,133774.0,28715385.5,1,HDHPC
2026-07-29,217.7,218.0,212.0,214.5,-0.65,77244.0,16514711.5,-1,HDHPC
2026-07-30,212.0,215.0,210.5,213.5,-0.47,76132.0,16143403.0,1,HDHPC
2026-07-31,214.0,215.0,208.0,213.7,0.09,106601.0,22631405.7,-1,HDHPC
2026-08-03,210.1,217.0,210.1,212.5,-0.56,99278.0,21254053.7,1,HDHPC
2026-08-04,210.0,213.8,210.0,211.9,-0.28,83757.0,17692415.4,1,HDHPC
2026-08-05,213.8,213.8,209.0,211.5,-0.19,96936.0,20418337.2,-1,HDHPC
2026-08-06,213.9,215.0,209.9,209.9,-0.76,80586.0,17074700.9,-1,HDHPC
2026-08-07,210.0,210.7,208.0,208.0,-0.91,71273.0,14889405.5,-1,HDHPC
2026-08-10,198.0,210.5,198.0,207.0,-0.48,76396.0,15859813.5,1,HDHPC
2026-08-11,207.0,211.0,205.0,207.9,0.43,63863.0,13292576.2,1,HDHPC
2026-08-12,197.6,210.9,197.6,207.0,-0.43,51851.0,10759933.0,1,HDHPC
2026-07-13,1145.0,1146.0,1140.0,1142.0,-0.05,34920.0,39851442.9,-1,HDL
2026-07-14,1149.0,1149.0,1138.0,1145.0,0.26,31356.0,35850735.5,-1,HDL
2026-07-15,1145.0,1152.0,1143.0,1143.0,-0.17,23382.0,26809267.6,-1,HDL
2026-07-16,1143.2,1147.2,1135.0,1140.0,-0.26,36014.0,41073004.9,-1,HDL
2026-07-17,1148.0,1163.9,1148.0,1163.9,2.1,20089.0,23269914.7,1,HDL
2026-07-20,1191.0,1191.0,1159.0,1179.9,1.45,32918.0,38670586.7,-1,HDL
2026-07-21,1180.0,1199.0,1178.0,1188.5,0.73,48777.0,57951312.7,1,HDL
2026-07-22,1181.0,1189.9,1170.2,1178.0,-0.88,30326.0,35767657.0,-1,HDL
2026-07-23,1189.0,1190.0,1165.1,1179.0,0.08,19870.0,23398681.7,-1,HDL
2026-07-24,1180.0,1188.0,1166.0,1166.0,-1.1,24277.0,28578996.8,-1,HDL
2026-07-27,1199.0,1199.0,1161.0,1164.8,-0.1,20739.0,24242135.7,-1,HDL
2026-07-28,1177.9,1177.9,1160.0,1167.5,0.23,18727.0,21879152.2,-1,HDL
2026-07-29,1125.8,1171.0,1125.8,1165.0,-0.21,12341.0,14399514.8,1,HDL
2026-07-30,1170.0,1170.0,1160.0,1161.2,-0.33,17763.0,20672229.5,-1,HDL
2026-07-31,1167.0,1167.0,1160.3,1164.0,0.24,18896.0,21978509.5,-1,HDL
2026-08-03,1170.0,1175.3,1165.0,1171.0,0.6,33432.0,39147261.9,1,HDL
2026-08-04,1170.0,1172.0,1167.0,1167.3,-0.32,12403.0,14497015.3,-1,HDL
2026-08-05,1170.0,1172.9,1165.0,1172.0,0.4,15030.0,17592093.3,1,HDL
2026-08-06,1174.0,1174.0,1167.0,1167.0,-0.43,15131.0,17698202.3,-1,HDL
2026-08-07,1170.0,1175.0,1165.1,1167.0,0.0,12427.0,14504484.4,-1,HDL
2026-08-10,1175.0,1175.0,1165.0,1165.1,-0.16,16464.0,19207680.4,-1,HDL
2026-08-11,1164.0,1174.0,1161.0,1162.0,-0.27,17397.0,20264104.6,-1,HDL
2026-08-12,1120.0,1185.0,1120.0,1166.0,0.34,17422.0,20325265.1,1,HDL
2026-07-13,509.0,515.0,503.0,510.0,0.0,19501.0,9869776.1,1,HEI
2026-07-14,507.0,515.0,489.9,512.9,0.57,33367.0,16637548.2,1,HEI
2026-07-15,512.0,522.0,501.0,510.9,-0.39,6421.0,3286292.5,-1,HEI
2026-07-16,526.0,526.0,510.0,520.0,1.78,7317.0,3767647.8,-1,HEI
2026-07-17,534.9,540.0,526.0,535.0,2.88,7861.0,4194279.8,1,HEI
2026-07-20,523.0,544.0,523.0,540.0,0.93,4950.0,2633809.0,1,HEI
2026-07-21,541.0,548.9,527.1,539.9,-0.02,6688.0,3578392.6,-1,HEI
2026-07-22,535.0,542.0,528.1,532.0,-1.46,8219.0,4407171.8,-1,HEI
2026-07-23,533.0,536.0,528.0,535.9,0.73,2561.0,1363306.0,1,HEI
2026-07-24,530.3,545.0,530.2,544.0,1.51,7482.0,4037508.8,1,HEI
2026-07-27,545.0,548.0,530.7,542.0,-0.37,9478.0,5146975.1,-1,HEI
2026-07-28,540.0,540.0,535.0,537.0,-0.92,4498.0,2410675.0,-1,HEI
2026-07-29,542.0,548.4,535.2,542.8,1.08,1764.0,948060.6,1,HEI
2026-07-30,533.0,536.0,530.0,536.0,-1.25,4626.0,2464062.8,1,HEI
2026-07-31,543.9,543.9,530.0,539.0,0.56,3856.0,2070198.4,-1,HEI
2026-08-03,552.0,552.0,535.8,540.0,0.19,6507.0,3498989.0,-1,HEI
2026-08-04,525.1,536.0,525.1,535.0,-0.93,3773.0,2003919.1,1,HEI
2026-08-05,544.9,544.9,535.0,538.8,0.71,4197.0,2248573.0,-1,HEI
2026-08-06,539.9,539.9,530.6,537.0,-0.33,2732.0,1460471.0,-1,HEI
2026-08-07,532.2,538.7,532.1,534.0,-0.56,2186.0,1171422.0,1,HEI
2026-08-10,532.0,534.0,522.2,531.0,-0.56,2214.0,1163055.4,-1,HEI
2026-08-11,542.9,542.9,531.0,534.7,0.7,5131.0,2734744.3,-1,HEI
2026-08-12,525.0,540.0,525.0,537.9,0.6,341.0,179962.3,1,HEI
2026-07-13,319.0,319.0,311.1,311.1,-5.24,711.0,226629.5,-1,HEIP
2026-07-14,311.0,320.0,311.0,320.0,2.86,35.0,10995.0,1,HEIP
2026-07-15,311.0,329.0,311.0,329.0,2.81,54.0,17068.7,1,HEIP
2026-07-16,325.0,378.0,315.3,378.0,14.89,7180.0,2489117.0,1,HEIP
2026-07-17,366.7,366.7,342.0,342.0,-9.52,550.0,190044.0,-1,HEIP
2026-07-20,340.0,340.0,340.0,340.0,-0.58,23.0,7820.0,0,HEIP
2026-07-21,330.0,353.0,330.0,340.0,0.0,3747.0,1263297.6,1,HEIP
2026-07-23,335.0,335.0,335.0,335.0,-1.47,500.0,167500.0,0,HEIP
2026-07-24,335.0,335.0,328.0,328.0,-2.09,500.0,164191.0,-1,HEIP
2026-07-27,337.8,342.0,337.8,342.0,4.27,491.0,167393.8,1,HEIP
2026-07-28,347.0,352.2,332.0,332.0,-2.92,2781.0,950323.0,-1,HEIP
2026-07-29,341.9,341.9,341.9,341.9,2.98,10.0,3419.0,0,HEIP
2026-07-30,335.0,343.0,321.9,340.0,-0.56,817.0,273828.5,1,HEIP
2026-08-03,332.0,338.0,329.8,338.0,-0.59,694.0,229877.2,1,HEIP
2026-08-06,337.5,337.5,337.5,337.5,-0.15,10.0,3375.0,0,HEIP
2026-08-07,337.9,339.0,332.0,332.0,-1.63,3160.0,1067818.0,-1,HEIP
2026-08-10,330.0,337.8,330.0,337.8,1.75,20.0,6678.0,1,HEIP
2026-08-12,328.0,328.0,328.0,328.0,-2.9,10.0,3280.0,0,HEIP
2026-07-13,654.0,660.0,632.0,635.0,-2.91,19731.0,12644883.9,-1,HFIN
2026-07-14,605.0,655.0,605.0,643.0,1.26,24763.0,15892429.3,1,HFIN
2026-07-15,650.0,668.9,641.1,650.0,1.09,15443.0,10038256.7,0,HFIN
2026-07-16,650.0,662.8,640.0,644.0,-0.92,20044.0,13010932.4,-1,HFIN
2026-07-17,650.0,699.0,650.0,696.2,8.11,44863.0,30415512.4,1,HFIN
2026-07-20,730.0,730.0,681.0,725.0,4.14,48601.0,34542909.1,-1,HFIN
2026-07-21,722.0,745.0,710.0,721.0,-0.55,47746.0,34643112.1,-1,HFIN
2026-07-22,685.0,721.0,685.0,706.9,-1.96,33081.0,23474517.2,1,HFIN
2026-07-23,680.0,770.0,680.0,760.0,7.51,73698.0,53228456.3,1,HFIN
2026-07-24,760.0,810.0,760.0,779.0,2.5,88069.0,69805564.6,1,HFIN
2026-07-27,757.0,780.0,715.0,720.0,-7.57,53676.0,40185745.3,-1,HFIN
2026-07-28,719.0,745.0,702.0,724.1,0.57,41783.0,30368001.6,1,HFIN
2026-07-29,725.0,740.0,715.0,717.0,-0.98,30574.0,22109974.1,-1,HFIN
2026-07-30,717.0,729.8,696.7,704.0,-1.81,28853.0,20413624.7,-1,HFIN
2026-07-31,668.8,722.0,668.8,720.0,2.27,22713.0,16114369.0,1,HFIN
2026-08-03,715.0,738.0,715.0,725.0,0.69,22860.0,16598258.6,1,HFIN
2026-08-04,761.2,761.2,703.0,710.0,-2.07,20399.0,14479191.7,-1,HFIN
2026-08-05,700.1,716.0,700.1,712.0,0.28,20376.0,14411113.3,1,HFIN
2026-08-06,702.5,721.9,702.5,709.0,-0.42,16550.0,11793177.5,1,HFIN
2026-08-07,701.0,708.9,692.0,699.0,-1.41,21761.0,15247718.5,-1,HFIN
2026-08-10,690.1,698.0,682.0,686.3,-1.82,21606.0,14871130.8,-1,HFIN
2026-08-11,687.0,698.0,676.2,679.5,-0.99,19448.0,13353206.0,-1,HFIN
2026-08-12,676.0,688.0,665.5,669.0,-1.55,14769.0,9956819.0,-1,HFIN
2026-07-13,330.2,331.0,325.1,328.0,-1.74,25692.0,8424332.0,-1,HHL
2026-07-14,326.0,330.0,317.0,325.0,-0.91,28026.0,9037584.6,-1,HHL
2026-07-15,309.0,336.0,309.0,332.8,2.4,23305.0,7692566.4,1,HHL
2026-07-16,332.0,336.5,320.1,323.0,-2.94,16728.0,5445665.2,-1,HHL
2026-07-17,330.0,346.0,330.0,346.0,7.12,44564.0,15139432.9,1,HHL
2026-07-20,341.0,350.0,340.0,349.0,0.87,23637.0,8210600.0,1,HHL
2026-07-21,350.0,356.0,345.0,350.0,0.29,39913.0,14046240.9,0,HHL
2026-07-22,340.0,355.0,340.0,352.0,0.57,56199.0,19753830.7,1,HHL
2026-07-23,342.0,362.0,342.0,350.5,-0.43,46686.0,16470831.7,1,HHL
2026-07-24,346.3,356.0,346.3,349.0,-0.43,22309.0,7835817.4,1,HHL
2026-07-27,350.0,355.9,343.0,344.3,-1.35,23699.0,8176901.1,-1,HHL
2026-07-28,354.6,354.6,337.1,340.0,-1.25,24027.0,8174453.2,-1,HHL
2026-07-29,339.0,345.0,337.0,340.0,0.0,22933.0,7803384.4,1,HHL
2026-07-30,336.1,345.0,336.0,338.0,-0.59,14272.0,4837897.4,1,HHL
2026-07-31,347.0,347.0,336.3,340.0,0.59,9428.0,3188669.0,-1,HHL
2026-08-03,340.0,345.0,336.0,337.5,-0.74,9114.0,3081762.1,-1,HHL
2026-08-04,335.0,343.6,333.2,334.0,-1.04,11712.0,3933546.9,-1,HHL
2026-08-05,344.0,344.0,334.0,337.0,0.9,9684.0,3270186.9,-1,HHL
2026-08-06,344.9,344.9,335.0,336.4,-0.18,31851.0,10798075.9,-1,HHL
2026-08-07,340.0,344.0,335.0,337.0,0.18,8753.0,2938347.6,-1,HHL
2026-08-10,334.0,340.0,330.0,334.9,-0.62,9345.0,3106152.0,1,HHL
2026-08-11,344.0,344.0,331.0,332.1,-0.84,15566.0,5190854.5,-1,HHL
2026-08-12,330.0,339.7,329.0,332.1,0.0,20260.0,6711373.0,1,HHL
2026-07-13,247.0,249.0,246.0,246.6,-0.32,32749.0,8087790.1,-1,HIDCL
2026-07-14,249.4,250.0,245.0,250.0,1.38,62329.0,15407968.2,1,HIDCL
2026-07-15,253.0,253.0,247.1,248.0,-0.8,42075.0,10507785.1,-1,HIDCL
2026-07-16,250.0,252.5,248.3,250.0,0.81,62953.0,15738237.9,0,HIDCL
2026-07-17,254.0,264.8,253.0,264.8,5.92,61980.0,15980900.5,1,HIDCL
2026-07-20,265.0,270.0,260.0,267.0,0.83,109486.0,29082115.2,1,HIDCL
2026-07-21,280.3,280.3,262.0,268.8,0.67,75633.0,20100757.0,-1,HIDCL
2026-07-22,262.6,267.8,261.2,266.0,-1.04,64784.0,17079665.5,1,HIDCL
2026-07-23,266.0,267.0,261.1,263.6,-0.9,46621.0,12293633.0,-1,HIDCL
2026-07-24,262.0,268.8,262.0,263.7,0.04,70195.0,18635926.6,1,HIDCL
2026-07-27,261.3,267.0,260.0,262.0,-0.64,55059.0,14450634.6,1,HIDCL
2026-07-28,260.0,263.9,258.2,260.0,-0.76,28585.0,7436448.9,0,HIDCL
2026-07-29,260.1,262.9,258.2,260.0,0.0,31911.0,8294890.0,-1,HIDCL
2026-07-30,260.0,262.8,256.1,258.0,-0.77,44775.0,11524029.3,-1,HIDCL
2026-07-31,260.0,260.0,256.1,258.8,0.31,17829.0,4607313.5,-1,HIDCL
2026-08-03,271.7,271.7,258.0,259.2,0.15,37351.0,9668125.7,-1,HIDCL
2026-08-04,250.0,259.6,250.0,255.9,-1.27,48490.0,12377417.1,1,HIDCL
2026-08-05,255.9,257.7,252.0,255.0,-0.35,52595.0,13343796.1,-1,HIDCL
2026-08-06,259.0,259.0,253.5,254.6,-0.16,20967.0,5352741.4,-1,HIDCL
2026-08-07,252.1,258.0,252.1,254.0,-0.24,20564.0,5213806.6,1,HIDCL
2026-08-10,252.6,254.0,251.0,253.0,-0.39,45099.0,11377888.1,1,HIDCL
2026-08-11,265.5,265.5,252.0,252.5,-0.2,24870.0,6292958.7,-1,HIDCL
2026-08-12,251.8,265.0,250.0,265.0,4.95,163995.0,41304765.2,1,HIDCL
2026-07-13,186.0,187.0,182.5,183.0,-0.81,137569.0,25336589.5,-1,HIDCLP
2026-07-14,182.8,186.4,182.0,185.4,1.31,109196.0,20096113.7,1,HIDCLP
2026-07-15,186.0,190.0,186.0,188.0,1.4,135821.0,25617094.9,1,HIDCLP
2026-07-16,197.4,197.4,187.0,188.0,0.0,133299.0,25009718.4,-1,HIDCLP
2026-07-17,190.9,196.5,190.1,195.3,3.88,105167.0,20298004.3,1,HIDCLP
2026-07-20,198.0,200.0,193.0,199.5,2.15,212296.0,41846010.5,1,HIDCLP
2026-07-21,209.4,209.4,195.2,198.0,-0.75,126820.0,25078739.4,-1,HIDCLP
2026-07-22,198.0,198.7,194.8,195.0,-1.52,89847.0,17607722.5,-1,HIDCLP
2026-07-23,193.5,198.0,193.0,197.5,1.28,63494.0,12404188.4,1,HIDCLP
2026-07-24,197.9,199.7,195.9,195.9,-0.81,85315.0,16885004.0,-1,HIDCLP
2026-07-27,195.0,199.0,191.0,194.0,-0.97,133068.0,25891554.2,-1,HIDCLP
2026-07-28,192.9,195.0,191.6,194.0,0.0,43675.0,8434976.3,1,HIDCLP
2026-07-29,203.7,203.7,190.7,190.8,-1.65,56625.0,10864821.9,-1,HIDCLP
2026-07-30,193.9,193.9,189.0,189.5,-0.68,51694.0,9831003.6,-1,HIDCLP
2026-07-31,189.0,192.8,188.9,192.8,1.74,70013.0,13337976.6,1,HIDCLP
2026-08-03,193.9,195.0,190.1,191.9,-0.47,63867.0,12240529.3,-1,HIDCLP
2026-08-04,191.0,191.0,188.5,189.0,-1.51,62315.0,11815306.2,-1,HIDCLP
2026-08-05,188.5,190.9,187.2,189.0,0.0,41447.0,7821272.9,1,HIDCLP
2026-08-06,191.4,191.4,188.3,189.9,0.48,33728.0,6393611.6,-1,HIDCLP
2026-08-07,189.9,189.9,187.0,187.5,-1.26,54196.0,10180691.7,-1,HIDCLP
2026-08-10,186.3,189.8,186.0,187.0,-0.27,51015.0,9527734.8,1,HIDCLP
2026-08-11,189.5,189.5,186.6,187.9,0.48,68190.0,12806619.3,-1,HIDCLP
2026-08-12,188.1,188.9,186.1,187.5,-0.21,26415.0,4948260.5,-1,HIDCLP
2026-07-13,680.0,680.0,610.2,627.0,-6.42,8541.0,5449316.4,-1,HIMSTAR
2026-07-14,625.0,655.0,596.1,644.0,2.71,8078.0,5041732.0,1,HIMSTAR
2026-07-15,650.0,655.0,627.0,649.9,0.92,3845.0,2448798.8,-1,HIMSTAR
2026-07-16,634.0,650.0,633.5,648.5,-0.22,3549.0,2272171.7,1,HIMSTAR
2026-07-17,653.0,719.0,653.0,714.0,10.1,8444.0,5767883.4,1,HIMSTAR
2026-07-20,714.0,770.0,693.0,762.0,6.72,10958.0,8113910.6,1,HIMSTAR
2026-07-21,770.0,784.0,745.0,774.9,1.69,15018.0,11468834.6,1,HIMSTAR
2026-07-22,755.0,760.0,730.1,751.0,-3.08,8786.0,6555661.6,-1,HIMSTAR
2026-07-23,731.0,760.0,717.0,759.0,1.07,10128.0,7475787.6,1,HIMSTAR
2026-07-24,775.0,794.9,753.0,770.0,1.45,11420.0,8882361.7,-1,HIMSTAR
2026-07-27,748.0,780.0,721.1,728.0,-5.45,7989.0,5966784.7,-1,HIMSTAR
2026-07-28,749.7,749.8,727.4,739.0,1.51,6080.0,4468722.0,-1,HIMSTAR
2026-07-29,722.7,745.1,722.7,742.9,0.53,4500.0,3292378.6,1,HIMSTAR
2026-07-30,728.1,732.0,715.0,725.0,-2.41,3315.0,2400399.7,-1,HIMSTAR
2026-07-31,710.0,740.0,710.0,740.0,2.07,1586.0,1145658.0,1,HIMSTAR
2026-08-03,760.5,760.5,726.2,738.7,-0.18,2599.0,1901922.0,-1,HIMSTAR
2026-08-04,737.0,737.0,721.0,730.0,-1.18,3316.0,2396848.7,-1,HIMSTAR
2026-08-05,721.0,730.0,706.1,727.0,-0.41,2432.0,1745763.5,1,HIMSTAR
2026-08-06,709.0,720.0,706.0,708.0,-2.61,2781.0,1974842.2,-1,HIMSTAR
2026-08-07,696.0,707.8,690.0,696.0,-1.69,4565.0,3184631.7,0,HIMSTAR
2026-08-10,690.0,694.0,685.0,693.0,-0.43,2624.0,1805780.0,1,HIMSTAR
2026-08-11,682.1,719.5,682.0,718.9,3.74,5620.0,3969611.0,1,HIMSTAR
2026-08-12,724.9,734.7,707.1,715.0,-0.54,3402.0,2435575.0,-1,HIMSTAR
2026-07-13,852.0,863.0,830.0,863.0,-1.02,2172.0,1844250.9,1,HLBSL
2026-07-14,841.0,880.0,838.0,853.0,-1.16,558.0,478434.0,1,HLBSL
2026-07-15,868.9,868.9,843.0,855.0,0.23,828.0,702398.9,-1,HLBSL
2026-07-16,836.1,869.4,836.1,869.4,1.68,61.0,51826.4,1,HLBSL
2026-07-17,882.9,883.0,879.0,883.0,1.56,274.0,241261.0,1,HLBSL
2026-07-20,899.0,909.0,880.1,895.0,1.36,1241.0,1113537.4,-1,HLBSL
2026-07-21,899.6,910.0,885.1,905.9,1.22,2614.0,2349213.0,1,HLBSL
2026-07-22,890.0,905.0,890.0,900.0,-0.65,259.0,232712.0,1,HLBSL
2026-07-23,899.9,903.0,873.0,903.0,0.33,1375.0,1212989.0,1,HLBSL
2026-07-24,905.0,905.0,880.7,900.9,-0.23,3413.0,3067763.8,-1,HLBSL
2026-07-27,900.9,900.9,883.1,883.6,-1.92,817.0,721629.0,-1,HLBSL
2026-07-28,899.8,899.8,880.1,887.0,0.38,1675.0,1475022.7,-1,HLBSL
2026-07-29,890.0,901.0,876.3,880.0,-0.79,719.0,630811.6,-1,HLBSL
2026-07-30,897.9,897.9,871.0,880.0,0.0,780.0,679987.8,-1,HLBSL
2026-07-31,880.0,885.0,860.2,881.9,0.22,274.0,238531.8,1,HLBSL
2026-08-03,900.0,900.0,888.2,894.0,1.37,2098.0,1872508.3,-1,HLBSL
2026-08-04,895.0,895.0,875.0,884.0,-1.12,1052.0,925116.0,-1,HLBSL
2026-08-05,868.0,890.0,868.0,890.0,0.68,734.0,651587.0,1,HLBSL
2026-08-06,870.0,880.0,869.0,880.0,-1.12,1816.0,1582862.3,1,HLBSL
2026-08-07,870.0,874.9,870.0,870.0,-1.14,217.0,188739.0,0,HLBSL
2026-08-10,870.0,884.0,870.0,884.0,1.61,310.0,273375.9,1,HLBSL
2026-08-11,883.0,885.0,870.0,884.9,0.1,664.0,582920.0,1,HLBSL
2026-08-12,863.0,875.0,861.4,875.0,-1.12,737.0,640355.2,1,HLBSL
2026-07-13,322.8,322.8,316.1,317.0,-0.38,18680.0,5938830.3,-1,HLI
2026-07-14,317.0,320.9,313.6,318.0,0.32,21753.0,6906251.0,1,HLI
2026-07-15,321.0,323.0,317.0,318.0,0.0,14073.0,4499885.8,-1,HLI
2026-07-16,333.9,333.9,313.1,321.8,1.19,113119.0,36221126.8,-1,HLI
2026-07-17,323.0,329.9,323.0,328.0,1.93,30096.0,9859271.9,1,HLI
2026-07-20,344.4,344.4,329.2,335.5,2.29,46358.0,15467391.3,-1,HLI
2026-07-21,331.5,338.4,331.0,334.0,-0.45,41122.0,13733669.3,1,HLI
2026-07-22,334.0,340.0,331.2,335.0,0.3,43991.0,14720373.6,1,HLI
2026-07-23,330.0,338.8,330.0,334.8,-0.06,27177.0,9033278.6,1,HLI
2026-07-24,330.2,337.7,330.2,333.5,-0.39,25210.0,8453277.2,1,HLI
2026-07-27,330.0,336.0,329.0,329.5,-1.2,31849.0,10592036.4,-1,HLI
2026-07-28,328.0,330.0,325.3,328.0,-0.46,22668.0,7414570.7,0,HLI
2026-07-29,327.9,330.0,325.0,325.8,-0.67,13625.0,4445004.8,-1,HLI
2026-07-30,325.8,329.0,323.2,324.3,-0.46,16248.0,5280217.6,-1,HLI
2026-07-31,324.0,326.0,320.6,325.0,0.22,25031.0,8106545.0,1,HLI
2026-08-03,325.0,329.9,321.3,324.0,-0.31,27460.0,8916723.1,-1,HLI
2026-08-04,320.3,326.7,320.3,321.1,-0.9,19057.0,6133071.8,1,HLI
2026-08-05,323.0,323.0,320.0,321.8,0.22,19847.0,6376229.0,-1,HLI
2026-08-06,320.0,324.1,319.0,319.9,-0.59,26906.0,8617977.5,-1,HLI
2026-08-07,319.0,322.0,318.0,319.7,-0.06,14437.0,4601447.5,1,HLI
2026-08-10,319.0,320.0,316.2,317.0,-0.84,24202.0,7691630.9,-1,HLI
2026-08-11,316.1,320.0,316.1,318.0,0.32,18830.0,5992920.9,1,HLI
2026-08-12,318.0,319.8,316.0,317.0,-0.31,9096.0,2885666.3,-1,HLI
2026-07-13,8.73,8.8,8.48,8.75,0.23,1700.0,14647.0,1,HLICF
2026-07-14,8.7,8.75,8.7,8.75,0.0,1082.0,9456.5,1,HLICF
2026-07-15,8.75,8.75,8.55,8.7,-0.57,700.0,6035.0,-1,HLICF
2026-07-16,8.7,8.8,8.67,8.7,0.0,4360.0,37970.0,0,HLICF
2026-07-17,8.7,8.9,8.64,8.64,-0.69,800.0,7022.0,-1,HLICF
2026-07-20,8.42,8.74,8.25,8.74,1.16,10620.0,89455.99,1,HLICF
2026-07-21,8.74,8.99,8.73,8.73,-0.11,1525.0,13358.75,-1,HLICF
2026-07-22,8.48,8.95,8.48,8.95,2.52,1300.0,11369.0,1,HLICF
2026-07-23,8.69,8.95,8.69,8.92,-0.34,2320.0,20414.0,1,HLICF
2026-07-24,8.66,8.78,8.45,8.75,-1.91,7601.0,65200.36,1,HLICF
2026-07-27,8.49,8.6,8.25,8.6,-1.71,2750.0,22864.5,1,HLICF
2026-07-28,8.35,8.41,8.35,8.41,-2.21,500.0,4198.0,1,HLICF
2026-07-29,8.43,8.92,8.3,8.69,3.33,4195.0,36701.8,1,HLICF
2026-07-30,8.7,8.7,8.5,8.69,0.0,1300.0,11209.0,-1,HLICF
2026-07-31,8.7,8.95,8.47,8.55,-1.61,1800.0,15496.0,-1,HLICF
2026-08-03,8.43,8.51,8.43,8.51,-0.47,2083.0,17584.69,1,HLICF
2026-08-04,8.76,9.02,8.53,8.66,1.76,12475.0,108647.2,-1,HLICF
2026-08-05,8.66,8.66,8.66,8.66,0.0,1300.0,11258.0,0,HLICF
2026-08-06,8.66,8.66,8.41,8.5,-1.85,1770.0,15044.0,-1,HLICF
2026-08-07,8.25,8.95,8.25,8.94,5.18,2934.0,25359.0,1,HLICF
2026-08-10,9.0,9.0,8.27,8.72,-2.46,5750.0,49171.0,-1,HLICF
2026-08-11,8.47,8.75,8.47,8.5,-2.52,3200.0,27541.0,1,HLICF
2026-08-12,8.5,8.75,8.5,8.53,0.35,1500.0,12831.0,1,HLICF
2026-07-13,356.0,359.9,347.0,348.5,-4.52,168161.0,59095235.3,-1,HPPL
2026-07-14,342.1,363.0,340.1,350.9,0.69,85585.0,29805947.6,1,HPPL
2026-07-15,346.3,355.0,343.0,343.1,-2.22,88643.0,30792448.6,-1,HPPL
2026-07-16,344.0,350.0,341.6,344.0,0.26,92919.0,32147251.1,0,HPPL
2026-07-17,349.9,364.8,349.0,364.8,6.05,123594.0,44399873.6,1,HPPL
2026-07-20,360.0,374.9,360.0,373.1,2.28,139567.0,51551023.7,1,HPPL
2026-07-21,382.0,382.0,369.9,371.5,-0.43,116926.0,43529813.7,-1,HPPL
2026-07-22,360.0,381.6,360.0,370.0,-0.4,91191.0,33885496.4,1,HPPL
2026-07-23,360.0,381.9,360.0,381.0,2.97,106938.0,40120106.4,1,HPPL
2026-07-24,370.0,385.8,370.0,380.0,-0.26,127177.0,48516102.7,1,HPPL
2026-07-27,370.0,385.0,370.0,379.0,-0.26,155350.0,58492553.9,1,HPPL
2026-07-28,370.0,385.0,370.0,381.9,0.77,216411.0,81906339.6,1,HPPL
2026-07-29,378.0,400.0,378.0,394.7,3.35,573369.0,224840282.9,1,HPPL
2026-07-30,389.0,399.9,380.1,388.0,-1.7,214904.0,82936446.2,-1,HPPL
2026-07-31,388.0,388.0,377.0,383.0,-1.29,172178.0,65429662.7,-1,HPPL
2026-08-03,384.0,385.0,376.0,377.0,-1.57,84917.0,32370486.7,-1,HPPL
2026-08-04,375.0,384.8,372.6,384.8,2.07,88753.0,33568700.3,1,HPPL
2026-08-05,372.0,386.9,372.0,386.5,0.44,137172.0,52461690.9,1,HPPL
2026-08-06,385.1,388.0,376.5,388.0,0.39,110658.0,42404875.2,1,HPPL
2026-08-07,384.0,387.5,373.1,380.0,-2.06,165076.0,62405055.3,-1,HPPL
2026-08-10,377.1,382.0,373.4,382.0,0.53,83031.0,31276998.0,1,HPPL
2026-08-11,370.0,390.0,370.0,385.4,0.89,139819.0,53133355.1,1,HPPL
2026-08-12,373.0,395.0,373.0,379.0,-1.66,113217.0,43170158.7,1,HPPL
2026-07-13,561.0,568.0,555.6,556.0,-0.89,45767.0,25563817.0,-1,HRL
2026-07-14,555.0,564.0,545.0,554.0,-0.36,61911.0,34311273.11,-1,HRL
2026-07-15,560.0,564.0,555.0,557.0,0.54,33156.0,18552472.5,-1,HRL
2026-07-16,584.8,584.8,552.0,553.0,-0.72,43458.0,24249454.3,-1,HRL
2026-07-17,568.0,582.0,560.2,581.9,5.23,93740.0,53757882.8,1,HRL
2026-07-20,582.0,625.0,580.0,616.0,5.86,185510.0,113181873.9,1,HRL
2026-07-21,624.0,657.0,624.0,645.0,4.71,341552.0,220121762.9,1,HRL
2026-07-22,677.2,677.2,635.0,636.2,-1.36,151511.0,97303435.6,-1,HRL
2026-07-23,636.2,645.0,625.1,641.0,0.75,90968.0,57689260.6,1,HRL
2026-07-24,641.0,644.8,629.0,629.0,-1.87,98378.0,62538553.9,-1,HRL
2026-07-27,635.0,635.0,602.0,603.9,-3.99,168162.0,103287146.9,-1,HRL
2026-07-28,601.0,605.0,595.1,596.0,-1.31,95625.0,57305281.6,-1,HRL
2026-07-29,600.0,613.0,600.0,601.1,0.86,66078.0,39935887.9,1,HRL
2026-07-30,610.0,610.0,595.5,597.0,-0.68,42529.0,25470794.3,-1,HRL
2026-07-31,597.0,604.0,590.0,603.0,1.01,69303.0,41283664.09,1,HRL
2026-08-03,605.0,609.9,595.0,595.0,-1.33,62706.0,37605228.9,-1,HRL
2026-08-04,605.0,605.0,585.0,586.0,-1.51,50862.0,30045522.9,-1,HRL
2026-08-05,615.0,615.0,577.0,588.0,0.34,48792.0,28711971.1,-1,HRL
2026-08-06,617.0,617.0,581.1,584.0,-0.68,37238.0,21762716.2,-1,HRL
2026-08-07,604.3,604.3,580.0,583.0,-0.17,32994.0,19311921.4,-1,HRL
2026-08-10,612.0,612.0,575.0,578.0,-0.86,31026.0,17968741.0,-1,HRL
2026-08-11,583.0,587.0,578.0,579.0,0.17,33470.0,19418161.1,-1,HRL
2026-08-12,596.3,596.3,575.0,581.0,0.35,32750.0,18997310.1,-1,HRL
2026-07-13,226.0,226.0,222.0,222.1,-1.73,52638.0,11751189.5,-1,HURJA
2026-07-14,224.0,228.0,219.1,226.0,1.76,43280.0,9672302.1,1,HURJA
2026-07-15,229.9,230.0,226.7,227.0,0.44,18128.0,4140200.0,-1,HURJA
2026-07-16,229.0,230.0,225.1,226.5,-0.22,24506.0,5559608.0,-1,HURJA
2026-07-17,229.0,238.8,229.0,238.0,5.08,54855.0,12884261.3,1,HURJA
2026-07-20,239.0,248.0,239.0,247.4,3.95,89500.0,21784915.5,1,HURJA
2026-07-21,253.0,253.0,242.1,245.1,-0.93,64980.0,16019228.1,-1,HURJA
2026-07-22,245.1,247.5,239.0,240.0,-2.08,62330.0,15069636.7,-1,HURJA
2026-07-23,240.0,243.7,236.2,242.8,1.17,53462.0,12796903.2,1,HURJA
2026-07-24,245.0,245.8,240.0,241.0,-0.74,51790.0,12574349.1,-1,HURJA
2026-07-27,241.3,246.0,235.0,237.0,-1.66,71050.0,17041101.7,-1,HURJA
2026-07-28,237.0,238.0,233.0,234.1,-1.22,56571.0,13315408.2,-1,HURJA
2026-07-29,232.0,238.0,232.0,234.2,0.04,16960.0,3998451.4,1,HURJA
2026-07-30,237.0,237.0,230.4,232.0,-0.94,36584.0,8525228.0,-1,HURJA
2026-07-31,230.5,238.0,230.1,236.1,1.77,30589.0,7176218.8,1,HURJA
2026-08-03,240.0,242.0,236.3,237.9,0.76,48508.0,11612488.5,-1,HURJA
2026-08-04,236.0,239.2,233.0,239.0,0.46,36183.0,8577388.7,1,HURJA
2026-08-05,241.0,241.9,236.5,239.9,0.38,52381.0,12531552.2,-1,HURJA
2026-08-06,245.0,245.0,239.0,239.1,-0.33,34513.0,8281213.8,-1,HURJA
2026-08-07,238.0,239.8,237.0,238.0,-0.46,29557.0,7041313.0,0,HURJA
2026-08-10,239.7,240.0,236.2,239.0,0.42,28025.0,6690817.9,-1,HURJA
2026-08-11,240.5,241.8,237.5,238.0,-0.42,33750.0,8074390.9,-1,HURJA
2026-08-12,237.0,240.8,236.0,237.0,-0.42,23768.0,5632346.0,0,HURJA
2026-07-13,592.0,597.9,588.0,588.0,-1.67,10251.0,6052026.2,-1,ICFC
2026-07-14,588.0,597.0,580.0,596.6,1.46,10105.0,5956251.0,1,ICFC
2026-07-15,600.0,605.0,591.0,600.0,0.57,5568.0,3319439.7,0,ICFC
2026-07-16,592.0,600.0,585.0,589.0,-1.83,9136.0,5408941.5,-1,ICFC
2026-07-17,605.0,609.8,595.1,608.5,3.31,10767.0,6492147.4,1,ICFC
2026-07-20,609.0,621.0,609.0,619.5,1.81,4928.0,3031547.5,1,ICFC
2026-07-21,619.1,625.0,614.0,622.0,0.4,7446.0,4608978.9,1,ICFC
2026-07-22,620.0,622.0,615.0,618.0,-0.64,5520.0,3416259.0,-1,ICFC
2026-07-23,611.5,622.0,611.5,620.0,0.32,5166.0,3191790.2,1,ICFC
2026-07-24,611.1,629.0,611.1,628.0,1.29,9051.0,5646937.7,1,ICFC
2026-07-27,628.0,628.0,613.0,613.0,-2.39,4344.0,2690159.2,-1,ICFC
2026-07-28,615.0,619.9,610.2,613.1,0.02,3418.0,2096669.1,-1,ICFC
2026-07-29,619.9,625.0,610.1,618.0,0.8,10039.0,6206672.5,-1,ICFC
2026-07-30,618.0,618.0,612.7,613.0,-0.81,1785.0,1095005.9,-1,ICFC
2026-07-31,610.1,614.1,607.0,613.0,0.0,3306.0,2015303.0,1,ICFC
2026-08-03,612.0,614.0,610.0,611.0,-0.33,7604.0,4651832.2,-1,ICFC
2026-08-04,611.0,611.0,601.2,605.0,-0.98,8100.0,4921381.0,-1,ICFC
2026-08-05,606.0,609.5,600.0,609.5,0.74,5758.0,3468643.1,1,ICFC
2026-08-06,606.1,610.0,602.1,605.0,-0.74,3311.0,2003551.7,-1,ICFC
2026-08-07,601.1,605.0,600.0,603.0,-0.33,7627.0,4584099.1,1,ICFC
2026-08-10,598.0,608.0,595.0,599.0,-0.66,2931.0,1760762.5,1,ICFC
2026-08-11,614.9,614.9,597.0,597.0,-0.33,10186.0,6093437.1,-1,ICFC
2026-08-12,598.0,613.7,595.0,595.0,-0.34,8451.0,5050311.9,-1,ICFC
2026-07-14,1165.0,1215.0,1165.0,1178.6,2.49,120550.0,143872785.0,1,ICFCD88
2026-07-16,1178.6,1178.6,1164.0,1164.0,-1.24,30.0,35100.0,-1,ICFCD88
2026-07-17,1164.0,1164.0,1155.0,1155.0,-0.77,25.0,28875.0,-1,ICFCD88
2026-07-21,1123.0,1123.0,1123.0,1123.0,-2.77,25.0,28075.0,0,ICFCD88
2026-07-22,1123.0,1123.0,1115.0,1121.0,-0.18,75.0,83975.0,-1,ICFCD88
2026-07-23,1125.0,1158.9,1124.2,1124.2,0.29,150.0,170907.5,-1,ICFCD88
2026-07-27,1125.0,1125.0,1125.0,1125.0,0.07,25.0,28125.0,0,ICFCD88
2026-07-28,1125.0,1140.0,1125.0,1140.0,1.33,50.0,56625.0,1,ICFCD88
2026-07-30,1140.0,1140.0,1140.0,1140.0,0.0,75.0,85500.0,0,ICFCD88
2026-08-03,1165.0,1170.0,1165.0,1170.0,2.63,125.0,145925.0,1,ICFCD88
2026-08-10,1164.0,1164.0,1134.9,1134.9,-3.0,175.0,202972.5,-1,ICFCD88
2026-08-12,1115.0,1130.0,1115.0,1130.0,-0.43,75.0,84125.0,1,ICFCD88
2026-07-13,1113.0,1113.0,1101.5,1112.0,-0.09,158.0,174508.0,-1,ICFCD89
2026-07-14,1110.0,1120.0,1105.1,1120.0,0.72,636.0,707178.5,1,ICFCD89
2026-07-15,1120.0,1120.0,1108.1,1108.3,-1.04,133.0,148087.0,-1,ICFCD89
2026-07-16,1108.3,1109.0,1107.3,1119.0,0.97,128.0,141869.5,1,ICFCD89
2026-07-17,1105.0,1108.0,1085.0,1106.0,-1.16,619.0,680260.8,1,ICFCD89
2026-07-20,1090.1,1100.0,1089.1,1100.0,-0.54,200.0,219480.0,1,ICFCD89
2026-07-21,1100.0,1107.0,1086.1,1090.0,-0.91,634.0,696102.0,-1,ICFCD89
2026-07-22,1090.0,1103.0,1088.0,1091.0,0.09,491.0,539209.5,1,ICFCD89
2026-07-23,1106.0,1123.7,1106.0,1120.0,2.66,385.0,431160.0,1,ICFCD89
2026-07-24,1100.0,1101.0,1100.0,1101.0,-1.7,99.0,108925.0,1,ICFCD89
2026-07-27,1100.0,1101.0,1097.0,1097.6,-0.31,95.0,104406.0,-1,ICFCD89
2026-07-28,1086.0,1097.0,1086.0,1098.0,0.04,170.0,186138.0,1,ICFCD89
2026-07-29,1092.7,1100.0,1092.7,1100.0,0.18,170.0,186497.5,1,ICFCD89
2026-07-30,1099.0,1100.0,1090.6,1092.3,-0.7,225.0,246671.5,-1,ICFCD89
2026-07-31,1092.3,1093.2,1091.1,1093.2,0.08,60.0,65530.5,1,ICFCD89
2026-08-03,1095.0,1101.0,1085.0,1101.0,0.71,200.0,219125.0,1,ICFCD89
2026-08-04,1100.0,1100.0,1092.0,1092.0,-0.82,50.0,54800.0,-1,ICFCD89
2026-08-05,1082.0,1082.0,1082.0,1082.0,-0.92,25.0,27050.0,0,ICFCD89
2026-08-06,1081.1,1090.0,1081.1,1090.0,0.74,150.0,162932.5,1,ICFCD89
2026-08-07,1085.0,1092.0,1085.0,1092.0,0.18,222.0,241585.0,1,ICFCD89
2026-08-10,1064.2,1064.2,1064.2,1064.2,-2.55,25.0,26605.0,0,ICFCD89
2026-08-12,1077.1,1077.4,1077.1,1077.4,1.24,50.0,53862.5,1,ICFCD89
2026-07-13,440.0,440.0,417.2,417.2,-2.48,8425.0,3555580.2,-1,IGI
2026-07-14,424.0,425.0,418.1,425.0,1.87,4666.0,1963897.0,1,IGI
2026-07-15,429.9,430.0,421.0,428.0,0.71,5084.0,2154943.5,-1,IGI
2026-07-16,449.4,449.4,425.0,449.0,4.91,12210.0,5303697.2,-1,IGI
2026-07-17,435.6,450.0,435.0,445.1,-0.87,19263.0,8564244.3,1,IGI
2026-07-20,450.0,458.0,444.0,457.0,2.67,18566.0,8388743.9,1,IGI
2026-07-21,444.1,457.0,444.1,452.7,-0.94,13205.0,5962992.5,1,IGI
2026-07-22,444.4,452.3,441.0,450.0,-0.6,16061.0,7175344.2,1,IGI
2026-07-23,448.0,450.0,441.0,450.0,0.0,12648.0,5638618.6,1,IGI
2026-07-24,448.1,457.7,442.0,449.8,-0.04,8830.0,3935876.9,1,IGI
2026-07-27,455.0,455.0,441.0,443.0,-1.51,6780.0,3002031.6,-1,IGI
2026-07-28,441.0,442.9,437.0,442.8,-0.05,6866.0,3011189.0,1,IGI
2026-07-29,441.0,441.0,436.0,441.0,-0.41,2536.0,1110319.0,0,IGI
2026-07-30,449.5,449.5,435.0,437.0,-0.91,4283.0,1873056.3,-1,IGI
2026-07-31,432.3,440.0,432.0,437.5,0.11,10048.0,4378277.4,1,IGI
2026-08-03,448.0,449.9,432.0,432.0,-1.26,3670.0,1603949.0,-1,IGI
2026-08-04,432.0,441.2,429.0,438.0,1.39,4408.0,1895494.1,1,IGI
2026-08-05,432.1,438.9,428.1,436.7,-0.3,1664.0,716197.8,1,IGI
2026-08-06,439.0,439.5,428.0,429.0,-1.76,5369.0,2302496.7,-1,IGI
2026-08-07,429.0,432.0,427.0,430.0,0.23,7761.0,3328046.3,1,IGI
2026-08-10,430.0,430.0,426.0,428.0,-0.47,5760.0,2456633.6,-1,IGI
2026-08-11,428.0,430.1,427.2,427.2,-0.19,3218.0,1378557.7,-1,IGI
2026-08-12,428.0,431.5,427.0,427.1,-0.02,2967.0,1272012.2,-1,IGI
2026-07-13,340.1,345.0,337.0,337.5,-2.17,8814.0,2991414.4,-1,IHL
2026-07-14,329.0,345.0,329.0,340.0,0.74,4313.0,1456950.7,1,IHL
2026-07-15,345.0,353.0,340.1,345.2,1.53,5293.0,1840646.4,1,IHL
2026-07-16,340.0,348.5,340.0,343.8,-0.41,5430.0,1861498.0,1,IHL
2026-07-17,354.0,359.9,347.0,359.0,4.42,19613.0,6986306.7,1,IHL
2026-07-20,369.0,375.1,361.0,367.0,2.23,15807.0,5826292.1,-1,IHL
2026-07-21,362.2,375.0,362.2,370.0,0.82,10216.0,3768974.6,1,IHL
2026-07-22,360.0,378.9,360.0,366.0,-1.08,2901.0,1063052.4,1,IHL
2026-07-23,370.0,370.0,360.2,367.5,0.41,3367.0,1237823.9,-1,IHL
2026-07-24,365.0,367.9,355.0,362.5,-1.36,13063.0,4729889.7,-1,IHL
2026-07-27,356.1,363.0,350.2,358.8,-1.02,6088.0,2168453.2,1,IHL
2026-07-28,350.0,357.0,350.0,354.8,-1.11,2786.0,982976.4,1,IHL
2026-07-29,348.1,357.9,348.0,350.0,-1.35,5569.0,1961316.3,1,IHL
2026-07-30,355.0,355.0,345.2,347.1,-0.83,1314.0,459624.0,-1,IHL
2026-07-31,350.0,352.8,347.6,350.0,0.84,2315.0,809626.4,0,IHL
2026-08-03,352.0,363.0,350.0,358.0,2.29,5772.0,2044695.5,1,IHL
2026-08-04,350.0,356.0,348.6,350.1,-2.21,2277.0,795624.0,1,IHL
2026-08-05,350.0,356.0,348.3,349.0,-0.31,3162.0,1106524.4,-1,IHL
2026-08-06,354.0,355.0,348.0,348.0,-0.29,5844.0,2051512.4,-1,IHL
2026-08-07,348.0,353.0,345.1,346.0,-0.57,4109.0,1425908.1,-1,IHL
2026-08-10,350.0,350.0,337.0,345.0,-0.29,4586.0,1570291.5,-1,IHL
2026-08-11,344.0,344.0,338.0,340.4,-1.33,6470.0,2197996.5,-1,IHL
2026-08-12,337.0,343.0,337.0,341.0,0.18,1410.0,480277.0,1,IHL
2026-07-13,821.0,897.0,821.0,843.5,-0.41,2867.0,2410679.8,1,ILBS
2026-07-14,816.0,859.0,816.0,840.0,-0.41,1517.0,1266581.5,1,ILBS
2026-07-15,815.0,888.0,815.0,840.1,0.01,1182.0,1005056.4,1,ILBS
2026-07-16,817.0,892.0,817.0,864.0,2.84,481.0,410674.0,1,ILBS
2026-07-17,825.0,898.8,825.0,874.0,1.16,1332.0,1161293.9,1,ILBS
2026-07-20,917.0,917.0,871.0,891.0,1.95,2345.0,2061661.6,-1,ILBS
2026-07-21,935.0,935.0,874.1,883.0,-0.9,1208.0,1081911.3,-1,ILBS
2026-07-22,840.0,940.0,840.0,890.0,0.79,1399.0,1234937.3,1,ILBS
2026-07-23,850.0,927.0,850.0,891.9,0.21,1447.0,1287559.0,1,ILBS
2026-07-24,850.0,900.0,850.0,884.0,-0.89,1485.0,1323219.4,1,ILBS
2026-07-27,860.0,930.0,860.0,883.9,-0.01,2658.0,2320951.7,1,ILBS
2026-07-28,865.0,915.6,865.0,892.0,0.92,513.0,451121.0,1,ILBS
2026-07-29,870.1,888.0,870.0,887.0,-0.56,78.0,68400.0,1,ILBS
2026-07-30,842.7,893.8,842.7,883.9,-0.35,812.0,711231.4,1,ILBS
2026-07-31,850.0,955.0,850.0,883.8,-0.01,3205.0,2789839.0,1,ILBS
2026-08-03,860.0,898.0,860.0,898.0,1.61,895.0,789157.4,1,ILBS
2026-08-04,871.0,924.0,871.0,890.0,-0.89,1583.0,1383131.0,1,ILBS
2026-08-05,865.0,890.0,865.0,883.8,-0.7,1029.0,893543.5,1,ILBS
2026-08-06,870.0,896.0,859.0,879.0,-0.54,1129.0,978540.0,1,ILBS
2026-08-07,878.9,886.0,860.0,876.9,-0.24,1049.0,904568.8,-1,ILBS
2026-08-10,851.0,880.0,851.0,865.0,-1.36,1894.0,1632063.0,1,ILBS
2026-08-11,840.0,890.0,840.0,878.0,1.5,1610.0,1398631.1,1,ILBS
2026-08-12,885.0,885.0,861.0,875.0,-0.34,88.0,76272.4,-1,ILBS
2026-07-13,413.1,415.0,409.0,409.0,-1.45,15316.0,6299872.6,-1,ILI
2026-07-14,409.0,414.0,406.0,411.2,0.54,6293.0,2579597.8,1,ILI
2026-07-15,410.0,415.0,400.0,401.0,-2.48,14014.0,5727252.1,-1,ILI
2026-07-16,401.2,411.0,401.2,408.0,1.75,6793.0,2760390.9,1,ILI
2026-07-17,408.0,424.0,408.0,424.0,3.92,5127.0,2156016.4,1,ILI
2026-07-20,423.1,428.5,421.0,427.7,0.87,10159.0,4329849.2,1,ILI
2026-07-21,427.7,430.0,421.0,424.3,-0.79,13660.0,5804605.8,-1,ILI
2026-07-22,404.0,429.5,404.0,424.0,-0.07,3020.0,1274332.9,1,ILI
2026-07-23,420.1,428.5,420.0,425.0,0.24,8383.0,3552045.2,1,ILI
2026-07-24,421.1,430.0,421.1,425.0,0.0,4515.0,1923828.0,1,ILI
2026-07-27,422.0,429.9,420.0,420.4,-1.08,7541.0,3187079.8,-1,ILI
2026-07-28,423.0,423.0,416.0,419.0,-0.33,9777.0,4089421.2,-1,ILI
2026-07-29,415.0,423.0,415.0,418.0,-0.24,3086.0,1291092.0,1,ILI
2026-07-30,415.5,420.0,415.2,420.0,0.48,4553.0,1906124.2,1,ILI
2026-07-31,420.0,420.0,415.1,418.0,-0.48,4115.0,1713380.5,-1,ILI
2026-08-03,418.0,425.0,415.1,416.3,-0.41,5878.0,2460141.5,-1,ILI
2026-08-04,415.0,420.0,415.0,418.0,0.41,7475.0,3119127.7,1,ILI
2026-08-05,415.0,418.5,415.0,415.8,-0.53,5145.0,2136615.4,1,ILI
2026-08-06,415.8,419.9,409.0,411.2,-1.11,13476.0,5600007.7,-1,ILI
2026-08-07,409.0,414.0,409.0,412.4,0.29,5178.0,2129068.5,1,ILI
2026-08-10,410.0,412.4,408.2,408.2,-1.02,8756.0,3586736.0,-1,ILI
2026-08-11,408.0,414.0,406.1,410.0,0.44,7939.0,3262287.6,1,ILI
2026-08-12,407.0,414.0,407.0,413.0,0.73,3607.0,1482472.9,1,ILI
2026-07-13,340.0,341.9,332.2,333.0,-0.8,31072.0,10390388.7,-1,JBBL
2026-07-14,335.0,342.0,328.2,337.5,1.35,23179.0,7714315.3,1,JBBL
2026-07-15,339.0,345.1,339.0,342.2,1.39,33725.0,11567524.9,1,JBBL
2026-07-16,343.0,345.9,338.2,339.0,-0.94,8028.0,2727371.4,-1,JBBL
2026-07-17,336.0,351.9,335.0,349.7,3.16,23039.0,7991251.0,1,JBBL
2026-07-20,350.0,357.5,347.0,357.0,2.09,62902.0,22168086.9,1,JBBL
2026-07-21,357.0,357.0,351.0,354.0,-0.84,32674.0,11558923.4,-1,JBBL
2026-07-22,355.0,355.0,349.0,349.0,-1.41,36222.0,12735985.7,-1,JBBL
2026-07-23,354.0,359.0,346.1,359.0,2.87,28328.0,9951522.8,1,JBBL
2026-07-24,354.0,364.5,354.0,364.1,1.42,96275.0,34822964.4,1,JBBL
2026-07-27,360.1,366.0,346.0,348.0,-4.42,79116.0,28208248.1,-1,JBBL
2026-07-28,352.0,354.5,348.0,349.6,0.46,28138.0,9842773.5,-1,JBBL
2026-07-29,345.4,354.0,345.4,347.2,-0.69,26253.0,9180520.3,1,JBBL
2026-07-30,345.1,349.8,345.1,345.5,-0.49,23798.0,8266170.9,1,JBBL
2026-07-31,344.0,348.0,343.0,347.1,0.46,23080.0,7997315.2,1,JBBL
2026-08-03,346.0,353.0,343.6,343.8,-0.95,26528.0,9207955.0,-1,JBBL
2026-08-04,344.0,347.5,341.0,347.5,1.08,58926.0,20308021.1,1,JBBL
2026-08-05,342.3,350.0,342.3,345.0,-0.72,18013.0,6222147.8,1,JBBL
2026-08-06,350.1,350.1,340.0,343.0,-0.58,46913.0,16151612.9,-1,JBBL
2026-08-07,350.0,350.0,338.0,340.0,-0.87,31771.0,10825745.1,-1,JBBL
2026-08-10,338.2,340.0,336.0,339.0,-0.29,32729.0,11089861.9,1,JBBL
2026-08-11,330.0,341.7,330.0,337.2,-0.53,17103.0,5792380.6,1,JBBL
2026-08-12,338.0,339.0,333.3,336.0,-0.36,33905.0,11392511.8,-1,JBBL
2026-07-13,1230.0,1239.9,1225.1,1226.0,-0.73,4029.0,4947943.1,-1,JBLB
2026-07-14,1220.0,1252.0,1220.0,1245.0,1.55,5613.0,6970931.0,1,JBLB
2026-07-15,1245.0,1261.0,1245.0,1250.0,0.4,1411.0,1765184.5,1,JBLB
2026-07-16,1230.0,1260.0,1230.0,1250.0,0.0,1473.0,1832332.2,1,JBLB
2026-07-17,1250.0,1300.0,1250.0,1296.9,3.75,6153.0,7894754.0,1,JBLB
2026-07-20,1278.0,1309.0,1278.0,1299.8,0.22,4938.0,6404363.9,1,JBLB
2026-07-21,1281.0,1309.0,1270.0,1289.0,-0.83,4138.0,5333575.8,1,JBLB
2026-07-22,1255.1,1292.6,1255.0,1275.3,-1.06,2109.0,2696077.9,1,JBLB
2026-07-23,1270.0,1293.0,1267.1,1289.0,1.07,2765.0,3535813.7,1,JBLB
2026-07-24,1255.0,1291.9,1255.0,1283.0,-0.47,3348.0,4298868.0,1,JBLB
2026-07-27,1265.0,1290.0,1265.0,1280.0,-0.23,2801.0,3591695.9,1,JBLB
2026-07-28,1270.0,1279.0,1265.1,1267.1,-1.01,1612.0,2047612.3,-1,JBLB
2026-07-29,1260.0,1279.9,1260.0,1262.0,-0.4,3416.0,4325065.7,1,JBLB
2026-07-30,1260.0,1269.0,1255.1,1255.1,-0.55,2062.0,2597513.8,-1,JBLB
2026-07-31,1246.0,1283.8,1246.0,1282.0,2.14,1652.0,2082631.5,1,JBLB
2026-08-03,1260.0,1290.0,1260.0,1274.0,-0.62,2776.0,3546316.7,1,JBLB
2026-08-04,1274.0,1274.0,1250.6,1262.1,-0.93,2190.0,2766532.1,-1,JBLB
2026-08-05,1260.0,1263.0,1255.0,1261.0,-0.09,3508.0,4413887.9,1,JBLB
2026-08-06,1260.0,1274.9,1251.0,1260.0,-0.08,4808.0,6067541.3,0,JBLB
2026-08-07,1260.1,1268.0,1255.0,1260.8,0.06,2340.0,2944309.1,1,JBLB
2026-08-10,1257.0,1265.0,1250.0,1255.0,-0.46,2308.0,2894400.8,-1,JBLB
2026-08-11,1255.0,1260.0,1252.0,1255.2,0.02,2740.0,3440512.5,1,JBLB
2026-08-12,1250.0,1270.0,1248.0,1270.0,1.18,1870.0,2343828.7,1,JBLB
2026-07-13,387.0,387.4,377.0,381.0,1.28,6869.0,2615091.5,-1,JFL
2026-07-14,381.0,389.8,378.5,383.2,0.58,5939.0,2281072.8,1,JFL
2026-07-15,388.0,388.0,385.0,385.0,0.47,3719.0,1437678.2,-1,JFL
2026-07-16,390.0,390.0,383.0,383.0,-0.52,3435.0,1326528.5,-1,JFL
2026-07-17,394.0,400.0,394.0,399.0,4.18,4090.0,1626329.2,1,JFL
2026-07-20,399.0,402.5,395.0,401.9,0.73,4910.0,1957828.0,1,JFL
2026-07-21,402.0,408.0,392.3,403.9,0.5,6318.0,2530980.3,1,JFL
2026-07-22,403.0,410.9,403.0,405.5,0.4,7555.0,3073248.4,1,JFL
2026-07-23,400.1,404.0,395.0,400.0,-1.36,5347.0,2129071.9,-1,JFL
2026-07-24,400.1,405.0,395.0,404.0,1.0,4548.0,1825435.7,1,JFL
2026-07-27,404.0,412.0,399.0,400.0,-0.99,5971.0,2419034.1,-1,JFL
2026-07-28,400.0,404.9,391.0,400.0,0.0,895.0,353712.5,0,JFL
2026-07-29,405.0,405.0,395.2,401.0,0.25,1989.0,788216.0,-1,JFL
2026-07-30,402.9,404.0,393.0,393.0,-2.0,3495.0,1382271.4,-1,JFL
2026-07-31,393.0,394.0,390.0,394.0,0.25,3470.0,1359243.0,1,JFL
2026-08-03,400.0,403.0,390.0,396.0,0.51,3464.0,1370723.4,-1,JFL
2026-08-04,398.0,398.0,388.0,388.1,-1.99,7031.0,2738591.1,-1,JFL
2026-08-05,387.1,398.0,387.1,389.1,0.26,3630.0,1417315.0,1,JFL
2026-08-06,391.1,391.1,385.0,391.0,0.49,3205.0,1245118.0,-1,JFL
2026-08-07,385.0,389.0,384.0,384.5,-1.66,6409.0,2465790.6,-1,JFL
2026-08-10,385.0,389.0,378.0,388.0,0.91,4185.0,1599312.5,1,JFL
2026-08-11,385.0,387.0,384.0,386.9,-0.28,3250.0,1250524.0,1,JFL
2026-08-12,385.0,388.0,379.0,388.0,0.28,4317.0,1644526.2,1,JFL
2026-07-13,1045.0,1141.0,1039.1,1039.1,-3.52,10573.0,11227104.7,-1,JHAPA
2026-07-14,1021.1,1135.0,1010.0,1020.0,-1.84,12719.0,13149152.6,-1,JHAPA
2026-07-15,1040.0,1071.0,1009.0,1048.0,2.75,11369.0,11862936.4,1,JHAPA
2026-07-16,1000.0,1090.0,1000.0,1015.0,-3.15,6912.0,7261911.8,1,JHAPA
2026-07-17,1015.0,1135.0,1004.0,1111.0,9.46,19345.0,21177059.8,1,JHAPA
2026-07-20,1120.0,1177.0,1078.0,1140.0,2.61,17738.0,20272133.6,1,JHAPA
2026-07-21,1083.0,1218.0,1083.0,1148.0,0.7,11053.0,12735874.9,1,JHAPA
2026-07-22,1126.0,1155.0,1111.0,1111.0,-3.22,11465.0,12862953.6,-1,JHAPA
2026-07-23,1100.0,1148.0,1100.0,1148.0,3.33,12509.0,14025143.2,1,JHAPA
2026-07-24,1140.0,1235.9,1140.0,1211.1,5.5,22390.0,26812821.1,1,JHAPA
2026-07-27,1201.1,1223.9,1130.3,1157.0,-4.47,13356.0,15631940.0,-1,JHAPA
2026-07-28,1199.2,1199.2,1121.1,1135.0,-1.9,6428.0,7350631.0,-1,JHAPA
2026-07-29,1136.0,1140.0,1120.0,1134.9,-0.01,3628.0,4103092.8,-1,JHAPA
2026-07-30,1131.0,1139.0,1104.0,1119.0,-1.4,5278.0,5902162.5,-1,JHAPA
2026-07-31,1111.0,1138.0,1101.1,1138.0,1.7,7234.0,8097109.0,1,JHAPA
2026-08-03,1122.0,1171.0,1122.0,1139.0,0.09,3132.0,3559460.0,1,JHAPA
2026-08-04,1125.0,1134.0,1115.0,1115.0,-2.11,4736.0,5313097.0,-1,JHAPA
2026-08-05,1104.1,1115.0,1090.0,1112.0,-0.27,4866.0,5356942.3,1,JHAPA
2026-08-06,1108.0,1112.0,1080.0,1098.0,-1.26,2330.0,2550054.0,-1,JHAPA
2026-08-07,1086.0,1096.9,1065.0,1090.0,-0.73,4949.0,5315486.2,1,JHAPA
2026-08-10,1075.0,1075.0,1058.0,1070.0,-1.83,5182.0,5520691.0,-1,JHAPA
2026-08-11,1070.0,1117.0,1070.0,1095.1,2.35,5184.0,5730011.9,1,JHAPA
2026-08-12,1040.4,1100.0,1040.4,1087.9,-0.66,3313.0,3580643.0,1,JHAPA
2026-07-13,258.0,260.0,250.0,250.1,-2.3,9270.0,2348382.8,-1,JOSHI
2026-07-14,250.0,254.9,246.0,252.4,0.92,17207.0,4286451.5,1,JOSHI
2026-07-15,250.1,257.6,250.1,252.0,-0.16,6015.0,1520452.7,1,JOSHI
2026-07-16,252.0,259.4,252.0,255.9,1.55,14122.0,3628782.9,1,JOSHI
2026-07-17,260.0,271.0,256.0,269.8,5.43,18183.0,4793303.8,1,JOSHI
2026-07-20,269.8,276.0,269.8,274.0,1.56,9640.0,2634574.7,1,JOSHI
2026-07-21,274.0,277.0,267.0,272.0,-0.73,24021.0,6558594.2,-1,JOSHI
2026-07-22,270.0,270.0,266.2,267.8,-1.54,4831.0,1290322.7,-1,JOSHI
2026-07-23,268.0,272.0,264.0,271.5,1.38,12059.0,3257444.4,1,JOSHI
2026-07-24,274.0,274.0,267.6,270.0,-0.55,10071.0,2713767.6,-1,JOSHI
2026-07-27,276.9,276.9,265.7,267.0,-1.11,9360.0,2512606.3,-1,JOSHI
2026-07-28,265.1,267.0,262.3,263.0,-1.5,11562.0,3060414.6,-1,JOSHI
2026-07-29,260.1,271.0,260.1,264.0,0.38,7969.0,2123703.0,1,JOSHI
2026-07-30,269.5,269.5,265.0,265.0,0.38,11532.0,3070039.1,-1,JOSHI
2026-07-31,262.6,285.0,262.5,283.0,6.79,94932.0,26170961.2,1,JOSHI
2026-08-03,283.0,292.0,278.1,285.0,0.71,80370.0,23090052.4,1,JOSHI
2026-08-04,278.2,302.9,278.2,300.0,5.26,224868.0,66887530.5,1,JOSHI
2026-08-05,315.0,315.0,295.0,298.0,-0.67,112792.0,33904196.4,-1,JOSHI
2026-08-06,305.9,305.9,283.0,284.0,-4.7,73622.0,21464857.1,-1,JOSHI
2026-08-07,288.0,289.0,280.2,283.0,-0.35,73222.0,20714733.4,-1,JOSHI
2026-08-10,287.0,287.0,275.0,277.9,-1.8,44277.0,12368529.4,-1,JOSHI
2026-08-11,278.0,285.0,276.0,283.0,1.84,28480.0,8046980.4,1,JOSHI
2026-08-12,284.4,285.0,274.8,277.9,-1.8,39905.0,11125933.2,-1,JOSHI
2026-07-13,997.2,1015.0,971.0,1015.0,-1.26,343.0,337341.0,1,JSLBB
2026-07-14,1011.0,1011.0,961.0,989.8,-2.48,755.0,741302.0,-1,JSLBB
2026-07-15,980.0,1016.0,970.0,970.0,-2.0,5689.0,5744937.1,-1,JSLBB
2026-07-16,970.0,999.0,941.0,999.0,2.99,1396.0,1330894.2,1,JSLBB
2026-07-17,1009.9,1020.0,980.0,1020.0,2.1,748.0,748636.1,1,JSLBB
2026-07-20,994.1,1020.0,992.0,1020.0,0.0,993.0,992327.0,1,JSLBB
2026-07-21,1001.5,1010.0,1000.0,1010.0,-0.98,785.0,786216.5,1,JSLBB
2026-07-22,1000.0,1030.0,1000.0,1027.0,1.68,1618.0,1649883.0,1,JSLBB
2026-07-23,1010.0,1026.7,1010.0,1026.7,-0.03,47.0,47687.0,1,JSLBB
2026-07-24,1026.7,1040.0,1010.0,1039.0,1.2,684.0,702088.0,1,JSLBB
2026-07-27,1045.0,1045.0,1020.0,1020.0,-1.83,201.0,208230.0,-1,JSLBB
2026-07-28,1001.0,1010.0,982.0,1010.0,-0.98,440.0,436504.2,1,JSLBB
2026-07-29,985.0,1013.9,985.0,1013.9,0.39,80.0,79089.0,1,JSLBB
2026-07-30,1000.0,1000.0,970.5,999.0,-1.47,264.0,260631.5,-1,JSLBB
2026-08-03,991.0,1028.0,990.0,990.0,-0.9,847.0,846187.0,-1,JSLBB
2026-08-04,965.0,988.8,962.0,988.8,-0.12,957.0,925331.5,1,JSLBB
2026-08-05,985.0,985.0,985.0,985.0,-0.38,50.0,49250.0,0,JSLBB
2026-08-06,1000.0,1000.0,970.0,990.0,0.51,91.0,89460.0,-1,JSLBB
2026-08-07,980.0,980.0,980.0,980.0,-1.01,200.0,196000.0,0,JSLBB
2026-08-10,979.9,990.0,972.0,980.0,0.0,305.0,298987.0,1,JSLBB
2026-08-12,977.9,977.9,967.1,967.1,-1.32,58.0,56410.0,-1,JSLBB
2026-07-13,211.3,212.0,207.0,208.0,-1.14,138333.0,28856834.5,-1,KBL
2026-07-14,209.8,210.2,205.0,208.7,0.34,151445.0,31500728.9,-1,KBL
2026-07-15,209.7,213.0,209.7,212.0,1.58,121821.0,25743459.9,1,KBL
2026-07-16,212.0,213.6,208.0,210.0,-0.94,128012.0,26865517.2,-1,KBL
2026-07-17,215.0,220.5,210.0,220.0,4.76,368801.0,80199144.3,1,KBL
2026-07-20,209.0,224.0,209.0,220.0,0.0,273423.0,60462519.2,1,KBL
2026-07-21,223.9,224.0,216.5,220.9,0.41,294583.0,64661161.7,-1,KBL
2026-07-22,218.5,221.6,216.6,219.0,-0.86,208940.0,45755631.9,1,KBL
2026-07-23,212.0,223.9,212.0,223.0,1.83,368248.0,81300968.7,1,KBL
2026-07-24,224.0,231.7,223.7,228.2,2.33,1129916.0,258134231.4,1,KBL
2026-07-27,228.2,235.0,221.2,223.2,-2.19,752797.0,172226303.2,-1,KBL
2026-07-28,223.2,227.4,220.1,223.0,-0.09,413903.0,92677201.1,-1,KBL
2026-07-29,234.1,234.1,220.2,221.0,-0.9,259969.0,58002389.6,-1,KBL
2026-07-30,210.0,224.7,210.0,222.0,0.45,230853.0,51121757.9,1,KBL
2026-07-31,223.9,225.4,219.0,225.0,1.35,282557.0,62904226.3,1,KBL
2026-08-03,214.0,228.0,214.0,224.8,-0.09,437791.0,98521765.1,1,KBL
2026-08-04,226.7,226.7,220.0,221.8,-1.33,248870.0,55107545.3,-1,KBL
2026-08-05,226.0,226.0,217.0,219.0,-1.26,326366.0,71584092.7,-1,KBL
2026-08-06,229.9,229.9,215.0,216.0,-1.37,289577.0,62680317.9,-1,KBL
2026-08-07,218.0,218.0,214.6,215.0,-0.46,187087.0,40297743.0,-1,KBL
2026-08-10,220.0,220.0,214.0,215.0,0.0,166580.0,35807303.9,-1,KBL
2026-08-11,215.0,217.0,214.0,216.0,0.47,181279.0,39064649.2,1,KBL
2026-08-12,226.8,226.8,216.1,219.0,1.39,394307.0,86419023.2,-1,KBL
2026-07-13,1225.0,1225.0,1225.0,1225.0,1.91,100000.0,122500000.0,0,KBLD90
2026-07-14,1261.0,1267.0,1250.0,1250.0,2.04,420602.0,527183262.0,-1,KBLD90
2026-07-15,1250.0,1324.0,1250.0,1325.0,6.0,134.0,176356.0,1,KBLD90
2026-07-16,1320.0,1486.7,1320.0,1488.0,12.3,246.0,335813.4,1,KBLD90
2026-07-21,1470.0,1470.0,1470.0,1470.0,-1.21,57.0,83790.0,0,KBLD90
2026-07-22,1470.0,1470.0,1470.0,1425.9,-3.0,5.0,7129.5,-1,KBLD90
2026-07-29,1425.9,1425.9,1425.9,1383.2,-2.99,1.0,1383.2,-1,KBLD90
2026-07-13,1285.0,1285.0,1228.0,1262.0,-4.32,474.0,591190.0,-1,KBSH
2026-07-14,1226.0,1300.0,1226.0,1261.0,-0.08,366.0,469708.0,1,KBSH
2026-07-15,1280.0,1280.0,1227.0,1245.0,-1.27,258.0,323246.7,-1,KBSH
2026-07-16,1215.0,1229.0,1200.1,1200.1,-3.61,322.0,390644.4,-1,KBSH
2026-07-17,1235.9,1236.0,1191.0,1194.0,-0.51,1744.0,2123712.2,-1,KBSH
2026-07-20,1180.0,1231.9,1180.0,1219.0,2.09,513.0,623215.1,1,KBSH
2026-07-21,1250.0,1250.0,1184.0,1200.0,-1.56,963.0,1167396.3,-1,KBSH
2026-07-22,1171.0,1235.0,1171.0,1230.0,2.5,782.0,950721.1,1,KBSH
2026-07-23,1175.0,1175.0,1045.5,1045.5,-15.0,13394.0,14012207.5,-1,KBSH
2026-07-24,993.3,1091.8,888.7,1050.0,0.43,148511.0,141800098.8,1,KBSH
2026-07-27,1053.0,1053.0,1000.0,1022.0,-2.67,17202.0,17562347.5,-1,KBSH
2026-07-28,1000.0,1013.0,954.1,960.0,-6.07,31240.0,30326702.1,-1,KBSH
2026-07-29,1008.0,1008.0,931.2,945.0,-1.56,25870.0,24423077.4,-1,KBSH
2026-07-30,959.0,959.0,915.0,931.0,-1.48,23815.0,22128414.2,-1,KBSH
2026-07-31,905.1,974.0,905.1,956.0,2.69,23851.0,22521524.8,1,KBSH
2026-08-03,951.0,965.0,935.0,940.0,-1.67,19203.0,18135129.5,-1,KBSH
2026-08-04,893.0,950.0,893.0,950.0,1.06,12502.0,11752528.0,1,KBSH
2026-08-05,959.0,959.0,938.0,949.0,-0.11,8584.0,8083463.5,-1,KBSH
2026-08-06,935.0,976.4,935.0,970.0,2.21,24488.0,23308049.8,1,KBSH
2026-08-07,950.0,997.0,950.0,980.0,1.03,22696.0,22038187.7,1,KBSH
2026-08-10,965.0,992.0,963.5,966.0,-1.43,14256.0,13846139.7,1,KBSH
2026-08-11,960.1,980.0,960.0,980.0,1.45,13243.0,12886715.7,1,KBSH
2026-08-12,950.0,1039.0,950.0,961.0,-1.94,13364.0,12901225.0,1,KBSH
2026-07-13,10.68,10.78,10.59,10.7,0.19,57045.0,608460.6,1,KDBY
2026-07-14,10.53,10.83,10.53,10.83,1.21,79445.0,852352.65,1,KDBY
2026-07-15,10.7,10.92,10.7,10.77,-0.55,23905.0,256929.6,1,KDBY
2026-07-16,10.69,10.93,10.63,10.74,-0.28,61620.0,669347.6,1,KDBY
2026-07-17,10.74,11.0,10.74,10.87,1.21,7300.0,79492.0,1,KDBY
2026-07-20,10.76,11.19,10.76,11.1,2.12,53300.0,592152.0,1,KDBY
2026-07-21,10.86,11.21,10.86,11.11,0.09,6710.0,74459.1,1,KDBY
2026-07-22,10.8,11.2,10.8,11.08,-0.27,5300.0,58240.0,1,KDBY
2026-07-23,10.8,11.08,10.8,11.08,0.0,2000.0,21804.0,1,KDBY
2026-07-24,11.0,11.1,11.0,11.0,-0.72,8100.0,89246.0,0,KDBY
2026-07-27,10.9,11.11,10.9,11.03,0.27,63400.0,700019.0,1,KDBY
2026-07-28,11.0,11.28,11.0,11.05,0.18,29210.0,326365.0,1,KDBY
2026-07-29,11.0,11.3,11.0,11.16,1.0,161350.0,1798282.5,1,KDBY
2026-07-30,11.16,11.2,11.1,11.1,-0.54,7200.0,80023.0,-1,KDBY
2026-07-31,10.81,11.3,10.81,11.1,0.0,9500.0,106267.0,1,KDBY
2026-08-03,11.12,11.29,11.12,11.29,1.71,71200.0,798992.5,1,KDBY
2026-08-04,10.97,11.28,10.97,11.12,-1.51,47874.0,533732.02,1,KDBY
2026-08-05,10.88,11.3,10.88,11.3,1.62,88100.0,994907.0,1,KDBY
2026-08-06,11.03,11.25,11.03,11.11,-1.68,101050.0,1122499.0,1,KDBY
2026-08-07,11.11,11.15,11.05,11.09,-0.18,29060.0,322792.5,-1,KDBY
2026-08-10,11.05,11.3,11.0,11.0,-0.81,1473490.0,16520962.51,-1,KDBY
2026-08-11,10.96,11.1,10.88,10.88,-1.09,407193.0,4461379.98,-1,KDBY
2026-08-12,10.83,11.1,10.83,10.98,0.92,139886.0,1538488.5,1,KDBY
2026-07-13,776.0,776.0,755.0,755.0,-2.59,1857.0,1411780.0,-1,KDL
2026-07-14,733.0,782.8,730.0,759.0,0.53,2771.0,2078202.4,1,KDL
2026-07-15,760.0,795.0,760.0,765.1,0.8,812.0,626578.8,1,KDL
2026-07-16,760.2,788.0,760.2,784.0,2.47,1487.0,1157591.0,1,KDL
2026-07-17,795.0,818.8,784.0,816.0,4.08,2593.0,2073653.1,1,KDL
2026-07-20,816.0,822.0,804.0,822.0,0.74,2426.0,1972013.2,1,KDL
2026-07-21,824.0,824.0,801.0,816.0,-0.73,2299.0,1864725.5,-1,KDL
2026-07-22,822.0,822.0,800.0,812.0,-0.49,2798.0,2241094.7,-1,KDL
2026-07-23,820.0,820.0,795.0,813.0,0.12,286.0,229773.3,-1,KDL
2026-07-24,791.0,824.0,791.0,813.9,0.11,1944.0,1576757.0,1,KDL
2026-07-27,793.0,802.0,793.0,796.2,-2.17,527.0,420860.0,1,KDL
2026-07-28,781.2,794.0,780.0,790.0,-0.78,1967.0,1546267.8,1,KDL
2026-07-29,790.0,805.0,780.0,784.0,-0.76,3248.0,2546587.3,-1,KDL
2026-07-30,766.2,785.0,766.2,770.0,-1.79,3572.0,2768817.6,1,KDL
2026-07-31,765.2,785.0,765.2,785.0,1.95,2819.0,2197717.9,1,KDL
2026-08-03,790.0,812.9,770.0,775.0,-1.27,1312.0,1032948.0,-1,KDL
2026-08-04,753.3,789.8,753.3,785.5,1.35,796.0,617863.4,1,KDL
2026-08-05,799.6,799.6,770.0,774.0,-1.46,891.0,692640.0,-1,KDL
2026-08-06,774.0,792.2,772.0,780.0,0.78,1242.0,968593.0,1,KDL
2026-08-07,780.0,780.0,766.2,774.0,-0.77,567.0,440587.9,-1,KDL
2026-08-10,751.5,780.0,751.5,778.0,0.52,320.0,246729.0,1,KDL
2026-08-11,777.0,798.0,768.0,768.0,-1.29,382.0,294846.3,-1,KDL
2026-08-12,770.0,779.8,769.0,779.8,1.54,572.0,442718.2,1,KDL
2026-07-13,10.83,10.83,10.2,10.66,-4.48,2408770.0,25197936.3,-1,KEF
2026-07-14,10.36,10.5,10.06,10.5,-1.5,4100.0,42040.42,1,KEF
2026-07-15,10.2,10.5,10.2,10.32,-1.71,15750.0,162488.0,1,KEF
2026-07-16,10.02,10.3,10.02,10.16,-1.55,2200.0,22202.0,1,KEF
2026-07-17,10.05,10.55,10.05,10.34,1.77,3500.0,36053.0,1,KEF
2026-07-20,10.4,10.5,10.4,10.5,1.55,19800.0,207802.0,1,KEF
2026-07-21,10.3,10.55,10.21,10.4,-0.95,14590.0,151195.5,1,KEF
2026-07-22,10.26,10.71,10.26,10.63,2.21,33350.0,353682.5,1,KEF
2026-07-23,10.58,10.65,10.38,10.5,-1.22,4200.0,44176.0,-1,KEF
2026-07-24,10.25,10.69,10.25,10.69,1.81,24400.0,259401.0,1,KEF
2026-07-27,10.4,10.68,10.4,10.68,-0.09,8200.0,87039.0,1,KEF
2026-07-28,10.4,10.6,10.4,10.54,-1.31,7000.0,73693.0,1,KEF
2026-07-29,10.34,10.81,10.31,10.35,-1.8,127716.0,1322827.3,1,KEF
2026-07-30,10.11,10.4,10.11,10.28,-0.68,2900.0,29836.0,1,KEF
2026-07-31,10.47,10.47,10.26,10.3,0.19,21200.0,221720.0,-1,KEF
2026-08-03,10.34,10.7,10.34,10.4,0.97,90450.0,950095.0,1,KEF
2026-08-04,10.45,10.76,10.45,10.46,0.58,10300.0,107823.0,1,KEF
2026-08-05,10.46,10.77,10.46,10.51,0.48,2500.0,26241.0,1,KEF
2026-08-06,10.5,10.59,10.37,10.5,-0.1,18171.0,190163.77,0,KEF
2026-08-07,10.8,11.0,10.5,10.5,0.0,127690.0,1362118.0,-1,KEF
2026-08-10,10.5,10.83,10.5,10.8,2.86,830832.0,8950518.6,1,KEF
2026-08-11,10.61,10.74,10.61,10.74,-0.56,6760.0,72345.6,1,KEF
2026-08-12,10.59,10.85,10.52,10.83,0.84,366136.0,3941048.38,1,KEF
2026-07-13,896.0,897.0,875.1,885.0,-1.44,14721.0,12992214.4,-1,KHPL
2026-07-14,870.0,905.0,870.0,902.0,1.92,14147.0,12513008.8,1,KHPL
2026-07-15,902.0,929.9,902.0,925.3,2.58,6883.0,6326444.8,1,KHPL
2026-07-16,920.0,947.6,901.0,916.0,-1.01,14177.0,12979901.6,-1,KHPL
2026-07-17,920.0,1030.0,920.0,998.0,8.95,24893.0,23970769.8,1,KHPL
2026-07-20,998.0,1008.0,970.0,999.1,0.11,13133.0,13026186.2,1,KHPL
2026-07-21,997.0,1017.0,970.0,992.0,-0.71,11513.0,11450483.7,-1,KHPL
2026-07-22,942.4,989.0,942.4,960.0,-3.23,5111.0,4954738.5,1,KHPL
2026-07-23,930.0,999.0,930.0,992.0,3.33,17900.0,17457081.9,1,KHPL
2026-07-24,990.0,1045.0,965.0,990.0,-0.2,31107.0,31355705.4,0,KHPL
2026-07-27,960.4,989.9,912.0,920.0,-7.07,14408.0,13771554.4,-1,KHPL
2026-07-28,900.0,1041.0,900.0,944.0,2.61,17005.0,15742750.4,1,KHPL
2026-07-29,930.0,1061.0,898.7,1061.0,12.39,25608.0,24196132.3,1,KHPL
2026-07-30,1008.0,1008.0,901.9,902.0,-14.99,31485.0,28801957.3,-1,KHPL
2026-07-31,890.0,890.0,849.0,870.0,-3.55,51259.0,44272239.5,-1,KHPL
2026-08-03,870.0,885.0,850.1,860.0,-1.15,10196.0,8764893.2,-1,KHPL
2026-08-04,817.0,875.0,817.0,834.0,-3.02,13309.0,11244533.5,1,KHPL
2026-08-05,826.0,856.0,815.0,843.0,1.08,12729.0,10604967.4,1,KHPL
2026-08-06,830.4,858.6,818.0,818.0,-2.97,10504.0,8742340.6,-1,KHPL
2026-08-07,810.0,830.0,802.0,816.0,-0.24,6987.0,5681143.9,1,KHPL
2026-08-10,803.0,812.0,800.0,806.2,-1.2,8628.0,6960939.6,1,KHPL
2026-08-11,806.2,820.1,800.0,805.3,-0.11,9077.0,7332861.2,-1,KHPL
2026-08-12,823.7,823.7,800.1,800.1,-0.65,6691.0,5391885.7,-1,KHPL
2026-07-13,256.0,256.0,245.0,245.0,-1.61,37314.0,9185247.1,-1,KKHC
2026-07-14,245.0,258.0,240.2,250.0,2.04,33672.0,8257566.8,1,KKHC
2026-07-15,250.0,256.8,247.0,247.3,-1.08,14165.0,3537379.6,-1,KKHC
2026-07-16,254.0,254.0,245.2,249.0,0.69,22390.0,5561843.9,-1,KKHC
2026-07-17,254.0,261.0,253.0,260.0,4.42,39565.0,10212016.1,1,KKHC
2026-07-20,260.0,269.0,260.0,267.0,2.69,66730.0,17667773.8,1,KKHC
2026-07-21,271.9,271.9,263.2,268.0,0.37,70435.0,18738734.3,-1,KKHC
2026-07-22,267.9,269.0,260.1,268.5,0.19,51773.0,13699267.0,1,KKHC
2026-07-23,265.0,269.0,264.0,266.5,-0.74,42842.0,11409754.8,1,KKHC
2026-07-24,266.5,290.0,264.5,282.3,5.93,368499.0,102437266.1,1,KKHC
2026-07-27,282.3,290.0,280.0,283.0,0.25,297497.0,84736999.2,1,KKHC
2026-07-28,283.0,287.0,280.0,284.7,0.6,142474.0,40534120.2,1,KKHC
2026-07-29,298.0,299.0,281.3,295.0,3.62,720327.0,211706112.9,-1,KKHC
2026-07-30,295.0,301.7,292.0,296.0,0.34,354765.0,105841532.1,1,KKHC
2026-07-31,295.1,298.0,290.8,291.4,-1.55,133825.0,39192120.9,-1,KKHC
2026-08-03,291.4,295.0,285.5,287.0,-1.51,117485.0,34232056.1,-1,KKHC
2026-08-04,284.0,318.0,282.2,315.9,10.07,1321921.0,406693643.4,1,KKHC
2026-08-05,331.6,331.6,310.4,325.0,2.88,863331.0,277741348.4,-1,KKHC
2026-08-06,320.0,360.0,315.8,320.0,-1.54,525282.0,169340525.1,0,KKHC
2026-08-07,320.0,329.0,315.1,323.0,0.94,425658.0,136140650.9,1,KKHC
2026-08-10,320.0,324.8,317.4,321.8,-0.37,242978.0,77727367.6,1,KKHC
2026-08-11,331.0,331.0,313.0,317.5,-1.34,433088.0,137747859.1,-1,KKHC
2026-08-12,316.0,327.0,315.1,324.0,2.05,341070.0,109993306.3,1,KKHC
2026-07-13,808.0,809.0,760.0,766.0,-4.25,7732.0,5918058.4,-1,KMCDB
2026-07-14,787.5,787.5,735.0,760.0,-0.78,4432.0,3363516.4,-1,KMCDB
2026-07-15,739.2,782.5,739.2,760.0,0.0,1322.0,1004135.6,1,KMCDB
2026-07-16,761.0,780.0,750.0,772.6,1.66,857.0,654387.8,1,KMCDB
2026-07-17,782.0,799.9,770.0,797.9,3.27,2603.0,2049788.8,1,KMCDB
2026-07-20,809.0,810.0,785.0,802.0,0.51,1073.0,859300.7,-1,KMCDB
2026-07-21,802.0,823.0,802.0,815.0,1.62,609.0,493359.2,1,KMCDB
2026-07-22,792.0,815.0,791.0,803.0,-1.47,3285.0,2629158.8,1,KMCDB
2026-07-23,808.0,808.0,779.5,806.9,0.49,1276.0,1015055.1,-1,KMCDB
2026-07-24,800.0,806.0,791.6,806.0,-0.11,1517.0,1213012.1,1,KMCDB
2026-07-27,800.0,800.0,777.0,780.0,-3.23,3094.0,2429295.5,-1,KMCDB
2026-07-28,761.0,788.0,756.6,787.0,0.9,2495.0,1895094.0,1,KMCDB
2026-07-29,787.0,789.0,763.8,784.0,-0.38,4774.0,3678589.6,-1,KMCDB
2026-07-30,784.0,784.0,761.3,779.5,-0.57,2158.0,1674860.5,-1,KMCDB
2026-07-31,779.0,787.0,760.3,766.4,-1.68,2071.0,1605359.2,-1,KMCDB
2026-08-03,750.1,789.7,750.0,777.9,1.5,1097.0,839084.9,1,KMCDB
2026-08-04,774.0,774.0,759.0,770.0,-1.02,1947.0,1483132.0,-1,KMCDB
2026-08-05,770.0,775.0,770.0,770.0,0.0,338.0,260504.0,0,KMCDB
2026-08-06,757.6,765.0,757.6,760.2,-1.27,1750.0,1330139.0,1,KMCDB
2026-08-07,771.8,780.0,760.0,777.0,2.21,5331.0,4126456.3,1,KMCDB
2026-08-10,738.2,815.0,738.2,807.9,3.98,10382.0,8276316.6,1,KMCDB
2026-08-11,807.9,815.0,798.0,800.0,-0.98,2606.0,2089213.1,-1,KMCDB
2026-08-12,800.0,808.0,750.0,796.3,-0.46,6542.0,5024484.1,-1,KMCDB
2026-07-13,464.0,474.7,458.0,458.0,-0.69,7794.0,3629320.0,-1,KPCL
2026-07-14,451.6,460.2,451.1,454.0,-0.87,4346.0,1975986.7,1,KPCL
2026-07-15,458.0,461.0,455.0,455.0,0.22,5657.0,2589854.2,-1,KPCL
2026-07-16,455.3,459.0,450.0,459.0,0.88,12862.0,5817751.1,1,KPCL
2026-07-17,460.0,479.9,460.0,478.7,4.29,7411.0,3519175.4,1,KPCL
2026-07-20,475.0,489.2,475.0,485.0,1.32,7702.0,3732084.9,1,KPCL
2026-07-21,490.0,490.0,477.1,480.2,-0.99,13052.0,6284858.6,-1,KPCL
2026-07-22,480.0,480.2,476.1,476.8,-0.71,5024.0,2406827.2,-1,KPCL
2026-07-23,470.0,477.0,469.4,473.0,-0.8,5890.0,2777060.1,1,KPCL
2026-07-24,475.0,484.0,475.0,482.0,1.9,4122.0,1979800.0,1,KPCL
2026-07-27,482.0,488.0,470.0,470.1,-2.47,7212.0,3443357.7,-1,KPCL
2026-07-28,470.0,472.9,467.1,472.9,0.6,5611.0,2639810.3,1,KPCL
2026-07-29,471.0,474.0,470.0,470.0,-0.61,4940.0,2324364.9,-1,KPCL
2026-07-30,470.0,474.0,468.0,473.0,0.64,3175.0,1493044.7,1,KPCL
2026-07-31,466.0,475.0,465.4,475.0,0.42,2716.0,1275556.5,1,KPCL
2026-08-03,472.0,477.1,469.1,472.0,-0.63,6263.0,2943753.7,0,KPCL
2026-08-04,472.0,473.0,467.0,471.9,-0.02,9209.0,4336912.6,-1,KPCL
2026-08-05,466.1,482.0,466.1,469.0,-0.61,4513.0,2149974.3,1,KPCL
2026-08-06,475.0,475.0,465.0,468.1,-0.19,6060.0,2855510.3,-1,KPCL
2026-08-07,468.1,470.0,466.8,468.0,-0.02,3501.0,1636541.3,-1,KPCL
2026-08-10,468.0,469.9,460.0,469.0,0.21,3191.0,1482926.7,1,KPCL
2026-08-11,469.0,471.6,466.0,466.6,-0.51,5489.0,2567962.6,-1,KPCL
2026-08-12,461.0,474.8,461.0,467.0,0.09,5337.0,2479936.5,1,KPCL
2026-07-13,468.5,470.0,467.0,468.0,-0.11,21045.0,9832422.2,-1,KSBBL
2026-07-14,463.0,470.0,463.0,470.0,0.43,22414.0,10471769.5,1,KSBBL
2026-07-15,480.0,482.0,469.0,470.0,0.0,11263.0,5303436.7,-1,KSBBL
2026-07-16,470.4,474.0,467.0,474.0,0.85,65907.0,30880614.7,1,KSBBL
2026-07-17,475.0,487.5,475.0,485.8,2.49,12637.0,6101704.4,1,KSBBL
2026-07-20,490.0,500.0,485.1,488.4,0.54,53127.0,26101284.2,-1,KSBBL
2026-07-21,488.0,493.0,485.0,490.0,0.33,69100.0,33823969.8,1,KSBBL
2026-07-22,494.0,494.7,485.3,486.0,-0.82,10178.0,4958766.7,-1,KSBBL
2026-07-23,488.8,488.8,480.0,488.0,0.41,16398.0,7935303.2,-1,KSBBL
2026-07-24,485.0,491.0,485.0,488.6,0.12,17265.0,8431286.9,1,KSBBL
2026-07-27,489.0,493.0,485.0,485.1,-0.72,13245.0,6466828.9,-1,KSBBL
2026-07-28,489.7,489.7,480.1,486.0,0.19,14418.0,6978027.9,-1,KSBBL
2026-07-29,487.8,487.8,482.8,482.8,-0.66,22894.0,11089340.8,-1,KSBBL
2026-07-30,484.9,484.9,472.0,479.0,-0.79,20940.0,9992417.0,-1,KSBBL
2026-07-31,475.1,485.0,472.1,478.0,-0.21,18173.0,8662239.3,1,KSBBL
2026-08-03,480.0,482.0,474.3,475.0,-0.63,30231.0,14457138.4,-1,KSBBL
2026-08-04,475.5,479.0,474.1,476.0,0.21,15433.0,7338867.7,1,KSBBL
2026-08-05,473.1,478.0,473.1,475.0,-0.21,15768.0,7491808.0,1,KSBBL
2026-08-06,473.1,475.0,471.5,472.0,-0.63,18622.0,8812359.5,-1,KSBBL
2026-08-07,470.1,475.8,470.0,473.6,0.34,14143.0,6658386.5,1,KSBBL
2026-08-10,475.0,475.0,464.1,468.0,-1.18,74163.0,34804857.4,-1,KSBBL
2026-08-11,464.0,471.5,464.0,470.8,0.6,45848.0,21458396.0,1,KSBBL
2026-08-12,468.0,475.0,466.6,474.9,0.87,26203.0,12366546.9,1,KSBBL
2026-07-13,9.5,9.5,9.41,9.5,-2.06,2450.0,23248.0,0,KSY
2026-07-14,9.22,9.8,9.22,9.8,3.16,3550.0,34505.0,1,KSY
2026-07-15,9.75,9.75,9.75,9.75,-0.51,6044.0,58929.0,0,KSY
2026-07-16,9.75,10.03,9.75,10.03,2.87,300.0,2953.0,1,KSY
2026-07-17,10.0,10.01,9.71,9.75,-2.79,700.0,6869.0,-1,KSY
2026-07-20,9.75,9.75,9.75,9.75,0.0,800.0,7800.0,0,KSY
2026-07-21,9.75,10.0,9.46,10.0,2.56,29495.0,294755.0,1,KSY
2026-07-22,10.0,10.0,9.76,9.76,-2.4,10300.0,100580.0,-1,KSY
2026-07-23,9.75,9.75,9.75,9.75,-0.1,1400.0,13650.0,0,KSY
2026-07-24,9.48,9.55,9.48,9.55,-2.05,1200.0,11408.0,1,KSY
2026-07-27,9.5,9.83,9.5,9.83,2.93,701.0,6742.82,1,KSY
2026-07-28,9.56,9.96,9.56,9.95,1.22,3700.0,36764.0,1,KSY
2026-07-29,9.95,9.95,9.66,9.9,-0.5,1100.0,10750.0,-1,KSY
2026-07-30,9.9,9.9,9.9,9.9,0.0,1300.0,12870.0,0,KSY
2026-07-31,9.61,9.79,9.5,9.79,-1.11,3382.0,32750.05,1,KSY
2026-08-03,9.54,10.08,9.54,9.85,0.61,706646.0,7120970.8,1,KSY
2026-08-04,9.6,9.75,9.57,9.75,-1.02,500.0,4812.0,1,KSY
2026-08-05,9.47,9.75,9.47,9.75,0.0,530.0,5083.5,1,KSY
2026-08-06,9.47,9.78,9.47,9.5,-2.56,973.0,9285.7,1,KSY
2026-08-07,9.23,9.53,9.23,9.52,0.21,43030.0,409345.6,1,KSY
2026-08-10,9.49,9.49,8.97,9.47,-0.53,7000.0,64297.4,-1,KSY
2026-08-11,9.19,9.33,9.19,9.33,-1.48,6350.0,58410.5,1,KSY
2026-08-12,9.6,9.6,9.35,9.36,0.32,2130.0,20235.5,-1,KSY
2026-07-13,481.3,489.0,470.0,470.2,-1.61,36405.0,17325488.7,-1,LBBL
2026-07-14,480.0,480.0,469.1,479.9,2.06,21468.0,10147355.7,-1,LBBL
2026-07-15,482.0,485.5,477.2,484.0,0.85,23861.0,11498896.7,1,LBBL
2026-07-16,508.2,508.2,474.0,483.4,-0.12,31140.0,14859230.7,-1,LBBL
2026-07-17,485.0,496.0,481.4,495.0,2.4,23295.0,11469817.1,1,LBBL
2026-07-20,494.9,505.0,487.0,500.0,1.01,57160.0,28544751.2,1,LBBL
2026-07-21,510.0,510.0,491.0,498.0,-0.4,56618.0,28143614.7,-1,LBBL
2026-07-22,494.2,498.0,493.5,495.5,-0.5,37047.0,18366979.3,1,LBBL
2026-07-23,491.2,502.0,491.0,502.0,1.31,53082.0,26288817.5,1,LBBL
2026-07-24,497.0,515.0,497.0,510.0,1.59,137489.0,69903533.0,1,LBBL
2026-07-27,510.0,514.9,497.0,502.9,-1.39,57304.0,28865297.5,-1,LBBL
2026-07-28,498.0,504.0,492.4,499.9,-0.6,27651.0,13754331.7,1,LBBL
2026-07-29,491.1,500.5,491.1,495.0,-0.98,36458.0,18091461.0,1,LBBL
2026-07-30,488.3,499.8,488.3,490.2,-0.97,36940.0,18131554.0,1,LBBL
2026-07-31,488.0,496.0,487.0,496.0,1.18,20417.0,10072529.1,1,LBBL
2026-08-03,499.0,500.0,494.0,497.0,0.2,19051.0,9476913.2,-1,LBBL
2026-08-04,498.0,506.0,492.0,505.0,1.61,111896.0,55810534.4,1,LBBL
2026-08-05,505.0,510.0,496.1,500.0,-0.99,107373.0,54020835.8,-1,LBBL
2026-08-06,504.0,504.0,490.0,491.0,-1.8,94128.0,46405748.1,-1,LBBL
2026-08-07,486.0,492.0,486.0,491.9,0.18,27592.0,13495687.4,1,LBBL
2026-08-10,485.1,497.0,485.0,485.0,-1.4,20953.0,10184057.6,-1,LBBL
2026-08-11,485.1,491.0,483.0,484.0,-0.21,26020.0,12618498.8,-1,LBBL
2026-08-12,485.0,486.0,484.0,485.0,0.21,17555.0,8507509.2,0,LBBL
2026-07-13,211.0,211.0,201.1,203.3,-1.6,69241.0,14080023.0,-1,LEC
2026-07-14,203.0,210.1,200.0,205.3,0.98,97031.0,19838485.7,1,LEC
2026-07-15,211.0,211.0,205.0,205.0,-0.15,40082.0,8277590.2,-1,LEC
2026-07-16,209.9,209.9,202.4,203.0,-0.98,64279.0,13153848.7,-1,LEC
2026-07-17,208.8,218.9,206.8,218.8,7.78,125636.0,26901789.0,1,LEC
2026-07-20,219.0,225.8,216.0,225.4,3.02,168116.0,37481207.0,1,LEC
2026-07-21,228.5,228.5,220.1,222.3,-1.38,117551.0,26338788.6,-1,LEC
2026-07-22,224.8,224.8,217.5,220.0,-1.03,70637.0,15499310.2,-1,LEC
2026-07-23,220.0,223.0,216.2,222.6,1.18,70351.0,15459776.0,1,LEC
2026-07-24,224.9,227.9,222.4,224.0,0.63,140458.0,31605924.6,-1,LEC
2026-07-27,225.0,234.0,224.5,225.0,0.45,379290.0,87094227.5,0,LEC
2026-07-28,227.0,232.0,225.3,227.7,1.2,253807.0,58182553.2,1,LEC
2026-07-29,229.5,231.7,225.0,226.9,-0.35,200185.0,45817222.3,-1,LEC
2026-07-30,238.2,238.2,222.0,224.8,-0.93,127642.0,28774284.9,-1,LEC
2026-07-31,224.0,227.1,221.2,225.9,0.49,78017.0,17527836.0,1,LEC
2026-08-03,229.9,229.9,225.0,225.1,-0.35,79082.0,17864101.3,-1,LEC
2026-08-04,236.3,236.3,220.2,228.0,1.29,304860.0,69046541.0,-1,LEC
2026-08-05,231.0,231.0,226.2,228.5,0.22,74078.0,16877292.1,-1,LEC
2026-08-06,229.9,229.9,220.4,224.0,-1.97,105012.0,23535162.3,-1,LEC
2026-08-07,235.2,235.2,220.0,221.2,-1.25,76335.0,16924100.1,-1,LEC
2026-08-10,221.5,224.8,217.0,218.0,-1.45,92850.0,20322728.8,-1,LEC
2026-08-11,220.9,222.7,218.4,219.0,0.46,64718.0,14241154.0,-1,LEC
2026-08-12,218.0,222.0,217.5,217.8,-0.55,35487.0,7760778.0,-1,LEC
2026-07-13,794.0,794.0,765.0,765.0,-1.42,25030.0,19254479.9,-1,LICN
2026-07-14,803.0,803.0,763.0,772.0,0.92,7717.0,5941309.7,-1,LICN
2026-07-15,765.0,787.8,765.0,783.0,1.42,4568.0,3540447.2,1,LICN
2026-07-16,782.0,789.8,778.0,789.8,0.87,6429.0,5031476.5,1,LICN
2026-07-17,795.0,805.0,785.0,798.0,1.04,15549.0,12378454.2,1,LICN
2026-07-20,805.0,810.0,786.0,804.5,0.81,5279.0,4250667.5,-1,LICN
2026-07-21,806.0,809.0,794.0,796.5,-0.99,13352.0,10671515.0,-1,LICN
2026-07-22,805.0,805.0,790.0,804.4,0.99,6504.0,5183129.6,-1,LICN
2026-07-23,844.0,844.0,790.2,803.9,-0.06,6839.0,5459836.6,-1,LICN
2026-07-24,800.1,813.8,797.0,804.0,0.01,9884.0,7950653.4,1,LICN
2026-07-27,814.9,814.9,794.2,795.0,-1.12,7761.0,6205753.1,-1,LICN
2026-07-28,795.0,800.0,785.2,786.3,-1.09,10343.0,8145234.1,-1,LICN
2026-07-29,787.2,795.0,783.0,789.9,0.46,9285.0,7312457.7,1,LICN
2026-07-30,789.9,789.9,778.0,788.0,-0.24,9579.0,7470140.1,-1,LICN
2026-07-31,793.0,793.0,781.0,787.9,-0.01,4020.0,3149766.5,-1,LICN
2026-08-03,805.0,805.0,782.1,790.0,0.27,5019.0,3933677.1,-1,LICN
2026-08-04,790.0,790.1,782.0,782.5,-0.95,1883.0,1476686.9,-1,LICN
2026-08-05,790.0,790.0,775.1,784.5,0.26,12044.0,9393151.1,-1,LICN
2026-08-06,780.0,786.0,775.2,776.0,-1.08,5452.0,4238078.6,-1,LICN
2026-08-07,790.0,790.0,771.2,774.9,-0.14,1328.0,1031168.5,-1,LICN
2026-08-10,785.0,785.0,765.3,770.0,-0.63,6970.0,5353920.1,-1,LICN
2026-08-11,770.0,780.0,767.1,770.0,0.0,3288.0,2531845.7,0,LICN
2026-08-12,779.9,780.0,769.0,772.0,0.26,4221.0,3253148.9,-1,LICN
2026-07-13,932.0,932.0,904.1,920.0,0.19,222.0,201838.0,-1,LLBS
2026-07-14,892.4,914.0,892.4,914.0,-0.65,148.0,132198.8,1,LLBS
2026-07-15,919.0,922.1,894.6,894.6,-2.12,318.0,292666.8,-1,LLBS
2026-07-16,939.3,939.3,900.0,919.9,2.83,511.0,464074.3,-1,LLBS
2026-07-17,930.0,930.0,903.1,923.9,0.43,200.0,183776.0,-1,LLBS
2026-07-20,940.9,950.0,921.5,930.2,0.68,1821.0,1705590.8,-1,LLBS
2026-07-21,955.0,955.0,916.0,938.0,0.84,695.0,646212.2,-1,LLBS
2026-07-22,915.0,921.0,915.0,920.0,-1.92,78.0,71610.0,1,LLBS
2026-07-23,910.0,937.0,910.0,937.0,1.85,70.0,64470.0,1,LLBS
2026-07-24,920.0,935.0,920.0,935.0,-0.21,235.0,218235.0,1,LLBS
2026-07-27,915.0,920.0,908.0,908.0,-2.89,1360.0,1241198.6,-1,LLBS
2026-07-28,911.0,911.0,895.0,910.0,0.22,290.0,261472.0,-1,LLBS
2026-07-29,900.0,910.0,885.0,910.0,0.0,2752.0,2448503.2,1,LLBS
2026-07-30,900.0,900.0,883.0,898.0,-1.32,3094.0,2744852.4,-1,LLBS
2026-07-31,880.0,900.0,874.0,895.0,-0.33,767.0,680202.0,1,LLBS
2026-08-03,900.0,900.0,893.0,893.0,-0.22,170.0,152650.0,-1,LLBS
2026-08-04,881.0,890.0,880.0,890.0,-0.34,120.0,105850.0,1,LLBS
2026-08-05,890.0,890.0,866.5,889.0,-0.11,138.0,120299.1,-1,LLBS
2026-08-06,867.3,894.8,867.3,894.8,0.65,70.0,61371.0,1,LLBS
2026-08-07,871.0,885.0,870.0,885.0,-1.1,155.0,135058.0,1,LLBS
2026-08-10,885.0,890.0,866.0,866.0,-2.15,683.0,602090.0,-1,LLBS
2026-08-11,860.0,912.0,840.0,884.0,2.08,637.0,546424.5,1,LLBS
2026-08-12,908.0,935.0,863.0,885.0,0.11,518.0,461767.9,-1,LLBS
2026-07-13,216.5,217.0,215.0,215.1,-1.33,67861.0,14647040.0,-1,LSL
2026-07-14,216.0,217.3,214.0,214.9,-0.09,212116.0,45679710.0,-1,LSL
2026-07-15,217.0,220.0,214.9,215.0,0.05,53731.0,11590850.6,-1,LSL
2026-07-16,212.1,218.4,212.1,215.1,0.05,81383.0,17563395.3,1,LSL
2026-07-17,216.1,223.0,216.1,222.8,3.58,156215.0,34341950.6,1,LSL
2026-07-20,212.0,226.7,212.0,224.0,0.54,137613.0,30825361.7,1,LSL
2026-07-21,223.0,227.0,222.2,223.6,-0.18,333917.0,75031870.5,1,LSL
2026-07-22,220.0,225.0,220.0,225.0,0.63,138502.0,31062475.1,1,LSL
2026-07-23,214.0,227.0,214.0,227.0,0.89,259236.0,58276581.5,1,LSL
2026-07-24,227.0,230.9,225.3,230.3,1.45,227090.0,52038191.5,1,LSL
2026-07-27,218.8,235.0,218.8,229.7,-0.26,261979.0,60497252.5,1,LSL
2026-07-28,228.9,230.0,226.7,227.5,-0.96,147788.0,33762888.4,-1,LSL
2026-07-29,225.4,230.0,225.2,228.5,0.44,191885.0,43893508.0,1,LSL
2026-07-30,230.0,230.5,224.9,226.8,-0.74,180338.0,40923314.4,-1,LSL
2026-07-31,228.5,228.5,224.0,228.4,0.71,104988.0,23752865.9,-1,LSL
2026-08-03,217.0,232.1,217.0,229.4,0.44,206249.0,47527444.7,1,LSL
2026-08-04,227.2,229.9,225.5,225.5,-1.7,115489.0,26193286.1,-1,LSL
2026-08-05,228.5,229.0,223.5,224.7,-0.35,110032.0,24825445.5,-1,LSL
2026-08-06,218.0,227.0,218.0,222.8,-0.85,173938.0,38619924.6,1,LSL
2026-08-07,222.0,222.0,218.6,220.2,-1.17,58669.0,12907146.9,-1,LSL
2026-08-10,222.5,222.5,218.0,220.0,-0.09,56723.0,12399049.6,-1,LSL
2026-08-11,219.0,222.4,219.0,221.0,0.45,23733.0,5228266.9,1,LSL
2026-08-12,221.1,223.0,220.0,220.9,-0.05,70498.0,15610286.9,-1,LSL
2026-07-13,10.3,10.3,10.0,10.0,0.0,1800.0,18240.0,-1,LUK
2026-07-14,10.0,10.0,9.9,9.9,-1.0,1100.0,10950.0,-1,LUK
2026-07-17,10.19,10.49,10.19,10.49,5.96,7820.0,81881.8,1,LUK
2026-07-20,10.25,10.25,9.95,9.95,-5.15,400.0,4010.0,-1,LUK
2026-07-21,10.2,10.24,9.96,9.99,0.4,13850.0,139229.5,-1,LUK
2026-07-22,9.76,9.76,9.76,9.76,-2.3,100.0,976.0,0,LUK
2026-07-23,9.9,10.35,9.9,10.06,3.07,6820.0,70130.0,1,LUK
2026-07-24,10.36,10.36,9.76,9.76,-2.98,750.0,7591.0,-1,LUK
2026-07-27,9.76,10.06,9.76,10.0,2.46,9600.0,96296.0,1,LUK
2026-07-28,10.3,10.91,10.3,10.91,9.1,64605.0,698928.7,1,LUK
2026-07-29,10.69,10.89,10.26,10.79,-1.1,34610.0,366092.4,1,LUK
2026-07-30,10.47,10.48,10.16,10.46,-3.06,6810.0,71134.8,-1,LUK
2026-07-31,10.15,10.2,10.15,10.2,-2.49,2300.0,23395.0,1,LUK
2026-08-03,10.25,10.5,10.25,10.5,2.94,6100.0,63319.0,1,LUK
2026-08-04,10.5,10.8,10.49,10.5,0.0,18077.0,193935.6,0,LUK
2026-08-05,10.7,10.7,10.7,10.7,1.9,330.0,3531.0,0,LUK
2026-08-07,10.69,10.69,10.69,10.69,-0.09,1300.0,13897.0,0,LUK
2026-08-10,10.6,10.7,9.9,10.06,-5.89,11530.0,121129.0,-1,LUK
2026-08-11,10.1,10.6,10.1,10.59,5.27,22997.0,242231.27,1,LUK
2026-08-12,10.28,10.28,9.76,10.15,-4.15,13300.0,132899.0,-1,LUK
2026-07-13,9.76,9.77,9.76,9.77,0.21,700.0,6835.0,1,LVF2
2026-07-14,9.76,10.0,9.72,10.0,2.35,1600.0,15773.0,1,LVF2
2026-07-15,10.0,10.05,9.95,9.95,-0.5,10850.0,108467.5,-1,LVF2
2026-07-16,9.75,9.77,9.75,9.77,-1.81,12500.0,122023.0,1,LVF2
2026-07-17,9.7,10.0,9.7,10.0,2.35,900.0,8841.0,1,LVF2
2026-07-20,9.8,9.81,9.8,9.81,-1.9,1500.0,14714.0,1,LVF2
2026-07-21,9.85,10.02,9.8,9.88,0.71,7720.0,77117.8,1,LVF2
2026-07-22,9.81,9.81,9.75,9.75,-1.32,16000.0,156207.46,-1,LVF2
2026-07-23,9.8,9.81,9.8,9.81,0.62,1100.0,10781.0,1,LVF2
2026-07-24,9.66,9.66,9.66,9.66,-1.53,400.0,3864.0,0,LVF2
2026-07-27,9.56,9.6,9.56,9.6,-0.62,600.0,5756.0,1,LVF2
2026-07-28,9.32,9.35,9.32,9.35,-2.6,1400.0,13051.0,1,LVF2
2026-07-29,9.35,9.35,9.3,9.3,-0.53,1500.0,13965.0,-1,LVF2
2026-07-30,9.03,9.13,9.01,9.13,-1.83,6390.0,57750.9,1,LVF2
2026-07-31,9.04,9.86,9.04,9.86,8.0,4250.0,39475.0,1,LVF2
2026-08-03,9.57,10.15,9.57,10.14,2.84,1600.0,16140.0,1,LVF2
2026-08-04,10.14,10.14,10.0,10.0,-1.38,14300.0,144442.0,-1,LVF2
2026-08-05,9.8,9.8,9.8,9.8,-2.0,200.0,1960.0,0,LVF2
2026-08-06,9.51,9.51,9.24,9.3,-5.1,800.0,7438.0,-1,LVF2
2026-08-07,9.1,9.1,9.03,9.06,-2.58,5300.0,47910.0,-1,LVF2
2026-08-10,9.06,9.1,9.0,9.1,0.44,1800.0,16320.0,1,LVF2
2026-08-11,9.15,9.16,9.15,9.16,0.66,700.0,6408.0,1,LVF2
2026-08-12,9.43,9.43,9.31,9.31,1.64,8933.0,84214.19,-1,LVF2
2026-07-13,585.0,585.0,557.0,562.0,-3.77,5550.0,3134904.0,-1,MABEL
2026-07-14,546.0,563.0,545.5,553.0,-1.6,7324.0,4058395.9,1,MABEL
2026-07-15,553.0,568.0,547.1,558.0,0.9,6930.0,3851407.4,1,MABEL
2026-07-16,560.0,560.0,550.5,552.0,-1.08,7084.0,3948931.3,-1,MABEL
2026-07-17,567.0,604.8,567.0,602.0,9.06,10093.0,5923039.0,1,MABEL
2026-07-20,602.0,625.0,592.0,625.0,3.82,11311.0,6940149.5,1,MABEL
2026-07-21,611.0,649.0,611.0,635.9,1.74,14570.0,9234238.1,1,MABEL
2026-07-22,643.7,643.7,620.6,625.0,-1.71,4641.0,2901241.6,-1,MABEL
2026-07-23,621.0,630.9,614.2,630.9,0.94,12447.0,7715312.8,1,MABEL
2026-07-24,632.5,670.0,632.0,637.0,0.97,25642.0,16721600.1,1,MABEL
2026-07-27,638.0,649.0,613.3,615.0,-3.45,9624.0,6012923.6,-1,MABEL
2026-07-28,604.5,617.4,604.5,606.0,-1.46,6191.0,3769657.6,1,MABEL
2026-07-29,593.0,620.0,590.0,600.0,-0.99,7772.0,4633448.4,1,MABEL
2026-07-30,582.1,600.0,582.1,595.5,-0.75,1818.0,1086170.7,1,MABEL
2026-07-31,583.1,606.9,583.1,603.0,1.26,5395.0,3219559.9,1,MABEL
2026-08-03,604.0,618.0,593.6,599.8,-0.53,7224.0,4385599.9,-1,MABEL
2026-08-04,589.1,594.0,585.7,590.0,-1.63,3923.0,2314829.2,1,MABEL
2026-08-05,585.1,600.0,585.1,599.0,1.53,4825.0,2850396.4,1,MABEL
2026-08-06,589.0,605.5,589.0,595.6,-0.57,4965.0,2966855.3,1,MABEL
2026-08-07,595.0,610.0,586.3,593.0,-0.44,3650.0,2160857.0,-1,MABEL
2026-08-10,580.0,602.0,580.0,594.0,0.17,2799.0,1665726.5,1,MABEL
2026-08-11,596.0,609.9,592.0,597.0,0.51,7416.0,4436752.6,1,MABEL
2026-08-12,592.1,600.0,590.1,590.1,-1.16,3649.0,2166690.6,-1,MABEL
2026-07-13,455.0,459.0,455.0,457.0,-1.3,1300.0,593970.0,1,MAKAR
2026-07-14,456.0,468.0,448.0,460.0,0.66,4172.0,1890235.0,1,MAKAR
2026-07-15,460.1,470.0,448.2,460.0,0.0,6986.0,3160184.7,-1,MAKAR
2026-07-16,452.1,488.0,448.0,488.0,6.09,14572.0,6624383.6,1,MAKAR
2026-07-17,473.4,488.0,465.0,478.9,-1.86,27092.0,12770943.4,1,MAKAR
2026-07-20,491.0,491.0,470.0,470.2,-1.82,15690.0,7437964.0,-1,MAKAR
2026-07-21,446.7,482.1,446.7,460.0,-2.17,43388.0,20132353.4,1,MAKAR
2026-07-22,460.0,471.9,449.7,456.0,-0.87,47797.0,21632435.9,-1,MAKAR
2026-07-23,433.2,458.9,433.2,450.0,-1.32,35324.0,15913476.9,1,MAKAR
2026-07-24,427.5,455.0,427.5,450.0,0.0,56320.0,25350729.9,1,MAKAR
2026-07-27,460.0,460.0,444.0,445.0,-1.11,53156.0,23891911.7,-1,MAKAR
2026-07-28,445.0,446.0,441.0,442.5,-0.56,24614.0,10921191.5,-1,MAKAR
2026-07-29,440.1,450.0,439.2,440.0,-0.56,70620.0,31151929.3,-1,MAKAR
2026-07-30,449.0,449.0,434.1,437.9,-0.48,49623.0,21690572.8,-1,MAKAR
2026-07-31,438.0,440.0,433.1,440.0,0.48,7472.0,3259852.2,1,MAKAR
2026-08-03,443.0,443.4,438.2,439.9,-0.02,9267.0,4087596.0,-1,MAKAR
2026-08-04,439.9,439.9,434.1,436.6,-0.75,7692.0,3358454.7,-1,MAKAR
2026-08-05,436.0,441.0,436.0,438.0,0.32,10730.0,4697942.6,1,MAKAR
2026-08-06,459.0,459.0,434.5,435.0,-0.68,14216.0,6228357.4,-1,MAKAR
2026-08-07,435.0,435.1,428.6,429.8,-1.2,31056.0,13388551.3,-1,MAKAR
2026-08-10,430.0,433.9,425.0,425.0,-1.12,18200.0,7757895.4,-1,MAKAR
2026-08-11,446.2,446.2,419.2,419.5,-1.29,29187.0,12294483.8,-1,MAKAR
2026-08-12,420.1,420.1,414.0,415.0,-1.07,18753.0,7828108.6,-1,MAKAR
2026-07-13,796.2,803.0,785.0,787.0,-2.72,1440.0,1137719.0,-1,MANDU
2026-07-14,790.0,818.8,788.0,804.0,2.16,2059.0,1656771.8,1,MANDU
2026-07-15,799.0,817.0,791.1,791.1,-1.6,1119.0,891096.2,-1,MANDU
2026-07-16,800.0,802.0,790.0,800.0,1.13,3127.0,2493454.0,0,MANDU
2026-07-17,819.0,819.0,791.1,800.0,0.0,593.0,475567.2,-1,MANDU
2026-07-20,790.1,813.0,790.1,801.1,0.14,3691.0,2974534.8,1,MANDU
2026-07-21,801.1,820.0,801.1,805.1,0.5,3008.0,2420598.6,1,MANDU
2026-07-22,801.1,824.0,801.1,824.0,2.35,2016.0,1628716.2,1,MANDU
2026-07-23,804.2,874.0,804.2,839.0,1.82,6108.0,5069769.0,1,MANDU
2026-07-24,816.2,857.9,816.2,857.9,2.25,5451.0,4586272.1,1,MANDU
2026-07-27,858.0,858.0,819.0,839.0,-2.2,678.0,564708.8,-1,MANDU
2026-07-28,845.0,845.0,819.7,839.9,0.11,3309.0,2722103.5,-1,MANDU
2026-07-29,820.0,839.0,815.4,825.0,-1.77,3558.0,2917749.4,1,MANDU
2026-07-30,830.0,830.0,815.0,816.0,-1.09,1759.0,1434945.0,-1,MANDU
2026-07-31,825.0,825.0,806.2,815.0,-0.12,6953.0,5680495.0,-1,MANDU
2026-08-03,815.0,815.0,800.0,801.0,-1.72,2241.0,1798615.4,-1,MANDU
2026-08-04,791.0,820.0,791.0,807.0,0.75,3776.0,3061664.0,1,MANDU
2026-08-05,801.3,817.0,801.3,810.0,0.37,1900.0,1541695.3,1,MANDU
2026-08-06,810.0,830.0,806.0,806.0,-0.49,1682.0,1359309.0,-1,MANDU
2026-08-07,802.0,810.0,796.5,798.0,-0.99,5828.0,4673778.4,-1,MANDU
2026-08-10,800.0,809.9,791.5,800.0,0.25,3342.0,2662148.7,0,MANDU
2026-08-11,798.0,802.0,790.0,802.0,0.25,6360.0,5083690.9,1,MANDU
2026-08-12,796.0,802.0,796.0,802.0,0.0,1452.0,1162012.1,1,MANDU
2026-07-13,837.5,837.5,813.0,813.0,-0.87,278.0,228495.5,-1,MATRI
2026-07-14,815.0,815.0,790.0,815.0,0.25,674.0,541635.4,0,MATRI
2026-07-15,818.0,818.0,815.2,815.2,0.02,21.0,17147.2,-1,MATRI
2026-07-16,808.1,839.0,808.1,839.0,2.92,289.0,240121.6,1,MATRI
2026-07-17,840.0,874.0,840.0,874.0,4.17,152.0,131686.0,1,MATRI
2026-07-20,851.0,889.9,840.0,865.0,-1.03,1550.0,1321444.0,1,MATRI
2026-07-21,889.9,889.9,862.2,865.0,0.0,1130.0,977303.0,-1,MATRI
2026-07-22,890.2,890.9,786.3,874.0,1.04,2579.0,2179561.6,-1,MATRI
2026-07-23,848.5,864.9,828.0,864.0,-1.14,768.0,648903.0,1,MATRI
2026-07-24,886.0,886.0,840.0,843.0,-2.43,1407.0,1194199.0,-1,MATRI
2026-07-27,828.0,845.0,828.0,845.0,0.24,529.0,441802.2,1,MATRI
2026-07-28,820.3,869.9,820.2,859.0,1.66,237.0,201095.3,1,MATRI
2026-07-29,834.5,865.0,820.0,820.0,-4.54,1200.0,1002233.2,-1,MATRI
2026-07-30,820.0,844.6,820.0,829.9,1.21,346.0,287525.6,1,MATRI
2026-07-31,810.2,834.5,810.2,830.0,0.01,326.0,268065.5,1,MATRI
2026-08-03,811.0,834.0,811.0,834.0,0.48,278.0,228890.9,1,MATRI
2026-08-04,815.0,830.0,815.0,820.0,-1.68,132.0,107920.0,1,MATRI
2026-08-05,815.0,820.0,810.0,817.5,-0.3,1308.0,1067540.0,1,MATRI
2026-08-06,810.1,817.5,809.5,812.2,-0.65,393.0,319032.2,1,MATRI
2026-08-07,815.0,825.0,810.0,811.0,-0.15,488.0,397224.0,-1,MATRI
2026-08-10,809.0,809.0,800.0,802.1,-1.1,240.0,193063.1,-1,MATRI
2026-08-11,800.0,810.0,800.0,808.0,0.74,197.0,158727.4,1,MATRI
2026-08-12,815.0,815.0,801.1,801.1,-0.85,349.0,280625.6,-1,MATRI
2026-07-13,265.1,270.0,265.1,270.0,0.0,11742.0,3144126.1,1,MBJC
2026-07-14,265.0,269.5,261.1,269.4,-0.22,32860.0,8699496.7,1,MBJC
2026-07-15,267.0,273.0,266.0,268.4,-0.37,6765.0,1821832.2,1,MBJC
2026-07-16,275.0,275.0,266.1,266.5,-0.71,4372.0,1169065.5,-1,MBJC
2026-07-17,266.6,275.1,266.6,275.0,3.19,10788.0,2937066.3,1,MBJC
2026-07-20,275.0,279.0,271.9,277.0,0.73,11193.0,3088940.0,1,MBJC
2026-07-21,275.1,278.9,275.1,277.5,0.18,18521.0,5131826.7,1,MBJC
2026-07-22,270.0,277.0,270.0,275.0,-0.9,8848.0,2429378.1,1,MBJC
2026-07-23,270.1,278.1,270.1,278.1,1.13,9932.0,2726435.6,1,MBJC
2026-07-24,273.2,277.0,273.2,276.1,-0.72,8647.0,2381682.0,1,MBJC
2026-07-27,276.0,276.1,272.0,273.1,-1.09,13360.0,3664040.6,-1,MBJC
2026-07-28,270.6,274.5,270.6,273.4,0.11,9226.0,2517939.5,1,MBJC
2026-07-29,268.3,277.0,265.0,269.0,-1.61,37825.0,10176423.6,1,MBJC
2026-07-30,269.0,275.0,266.5,266.5,-0.93,33879.0,9094412.0,-1,MBJC
2026-07-31,264.2,270.1,264.2,267.0,0.19,19940.0,5346106.9,1,MBJC
2026-08-03,267.0,274.0,265.7,268.9,0.71,18771.0,5036630.5,1,MBJC
2026-08-04,265.2,270.0,265.2,268.1,-0.3,6011.0,1608378.0,1,MBJC
2026-08-05,266.0,270.0,266.0,267.1,-0.37,14108.0,3773382.4,1,MBJC
2026-08-06,265.1,271.0,265.1,267.4,0.11,13296.0,3550609.9,1,MBJC
2026-08-07,266.0,267.4,265.3,267.0,-0.15,4538.0,1210021.8,1,MBJC
2026-08-10,267.0,273.9,263.1,265.2,-0.67,10879.0,2886700.3,-1,MBJC
2026-08-11,261.4,272.0,261.2,266.6,0.53,22212.0,5942313.7,1,MBJC
2026-08-12,261.0,269.0,261.0,265.5,-0.41,11114.0,2956446.0,1,MBJC
2026-07-13,245.0,245.8,243.0,243.8,-0.61,76458.0,18668670.3,-1,MBL
2026-07-14,246.0,246.0,240.2,244.8,0.41,47568.0,11590700.8,-1,MBL
2026-07-15,244.8,247.5,244.8,246.9,0.86,30575.0,7528333.9,1,MBL
2026-07-16,247.0,250.0,244.8,248.0,0.45,40714.0,10041178.1,1,MBL
2026-07-17,249.9,255.0,247.0,255.0,2.82,113446.0,28644025.3,1,MBL
2026-07-20,262.0,262.0,251.0,258.1,1.22,97419.0,24880390.5,-1,MBL
2026-07-21,250.0,259.9,250.0,255.5,-1.01,83782.0,21396343.5,1,MBL
2026-07-22,254.3,255.0,250.6,254.0,-0.59,71269.0,17998123.9,-1,MBL
2026-07-23,242.0,259.9,242.0,255.0,0.39,70137.0,17769500.3,1,MBL
2026-07-24,250.8,260.0,250.8,259.9,1.92,90145.0,23271216.9,1,MBL
2026-07-27,259.0,265.5,257.9,260.5,0.23,289999.0,76083702.1,1,MBL
2026-07-28,273.5,273.5,256.1,261.0,0.19,129578.0,33566583.8,-1,MBL
2026-07-29,263.0,265.0,258.0,259.0,-0.77,79615.0,20815702.9,-1,MBL
2026-07-30,246.1,261.0,246.1,257.0,-0.77,95668.0,24557610.9,1,MBL
2026-07-31,257.9,259.9,254.0,259.2,0.86,54081.0,13926580.8,1,MBL
2026-08-03,246.5,264.4,246.5,261.0,0.69,173570.0,45390834.0,1,MBL
2026-08-04,261.0,262.9,254.0,257.8,-1.23,100019.0,25793846.4,-1,MBL
2026-08-05,255.1,259.0,253.0,255.8,-0.78,84844.0,21693284.1,1,MBL
2026-08-06,243.5,258.0,243.5,253.0,-1.09,57765.0,14601737.3,1,MBL
2026-08-07,253.0,255.8,250.5,255.0,0.79,87239.0,22117508.2,1,MBL
2026-08-10,254.7,254.7,250.0,250.3,-1.84,77384.0,19449226.0,-1,MBL
2026-08-11,250.5,255.0,250.5,253.0,1.08,52563.0,13249723.9,1,MBL
2026-08-12,254.0,255.0,252.0,254.0,0.4,33624.0,8536344.2,0,MBL
2026-07-14,1145.18,1171.0,1138.0,1171.0,2.26,32669.0,37753603.4,1,MBLD87
2026-07-20,1161.0,1161.0,1161.0,1161.0,-0.85,25.0,29025.0,0,MBLD87
2026-07-21,1161.0,1161.0,1161.0,1161.0,0.0,5.0,5805.0,0,MBLD87
2026-07-13,10.0,10.17,9.91,9.91,-0.9,510600.0,5165999.0,-1,MBLEF
2026-07-14,9.91,10.18,9.83,10.07,1.61,16500.0,165353.0,1,MBLEF
2026-07-15,9.88,10.14,9.88,10.14,0.7,6200.0,62653.0,1,MBLEF
2026-07-16,9.88,10.1,9.88,10.0,-1.38,1600.0,16010.0,1,MBLEF
2026-07-17,9.84,10.13,9.84,10.05,0.5,7970.0,79634.8,1,MBLEF
2026-07-20,10.0,10.05,10.0,10.05,0.0,2000.0,20026.0,1,MBLEF
2026-07-21,10.0,10.2,10.0,10.0,-0.5,800.0,8021.0,0,MBLEF
2026-07-22,10.0,10.28,10.0,10.2,2.0,900.0,9077.0,1,MBLEF
2026-07-23,10.01,10.2,10.01,10.2,0.0,2000.0,20071.0,1,MBLEF
2026-07-24,10.02,10.2,10.02,10.2,0.0,1500.0,15095.0,1,MBLEF
2026-07-27,9.9,10.2,9.9,10.1,-0.98,2700.0,27147.0,1,MBLEF
2026-07-28,9.82,10.15,9.82,10.0,-0.99,2800.0,28003.0,1,MBLEF
2026-07-29,10.01,10.27,9.92,10.2,2.0,4900.0,48920.0,1,MBLEF
2026-07-30,10.0,10.2,10.0,10.1,-0.98,6350.0,63652.5,1,MBLEF
2026-07-31,9.9,10.1,9.9,10.1,0.0,600.0,6040.0,1,MBLEF
2026-08-03,9.82,10.28,9.8,10.01,-0.89,1700.0,16870.0,1,MBLEF
2026-08-04,10.26,10.3,10.0,10.25,2.4,155270.0,1594755.2,-1,MBLEF
2026-08-05,10.0,10.25,9.95,10.25,0.0,1300.0,13115.0,1,MBLEF
2026-08-06,10.0,10.3,10.0,10.28,0.29,7210.0,72999.0,1,MBLEF
2026-08-07,10.28,10.37,10.21,10.28,0.0,758456.0,7792735.49,0,MBLEF
2026-08-10,10.29,10.34,10.27,10.28,0.0,581500.0,5982257.0,-1,MBLEF
2026-08-11,10.21,10.34,10.21,10.32,0.39,30200.0,311055.0,1,MBLEF
2026-08-12,10.13,10.34,10.13,10.34,0.19,137100.0,1412626.0,1,MBLEF
2026-07-13,282.7,282.8,262.0,275.0,0.15,7761.0,2079737.9,-1,MCHL
2026-07-14,275.0,275.0,265.0,272.5,-0.91,6724.0,1803200.7,-1,MCHL
2026-07-15,273.0,284.8,270.0,278.0,2.02,8866.0,2459909.4,1,MCHL
2026-07-16,269.7,280.0,269.7,275.1,-1.04,1917.0,527274.0,1,MCHL
2026-07-17,283.0,293.0,280.0,290.0,5.42,13687.0,3903222.2,1,MCHL
2026-07-20,294.5,302.0,286.0,302.0,4.14,10307.0,3083779.6,1,MCHL
2026-07-21,302.1,306.0,293.0,301.3,-0.23,7178.0,2145092.6,-1,MCHL
2026-07-22,293.0,304.5,290.0,293.0,-2.75,7589.0,2225755.3,0,MCHL
2026-07-23,290.1,291.0,286.0,290.0,-1.02,5549.0,1600914.5,-1,MCHL
2026-07-24,297.9,304.0,283.0,285.0,-1.72,9930.0,2868118.9,-1,MCHL
2026-07-27,290.0,290.0,280.0,280.0,-1.75,6107.0,1734322.7,-1,MCHL
2026-07-28,280.0,286.0,275.0,277.1,-1.04,5429.0,1526916.0,-1,MCHL
2026-07-29,285.2,285.2,272.1,283.3,2.24,4227.0,1187640.5,-1,MCHL
2026-07-30,296.2,296.2,279.0,282.0,-0.46,3153.0,888398.9,-1,MCHL
2026-07-31,280.0,285.8,280.0,283.8,0.64,1507.0,427346.1,1,MCHL
2026-08-03,280.0,283.9,280.0,283.9,0.04,974.0,274390.8,1,MCHL
2026-08-04,279.0,289.8,279.0,287.7,1.34,3284.0,936046.4,1,MCHL
2026-08-05,287.0,287.0,280.0,286.7,-0.35,5761.0,1625847.1,-1,MCHL
2026-08-06,282.0,289.0,280.1,280.1,-2.3,4588.0,1299077.6,-1,MCHL
2026-08-07,285.0,286.0,276.0,282.0,0.68,4818.0,1339616.8,-1,MCHL
2026-08-10,273.8,280.0,273.8,276.0,-2.13,3409.0,942457.0,1,MCHL
2026-08-11,275.0,283.2,275.0,282.0,2.17,2034.0,570231.9,1,MCHL
2026-08-12,280.0,281.0,275.0,280.0,-0.71,2155.0,602489.0,0,MCHL
2026-07-13,566.2,574.0,565.2,572.5,0.97,5241.0,2975547.8,1,MDB
2026-07-14,561.0,583.5,558.0,583.5,1.92,6030.0,3399345.1,1,MDB
2026-07-15,578.3,579.0,572.7,575.0,-1.46,4181.0,2410539.2,-1,MDB
2026-07-16,568.0,582.0,568.0,582.0,1.22,7145.0,4080108.6,1,MDB
2026-07-17,583.0,596.6,583.0,596.6,2.51,5260.0,3104722.8,1,MDB
2026-07-20,600.0,602.9,590.0,600.0,0.57,8917.0,5323071.9,0,MDB
2026-07-21,594.0,600.0,591.5,594.2,-0.97,8366.0,4990571.5,1,MDB
2026-07-22,590.0,594.8,585.5,587.0,-1.21,2717.0,1603216.4,-1,MDB
2026-07-23,600.5,600.5,585.0,593.9,1.18,2529.0,1488501.9,-1,MDB
2026-07-24,612.0,635.5,583.1,602.0,1.36,29104.0,17791169.8,-1,MDB
2026-07-27,601.0,602.0,586.1,595.0,-1.16,6678.0,3973401.0,-1,MDB
2026-07-28,595.0,595.0,580.0,593.0,-0.34,4409.0,2580375.0,-1,MDB
2026-07-29,570.0,598.0,570.0,590.0,-0.51,2683.0,1583708.8,1,MDB
2026-07-30,570.0,640.0,570.0,584.0,-1.02,4005.0,2342862.0,1,MDB
2026-07-31,580.0,589.9,580.0,586.0,0.34,4205.0,2459485.5,1,MDB
2026-08-03,595.0,595.0,584.0,588.5,0.43,2478.0,1452685.0,-1,MDB
2026-08-04,580.0,589.0,580.0,583.0,-0.93,1746.0,1017206.0,1,MDB
2026-08-05,589.0,589.0,578.0,587.0,0.69,853.0,495288.9,-1,MDB
2026-08-06,588.0,588.0,578.0,578.0,-1.53,1905.0,1105936.0,-1,MDB
2026-08-07,576.2,583.7,576.2,578.2,0.03,3256.0,1888235.8,1,MDB
2026-08-10,571.2,578.0,570.0,578.0,-0.03,3978.0,2276399.3,1,MDB
2026-08-11,570.0,580.0,570.0,576.0,-0.35,1970.0,1129054.0,1,MDB
2026-08-12,571.0,579.8,570.0,579.8,0.66,2881.0,1645198.0,1,MDB
2026-07-13,302.0,307.0,297.0,300.0,-3.23,4388.0,1323543.5,-1,MEHL
2026-07-14,291.6,307.0,290.0,292.0,-2.67,9684.0,2879191.4,1,MEHL
2026-07-15,292.0,303.0,292.0,297.0,1.71,3479.0,1037515.0,1,MEHL
2026-07-16,301.0,302.0,295.2,298.0,0.34,1755.0,525506.8,-1,MEHL
2026-07-17,304.9,311.5,301.1,311.0,4.36,4355.0,1335213.7,1,MEHL
2026-07-20,311.0,324.4,308.1,324.4,4.31,8859.0,2814768.2,1,MEHL
2026-07-21,330.0,330.0,315.0,315.0,-2.9,6814.0,2178571.1,-1,MEHL
2026-07-22,310.1,318.0,309.0,315.0,0.0,4823.0,1502575.0,1,MEHL
2026-07-23,315.0,317.2,307.5,313.3,-0.54,1520.0,471572.3,-1,MEHL
2026-07-24,313.0,319.0,312.0,315.0,0.54,2623.0,831065.7,1,MEHL
2026-07-27,315.1,323.0,305.0,312.0,-0.95,4601.0,1434601.6,-1,MEHL
2026-07-28,303.5,312.0,303.5,309.0,-0.96,2144.0,654839.0,1,MEHL
2026-07-29,305.0,314.0,296.0,307.0,-0.65,2393.0,727331.0,1,MEHL
2026-07-30,307.0,309.9,301.0,306.0,-0.33,1805.0,550554.7,-1,MEHL
2026-07-31,301.0,305.8,295.1,302.0,-1.31,2369.0,712848.0,1,MEHL
2026-08-03,304.0,305.0,297.1,299.9,-0.7,2855.0,853998.5,-1,MEHL
2026-08-04,300.0,306.9,297.7,300.0,0.03,2681.0,802792.0,0,MEHL
2026-08-05,300.0,300.0,295.0,299.9,-0.03,5373.0,1592386.7,-1,MEHL
2026-08-06,308.0,308.0,294.0,297.0,-0.97,6632.0,1966225.0,-1,MEHL
2026-08-07,294.1,297.0,291.0,296.0,-0.34,3838.0,1129609.0,1,MEHL
2026-08-10,298.0,300.0,285.0,288.0,-2.7,5220.0,1518131.1,-1,MEHL
2026-08-11,288.5,289.0,280.0,282.8,-1.81,9119.0,2584542.5,-1,MEHL
2026-08-12,283.0,290.0,282.0,287.0,1.49,3555.0,1015722.0,1,MEHL
2026-07-13,225.5,225.5,209.0,210.0,-2.23,11814.0,2487133.8,-1,MEL
2026-07-14,203.8,215.0,203.8,211.0,0.48,9125.0,1901538.4,1,MEL
2026-07-15,216.0,216.5,211.6,216.0,2.37,4840.0,1040991.2,0,MEL
2026-07-16,210.2,216.5,210.2,214.5,-0.69,3110.0,667513.0,1,MEL
2026-07-17,214.0,232.0,212.3,220.0,2.56,27167.0,6046379.2,1,MEL
2026-07-20,231.0,231.0,218.1,226.0,2.73,36999.0,8224882.5,-1,MEL
2026-07-21,226.0,227.3,222.0,225.0,-0.44,22998.0,5171848.5,-1,MEL
2026-07-22,235.0,235.0,218.0,224.6,-0.18,24096.0,5310448.6,-1,MEL
2026-07-23,218.0,223.9,218.0,220.0,-2.05,22908.0,5044263.3,1,MEL
2026-07-24,220.0,223.0,218.0,220.0,0.0,27150.0,5991689.8,0,MEL
2026-07-27,220.0,224.2,220.0,221.2,0.55,5825.0,1288995.4,1,MEL
2026-07-28,220.0,221.0,218.4,220.0,-0.54,15115.0,3327062.8,0,MEL
2026-07-29,218.0,222.0,217.0,217.9,-0.95,22064.0,4820523.4,-1,MEL
2026-07-30,218.0,221.0,210.0,217.0,-0.41,30010.0,6439086.8,-1,MEL
2026-07-31,213.1,219.0,213.1,218.9,0.88,5108.0,1109442.7,1,MEL
2026-08-03,214.1,219.5,214.1,217.8,-0.5,3248.0,707527.4,1,MEL
2026-08-04,215.0,219.2,215.0,216.7,-0.51,6226.0,1353912.0,1,MEL
2026-08-05,215.6,218.0,215.0,215.0,-0.78,8332.0,1797467.7,-1,MEL
2026-08-06,212.2,217.0,212.2,214.6,-0.19,13496.0,2902149.1,1,MEL
2026-08-07,212.0,215.1,212.0,214.9,0.14,17055.0,3642049.1,1,MEL
2026-08-10,214.0,215.0,209.1,209.1,-2.7,34787.0,7340020.0,-1,MEL
2026-08-11,198.7,215.0,198.7,208.5,-0.29,11564.0,2429626.7,1,MEL
2026-08-12,208.6,212.0,203.7,208.1,-0.19,37000.0,7654977.4,-1,MEL
2026-07-13,561.0,564.0,545.0,552.8,-1.29,130618.0,72484116.9,-1,MEN
2026-07-14,553.0,568.0,552.8,565.0,2.21,43912.0,24561524.2,1,MEN
2026-07-15,560.0,573.8,556.5,559.0,-1.06,57939.0,32676730.1,-1,MEN
2026-07-16,560.0,572.0,560.0,568.9,1.77,27746.0,15617964.1,1,MEN
2026-07-17,573.0,590.0,573.0,588.0,3.36,43312.0,25294353.4,1,MEN
2026-07-20,595.0,600.0,585.8,600.0,2.04,88947.0,53022152.3,1,MEN
2026-07-21,610.0,610.0,595.0,600.0,0.0,51644.0,30909677.3,-1,MEN
2026-07-22,600.0,600.0,586.0,595.0,-0.83,161649.0,96233473.5,-1,MEN
2026-07-23,595.0,595.0,590.3,594.8,-0.03,41095.0,24424712.2,-1,MEN
2026-07-24,595.0,601.5,594.0,597.0,0.37,43290.0,25876129.2,1,MEN
2026-07-27,597.1,602.9,595.0,597.4,0.07,44849.0,26865194.7,1,MEN
2026-07-28,595.1,600.0,590.5,597.0,-0.07,18948.0,11286699.2,1,MEN
2026-07-29,592.0,600.0,592.0,599.0,0.34,26078.0,15587760.6,1,MEN
2026-07-30,598.9,599.0,592.0,595.8,-0.53,22761.0,13536967.7,-1,MEN
2026-07-31,594.9,595.7,586.1,595.5,-0.05,38358.0,22753171.0,1,MEN
2026-08-03,601.0,605.0,597.0,602.0,1.09,50652.0,30433273.0,1,MEN
2026-08-04,595.2,605.0,594.9,599.0,-0.5,50296.0,30208079.3,1,MEN
2026-08-05,600.0,602.0,594.2,600.0,0.17,40438.0,24190046.3,0,MEN
2026-08-06,600.0,603.0,595.0,600.1,0.02,36224.0,21704812.9,1,MEN
2026-08-07,595.0,601.0,595.0,595.1,-0.83,43063.0,25741883.0,1,MEN
2026-08-10,595.0,602.0,595.0,601.0,0.99,19092.0,11451504.4,1,MEN
2026-08-11,609.0,612.0,603.8,610.8,1.63,113770.0,69209545.6,1,MEN
2026-08-12,641.0,641.0,610.9,614.0,0.52,67448.0,41318860.3,-1,MEN
2026-07-13,680.0,680.0,660.0,673.0,-1.46,6275.0,4200943.2,-1,MERO
2026-07-14,665.0,679.0,655.0,667.2,-0.86,2053.0,1372468.1,1,MERO
2026-07-15,684.9,707.0,663.0,663.0,-0.63,6576.0,4422939.5,-1,MERO
2026-07-16,663.0,681.8,660.0,670.0,1.06,5384.0,3587191.8,1,MERO
2026-07-17,690.1,714.0,668.1,714.0,6.57,18615.0,12951768.6,1,MERO
2026-07-20,749.7,749.7,703.0,712.0,-0.28,5599.0,3964079.6,-1,MERO
2026-07-21,730.0,730.0,700.0,703.9,-1.14,8476.0,6001758.1,-1,MERO
2026-07-22,739.0,739.0,702.0,708.0,0.58,7631.0,5402424.6,-1,MERO
2026-07-23,725.0,725.0,695.0,703.8,-0.59,3326.0,2330041.5,-1,MERO
2026-07-24,738.9,738.9,694.0,694.0,-1.39,25005.0,17555192.9,-1,MERO
2026-07-27,700.0,700.0,680.0,681.0,-1.87,6806.0,4666947.8,-1,MERO
2026-07-28,686.0,690.0,685.6,687.7,0.98,3344.0,2299357.3,1,MERO
2026-07-29,722.0,722.0,678.0,679.0,-1.27,2158.0,1475748.1,-1,MERO
2026-07-30,671.0,680.0,670.0,677.0,-0.29,3566.0,2394599.1,1,MERO
2026-07-31,670.0,680.0,665.0,671.2,-0.86,4523.0,3053370.6,1,MERO
2026-08-03,676.0,680.8,670.1,672.1,0.13,3192.0,2147265.5,-1,MERO
2026-08-04,660.6,675.0,660.6,665.2,-1.03,1709.0,1138551.0,1,MERO
2026-08-05,656.1,674.9,655.0,665.3,0.02,2701.0,1796626.0,1,MERO
2026-08-06,665.3,675.0,662.0,666.0,0.11,596.0,396781.0,1,MERO
2026-08-07,675.0,675.0,661.2,661.2,-0.72,2700.0,1806726.9,-1,MERO
2026-08-10,661.2,672.0,656.0,672.0,1.63,3939.0,2607768.2,1,MERO
2026-08-11,664.0,674.0,662.0,663.0,-1.34,2950.0,1958159.7,-1,MERO
2026-08-12,663.0,666.0,660.0,663.1,0.02,1814.0,1203400.0,1,MERO
2026-07-13,770.0,775.0,765.1,769.8,-0.67,20676.0,15867437.2,-1,MFIL
2026-07-14,760.0,770.0,759.0,767.8,-0.26,46256.0,35483122.6,1,MFIL
2026-07-15,730.0,779.9,730.0,777.0,1.2,47072.0,36482890.0,1,MFIL
2026-07-16,750.0,867.0,750.0,772.0,-0.64,13195.0,10185319.2,1,MFIL
2026-07-17,789.0,803.0,780.1,800.0,3.63,116210.0,92570180.4,1,MFIL
2026-07-20,800.0,810.0,782.0,802.0,0.25,65980.0,52728028.9,1,MFIL
2026-07-21,780.0,800.0,780.0,793.9,-1.01,31009.0,24628218.9,1,MFIL
2026-07-22,772.0,800.0,772.0,800.0,0.77,41644.0,33115475.3,1,MFIL
2026-07-23,775.0,799.8,775.0,797.0,-0.38,11906.0,9433854.1,1,MFIL
2026-07-24,777.0,799.0,777.0,795.9,-0.14,27905.0,22159460.6,1,MFIL
2026-07-27,770.0,835.0,770.0,787.0,-1.12,43541.0,34447786.4,1,MFIL
2026-07-28,775.0,795.0,775.0,791.9,0.62,79785.0,63158112.1,1,MFIL
2026-07-29,777.0,794.3,777.0,791.8,-0.01,64463.0,50906774.6,1,MFIL
2026-07-30,772.0,790.0,772.0,788.0,-0.48,31079.0,24475808.0,1,MFIL
2026-07-31,760.0,790.0,760.0,788.0,0.0,24102.0,18842822.0,1,MFIL
2026-08-03,762.0,810.0,762.0,784.8,-0.41,16938.0,13231099.7,1,MFIL
2026-08-04,783.0,783.0,766.1,773.5,-1.44,45645.0,35202503.3,-1,MFIL
2026-08-05,765.0,797.2,765.0,773.0,-0.06,69920.0,54173765.9,1,MFIL
2026-08-06,755.0,825.0,755.0,785.0,1.55,126180.0,96623222.5,1,MFIL
2026-08-07,755.0,777.0,755.0,775.0,-1.27,16576.0,12723086.4,1,MFIL
2026-08-10,755.0,774.0,755.0,772.0,-0.39,19366.0,14767228.8,1,MFIL
2026-08-11,755.0,777.5,755.0,761.0,-1.42,17264.0,13126601.7,1,MFIL
2026-08-12,761.0,783.0,752.0,783.0,2.89,27501.0,21053277.2,1,MFIL
2026-07-13,312.0,316.7,305.0,305.0,-3.79,5193.0,1603976.5,-1,MHCL
2026-07-14,314.1,314.1,301.0,305.2,0.07,5302.0,1622689.3,-1,MHCL
2026-07-15,305.1,310.0,302.0,308.5,1.08,3580.0,1096892.5,1,MHCL
2026-07-16,307.0,310.0,301.0,309.0,0.16,1625.0,497457.0,1,MHCL
2026-07-17,312.0,344.1,312.0,329.0,6.47,3917.0,1265475.1,1,MHCL
2026-07-20,330.0,339.0,322.8,331.9,0.88,5805.0,1931501.0,1,MHCL
2026-07-21,335.0,339.5,322.0,328.0,-1.18,9465.0,3096640.1,-1,MHCL
2026-07-22,334.9,334.9,320.0,321.0,-2.13,1792.0,578303.0,-1,MHCL
2026-07-23,315.5,325.0,315.2,324.0,0.93,3903.0,1252073.0,1,MHCL
2026-07-24,323.0,331.0,315.3,330.0,1.85,5058.0,1641011.0,1,MHCL
2026-07-27,325.0,331.5,322.0,326.0,-1.21,3106.0,1017117.9,1,MHCL
2026-07-28,317.0,324.0,311.1,319.0,-2.15,10653.0,3365422.2,1,MHCL
2026-07-29,328.5,328.5,314.1,314.1,-1.54,2486.0,791239.1,-1,MHCL
2026-07-30,323.0,323.0,313.0,315.2,0.35,3485.0,1104414.5,-1,MHCL
2026-07-31,316.0,322.9,313.3,317.9,0.86,3275.0,1030798.0,1,MHCL
2026-08-03,317.9,326.9,311.0,318.0,0.03,11004.0,3476117.8,1,MHCL
2026-08-04,310.6,315.0,310.6,315.0,-0.94,1277.0,399247.0,1,MHCL
2026-08-05,310.0,315.0,309.3,312.1,-0.92,1370.0,426810.0,1,MHCL
2026-08-06,321.0,321.0,312.1,312.1,0.0,5370.0,1689778.0,-1,MHCL
2026-08-07,310.0,319.0,305.2,308.0,-1.31,4148.0,1290077.0,-1,MHCL
2026-08-10,310.0,310.0,303.1,310.0,0.65,4149.0,1264900.8,0,MHCL
2026-08-11,307.5,314.0,307.5,310.0,0.0,1490.0,462750.0,1,MHCL
2026-08-12,314.0,314.0,304.7,312.0,0.65,1765.0,543722.0,-1,MHCL
2026-07-13,467.0,468.0,463.2,468.0,-0.83,3478.0,1615858.4,1,MHL
2026-07-14,462.3,470.0,455.0,470.0,0.43,2932.0,1362634.6,1,MHL
2026-07-15,466.4,479.5,466.2,478.0,1.7,1159.0,543268.3,1,MHL
2026-07-16,475.0,475.0,456.3,469.0,-1.88,11462.0,5308758.7,-1,MHL
2026-07-17,480.0,489.9,475.0,489.9,4.46,6720.0,3244475.8,1,MHL
2026-07-20,489.9,495.0,480.0,492.0,0.43,10339.0,5083841.0,1,MHL
2026-07-21,490.0,500.0,483.0,490.0,-0.41,9016.0,4429550.0,0,MHL
2026-07-22,480.3,487.0,480.3,485.0,-1.02,5344.0,2577580.7,1,MHL
2026-07-23,483.0,489.8,477.6,489.8,0.99,3249.0,1566309.0,1,MHL
2026-07-24,489.0,489.0,480.0,485.0,-0.98,6501.0,3145753.7,-1,MHL
2026-07-27,480.0,487.0,472.0,478.0,-1.44,5142.0,2443263.2,-1,MHL
2026-07-28,473.0,478.0,467.0,470.0,-1.67,9647.0,4545834.5,-1,MHL
2026-07-29,470.0,480.0,465.6,474.0,0.85,7960.0,3715738.8,1,MHL
2026-07-30,470.0,470.0,466.2,470.0,-0.84,3265.0,1527645.0,0,MHL
2026-07-31,480.0,480.0,463.0,477.8,1.66,349.0,164739.0,-1,MHL
2026-08-03,481.0,482.0,468.4,476.0,-0.38,1866.0,885344.6,-1,MHL
2026-08-04,476.0,476.0,466.1,467.1,-1.87,5004.0,2345387.5,-1,MHL
2026-08-05,467.1,470.0,465.6,469.5,0.51,1739.0,812153.6,1,MHL
2026-08-06,482.0,482.0,466.0,468.5,-0.21,2541.0,1197768.1,-1,MHL
2026-08-07,465.0,473.8,464.0,470.0,0.32,3960.0,1848409.8,1,MHL
2026-08-10,463.0,468.0,463.0,468.0,-0.43,700.0,326127.1,1,MHL
2026-08-11,464.1,472.0,464.1,466.1,-0.41,1698.0,793839.8,1,MHL
2026-08-12,466.0,468.0,463.5,464.0,-0.45,2741.0,1272119.5,-1,MHL
2026-07-13,228.1,240.0,223.0,229.0,-2.55,20459.0,4681863.9,1,MHNL
2026-07-14,229.0,230.9,223.0,226.0,-1.31,44919.0,10127002.3,-1,MHNL
2026-07-15,227.5,235.9,226.6,231.0,2.21,10896.0,2496161.9,1,MHNL
2026-07-16,233.0,235.0,226.0,235.0,1.73,7796.0,1779974.8,1,MHNL
2026-07-17,227.0,248.9,227.0,244.5,4.04,33394.0,7967013.9,1,MHNL
2026-07-20,240.0,248.8,233.0,246.9,0.98,18310.0,4468502.1,1,MHNL
2026-07-21,247.0,248.0,235.4,244.5,-0.97,33353.0,8059826.9,-1,MHNL
2026-07-22,237.3,244.0,237.3,242.9,-0.65,16493.0,3966238.3,1,MHNL
2026-07-23,242.5,246.0,237.7,245.0,0.86,12010.0,2907293.2,1,MHNL
2026-07-24,240.0,246.8,240.0,241.5,-1.43,9321.0,2262003.3,1,MHNL
2026-07-27,240.8,245.0,235.0,243.8,0.95,8338.0,1993963.8,1,MHNL
2026-07-28,236.5,243.0,236.5,242.9,-0.37,8180.0,1959127.6,1,MHNL
2026-07-29,237.0,243.1,237.0,243.0,0.04,7798.0,1873314.2,1,MHNL
2026-07-30,241.9,245.0,237.5,245.0,0.82,10825.0,2590892.1,1,MHNL
2026-07-31,248.0,248.0,235.6,242.0,-1.22,14192.0,3421199.8,-1,MHNL
2026-08-03,239.2,243.9,238.2,240.9,-0.45,16325.0,3909386.5,1,MHNL
2026-08-04,241.0,241.0,235.1,240.8,-0.04,22641.0,5369964.7,-1,MHNL
2026-08-05,246.0,246.0,238.7,241.7,0.37,4821.0,1167234.8,-1,MHNL
2026-08-06,239.5,242.9,237.4,239.9,-0.74,14350.0,3447275.2,1,MHNL
2026-08-07,237.7,242.0,237.5,242.0,0.88,3176.0,762937.5,1,MHNL
2026-08-10,241.0,241.5,236.2,240.9,-0.45,7666.0,1826859.4,-1,MHNL
2026-08-11,238.0,242.0,235.2,242.0,0.46,7638.0,1822997.1,1,MHNL
2026-08-12,254.1,254.1,234.8,240.0,-0.83,4858.0,1171602.3,-1,MHNL
2026-07-13,1070.0,1075.0,1050.6,1074.0,-0.83,1943.0,2066545.4,1,MKCL
2026-07-14,1043.0,1069.0,1043.0,1065.0,-0.84,699.0,737846.0,1,MKCL
2026-07-15,1065.0,1080.0,1053.0,1070.0,0.47,1581.0,1695135.0,1,MKCL
2026-07-16,1070.0,1101.0,1050.0,1101.0,2.9,1594.0,1706698.6,1,MKCL
2026-07-17,1110.0,1124.0,1100.0,1119.0,1.63,2010.0,2240416.0,1,MKCL
2026-07-20,1090.0,1150.0,1090.0,1149.0,2.68,2110.0,2407167.0,1,MKCL
2026-07-21,1136.0,1185.0,1136.0,1164.0,1.31,1669.0,1958433.9,1,MKCL
2026-07-22,1160.0,1163.0,1130.0,1160.0,-0.34,2479.0,2814969.4,0,MKCL
2026-07-23,1160.0,1179.0,1131.2,1141.0,-1.64,1005.0,1149953.0,-1,MKCL
2026-07-24,1150.0,1185.0,1133.0,1180.0,3.42,5080.0,5957167.8,1,MKCL
2026-07-27,1152.0,1180.0,1144.6,1158.9,-1.79,1293.0,1488232.4,1,MKCL
2026-07-28,1124.2,1149.7,1110.0,1139.0,-1.72,2878.0,3228806.1,1,MKCL
2026-07-29,1157.9,1158.0,1112.0,1143.9,0.43,459.0,512871.5,-1,MKCL
2026-07-30,1150.0,1150.0,1110.0,1120.0,-2.09,660.0,737096.3,-1,MKCL
2026-07-31,1100.0,1124.0,1100.0,1120.0,0.0,2255.0,2506565.3,1,MKCL
2026-08-03,1100.0,1125.0,1091.0,1105.0,-1.34,1754.0,1933884.5,1,MKCL
2026-08-04,1105.0,1105.0,1072.0,1080.0,-2.26,3493.0,3758983.1,-1,MKCL
2026-08-05,1054.0,1080.0,1052.0,1075.0,-0.46,3781.0,4003166.9,1,MKCL
2026-08-06,1075.0,1083.0,1058.0,1062.0,-1.21,3386.0,3596298.1,-1,MKCL
2026-08-07,1041.0,1075.0,1041.0,1075.0,1.22,2299.0,2439930.2,1,MKCL
2026-08-10,1050.2,1060.0,1050.1,1051.0,-2.23,944.0,995419.0,1,MKCL
2026-08-11,1042.5,1082.5,1042.5,1064.0,1.24,3179.0,3370858.3,1,MKCL
2026-08-12,1060.0,1060.0,1041.0,1050.0,-1.32,4366.0,4592620.2,-1,MKCL
2026-07-13,294.1,299.0,286.0,286.0,-2.95,16302.0,4715535.0,-1,MKHC
2026-07-14,290.0,290.0,279.0,284.6,-0.49,12308.0,3497125.0,-1,MKHC
2026-07-15,279.1,290.0,279.1,289.0,1.55,9099.0,2635355.0,1,MKHC
2026-07-16,289.0,295.9,283.0,283.3,-1.97,5751.0,1646638.9,-1,MKHC
2026-07-17,275.0,299.0,275.0,296.0,4.48,2731.0,805499.5,1,MKHC
2026-07-20,293.0,302.8,293.0,301.4,1.82,12896.0,3858500.6,1,MKHC
2026-07-21,300.1,307.0,298.0,300.9,-0.17,10735.0,3227867.2,1,MKHC
2026-07-22,291.9,302.0,291.9,300.0,-0.3,6464.0,1928786.2,1,MKHC
2026-07-23,294.0,299.4,294.0,299.0,-0.33,6383.0,1891551.1,1,MKHC
2026-07-24,297.1,300.0,295.0,297.2,-0.6,7089.0,2116838.9,1,MKHC
2026-07-27,293.0,300.0,293.0,294.0,-1.08,2973.0,880194.2,1,MKHC
2026-07-28,293.1,295.0,290.1,291.0,-1.02,3889.0,1135131.5,-1,MKHC
2026-07-29,288.6,294.5,288.0,290.1,-0.31,7635.0,2214226.8,1,MKHC
2026-07-30,290.0,294.0,284.0,285.0,-1.76,17333.0,4994362.4,-1,MKHC
2026-07-31,275.0,292.4,275.0,285.0,0.0,8370.0,2391530.0,1,MKHC
2026-08-03,285.0,290.0,285.0,286.0,0.35,2648.0,758646.1,1,MKHC
2026-08-04,285.0,286.9,283.1,286.9,0.31,10976.0,3131107.5,1,MKHC
2026-08-05,288.9,289.8,285.0,287.0,0.03,17057.0,4902146.5,-1,MKHC
2026-08-06,285.0,287.0,284.6,285.8,-0.42,12603.0,3595422.9,1,MKHC
2026-08-07,271.6,293.0,266.0,280.0,-2.03,356138.0,96142935.3,1,MKHC
2026-08-10,280.0,285.0,271.0,271.0,-3.21,15787.0,4357118.2,-1,MKHC
2026-08-11,272.1,279.1,268.7,272.8,0.66,64787.0,17550091.8,1,MKHC
2026-08-12,275.0,275.0,266.0,267.0,-2.13,25356.0,6805487.9,-1,MKHC
2026-07-13,467.0,491.3,465.0,465.0,-2.52,3640.0,1715013.0,-1,MKHL
2026-07-14,458.1,491.3,458.0,466.0,0.22,1254.0,582313.0,1,MKHL
2026-07-15,466.0,479.9,466.0,479.9,2.98,3491.0,1643609.4,1,MKHL
2026-07-16,457.0,540.0,457.0,540.0,12.52,18305.0,9262073.5,1,MKHL
2026-07-17,513.0,525.0,481.0,518.9,-3.91,15530.0,7888186.5,1,MKHL
2026-07-20,518.0,527.3,503.1,527.3,1.62,13017.0,6710746.1,1,MKHL
2026-07-21,512.0,527.9,501.0,519.0,-1.57,14809.0,7560895.3,1,MKHL
2026-07-22,510.1,518.0,500.3,514.5,-0.87,17642.0,8882765.9,1,MKHL
2026-07-23,501.0,528.9,490.0,512.0,-0.49,3010.0,1520230.6,1,MKHL
2026-07-24,498.3,510.0,498.3,507.0,-0.98,3735.0,1878695.0,1,MKHL
2026-07-27,493.0,516.9,493.0,501.0,-1.18,5754.0,2901652.0,1,MKHL
2026-07-28,495.1,505.0,487.3,503.0,0.4,7193.0,3548684.1,1,MKHL
2026-07-29,488.3,514.0,488.3,514.0,2.19,3608.0,1809853.6,1,MKHL
2026-07-30,498.6,510.0,498.0,510.0,-0.78,1482.0,743607.0,1,MKHL
2026-07-31,497.0,510.0,497.0,504.0,-1.18,2237.0,1122907.1,1,MKHL
2026-08-03,495.0,504.0,495.0,502.0,-0.4,5048.0,2525891.3,1,MKHL
2026-08-04,495.0,501.0,490.2,493.5,-1.69,1730.0,858391.0,-1,MKHL
2026-08-05,504.5,504.5,484.1,495.0,0.3,3276.0,1617178.0,-1,MKHL
2026-08-06,480.2,502.5,480.2,495.3,0.06,6620.0,3286509.5,1,MKHL
2026-08-07,483.2,495.0,483.2,494.9,-0.08,829.0,406349.9,1,MKHL
2026-08-10,482.0,496.8,482.0,496.8,0.38,2570.0,1268166.0,1,MKHL
2026-08-11,472.0,495.0,472.0,493.1,-0.74,964.0,473935.0,1,MKHL
2026-08-12,495.0,500.0,488.0,500.0,1.4,3148.0,1554623.3,1,MKHL
2026-07-13,449.0,450.0,440.0,447.0,-0.62,2482.0,1094977.4,-1,MKJC
2026-07-14,436.1,448.9,434.1,448.9,0.43,4334.0,1910976.0,1,MKJC
2026-07-15,442.2,450.2,442.2,446.0,-0.65,1916.0,853978.5,1,MKJC
2026-07-16,468.3,468.3,437.1,445.0,-0.22,2259.0,1006480.7,-1,MKJC
2026-07-17,458.0,461.9,452.0,461.0,3.6,4530.0,2076158.6,1,MKJC
2026-07-20,461.0,473.0,461.0,464.0,0.65,7396.0,3456862.2,1,MKJC
2026-07-21,470.0,472.9,457.0,464.0,0.0,10602.0,4920353.7,-1,MKJC
2026-07-22,473.0,473.0,461.9,465.0,0.22,1770.0,823776.8,-1,MKJC
2026-07-23,488.2,488.2,458.8,480.0,3.23,16210.0,7647343.5,-1,MKJC
2026-07-24,471.0,494.0,471.0,487.0,1.46,12860.0,6269197.0,1,MKJC
2026-07-27,500.0,500.0,467.0,472.0,-3.08,8224.0,3936161.8,-1,MKJC
2026-07-28,469.8,474.9,462.0,471.9,-0.02,3503.0,1640417.9,1,MKJC
2026-07-29,470.9,474.0,463.0,465.2,-1.42,3515.0,1656615.0,-1,MKJC
2026-07-30,465.0,470.0,462.1,468.0,0.6,3650.0,1705252.0,1,MKJC
2026-07-31,456.0,468.9,454.0,462.6,-1.15,6682.0,3060335.5,1,MKJC
2026-08-03,462.6,475.0,457.2,466.0,0.73,5108.0,2376321.5,1,MKJC
2026-08-04,457.0,470.0,457.0,460.0,-1.29,2060.0,955943.3,1,MKJC
2026-08-05,458.0,468.0,457.1,460.0,0.0,2086.0,962578.4,1,MKJC
2026-08-06,455.7,468.0,455.7,457.0,-0.65,2753.0,1260081.3,1,MKJC
2026-08-07,455.8,460.8,450.1,453.0,-0.88,6876.0,3119555.0,-1,MKJC
2026-08-10,450.2,460.0,450.2,455.0,0.44,2605.0,1177753.6,1,MKJC
2026-08-11,455.0,455.0,445.5,446.1,-1.96,8538.0,3839158.9,-1,MKJC
2026-08-12,455.0,455.0,443.3,448.0,0.43,5717.0,2547760.0,-1,MKJC
2026-07-13,1115.0,1115.0,1100.0,1110.0,-1.76,390.0,430509.7,-1,MLBBL
2026-07-14,1076.7,1133.0,1076.7,1114.0,0.36,1066.0,1171672.6,1,MLBBL
2026-07-15,1120.0,1120.0,1097.0,1109.0,-0.45,1191.0,1315088.0,-1,MLBBL
2026-07-16,1139.0,1160.0,1100.0,1117.0,0.72,2227.0,2471098.2,-1,MLBBL
2026-07-17,1137.0,1149.0,1112.0,1149.0,2.86,3543.0,4015331.8,1,MLBBL
2026-07-20,1179.5,1179.5,1136.0,1166.0,1.48,1699.0,1944306.4,-1,MLBBL
2026-07-21,1124.3,1187.5,1124.3,1176.5,0.9,1594.0,1846897.0,1,MLBBL
2026-07-22,1176.5,1176.5,1141.3,1147.1,-2.5,589.0,673479.3,-1,MLBBL
2026-07-23,1147.1,1159.9,1134.0,1159.9,1.12,960.0,1106795.3,1,MLBBL
2026-07-24,1131.2,1160.0,1131.2,1150.0,-0.85,1507.0,1736742.4,1,MLBBL
2026-07-27,1168.5,1168.5,1145.0,1158.0,0.7,443.0,507845.0,-1,MLBBL
2026-07-28,1140.0,1150.0,1130.0,1150.0,-0.69,321.0,363896.1,1,MLBBL
2026-07-29,1135.0,1149.9,1134.0,1134.0,-1.39,1025.0,1164233.4,-1,MLBBL
2026-07-30,1140.0,1140.0,1125.1,1134.0,0.0,303.0,341925.5,-1,MLBBL
2026-07-31,1118.0,1145.0,1117.0,1142.0,0.71,1210.0,1374839.0,1,MLBBL
2026-08-03,1150.0,1150.0,1130.1,1139.0,-0.26,1217.0,1383705.9,-1,MLBBL
2026-08-04,1129.0,1144.0,1123.5,1144.0,0.44,656.0,738819.0,1,MLBBL
2026-08-05,1140.0,1140.0,1120.0,1135.0,-0.79,483.0,545375.0,-1,MLBBL
2026-08-06,1117.0,1138.0,1101.1,1121.0,-1.23,1592.0,1780109.6,1,MLBBL
2026-08-07,1115.0,1119.0,1110.0,1119.0,-0.18,306.0,340058.0,1,MLBBL
2026-08-10,1120.0,1133.0,1111.6,1121.9,0.26,397.0,444329.2,1,MLBBL
2026-08-11,1110.0,1113.9,1097.0,1099.5,-2.0,3056.0,3360959.9,-1,MLBBL
2026-08-12,1085.0,1085.0,1052.2,1067.0,-2.96,4754.0,5084015.5,-1,MLBBL
2026-07-13,345.1,345.1,341.1,343.0,-0.69,13825.0,4735095.0,-1,MLBL
2026-07-14,340.1,346.9,340.1,344.5,0.44,9655.0,3319284.0,1,MLBL
2026-07-15,350.0,351.0,343.3,350.0,1.6,7687.0,2669156.2,0,MLBL
2026-07-16,355.8,355.8,346.0,346.0,-1.14,4387.0,1529794.4,-1,MLBL
2026-07-17,353.0,360.5,350.0,360.5,4.19,20242.0,7221791.4,1,MLBL
2026-07-20,360.0,365.0,357.0,364.6,1.14,28740.0,10405345.3,1,MLBL
2026-07-21,366.9,366.9,358.3,361.0,-0.99,25201.0,9125559.7,-1,MLBL
2026-07-22,364.9,364.9,355.5,358.9,-0.58,10084.0,3599733.9,-1,MLBL
2026-07-23,355.7,360.0,355.0,360.0,0.31,13600.0,4847887.9,1,MLBL
2026-07-24,365.0,365.0,360.0,364.0,1.11,29485.0,10723825.9,-1,MLBL
2026-07-27,366.8,367.7,358.0,358.0,-1.65,45835.0,16675260.0,-1,MLBL
2026-07-28,355.5,360.0,355.4,356.1,-0.53,8796.0,3132906.3,1,MLBL
2026-07-29,356.1,358.9,354.5,358.0,0.53,12719.0,4521822.8,1,MLBL
2026-07-30,355.1,357.8,352.4,352.9,-1.42,8814.0,3116683.2,-1,MLBL
2026-07-31,352.9,359.0,350.4,357.0,1.16,10082.0,3570827.7,1,MLBL
2026-08-03,359.8,364.9,356.1,356.2,-0.22,17873.0,6424057.1,-1,MLBL
2026-08-04,355.0,355.0,351.7,355.0,-0.34,16382.0,5790589.0,0,MLBL
2026-08-05,355.2,358.8,353.8,357.0,0.56,17103.0,6082282.3,1,MLBL
2026-08-06,357.0,357.0,350.0,354.3,-0.76,13045.0,4603844.1,-1,MLBL
2026-08-07,353.8,354.0,350.4,350.9,-0.96,19251.0,6758136.9,-1,MLBL
2026-08-10,351.0,352.0,348.0,348.0,-0.83,17511.0,6119316.0,-1,MLBL
2026-08-11,348.0,351.0,346.2,348.0,0.0,9658.0,3367085.7,0,MLBL
2026-08-12,330.7,358.0,330.7,346.5,-0.43,9353.0,3257202.0,1,MLBL
2026-07-13,1270.7,1270.7,1270.7,1270.7,-3.0,35.0,44474.5,0,MLBLD89
2026-07-14,1234.3,1325.0,1221.0,1325.0,4.27,27346.0,35525548.5,1,MLBLD89
2026-07-16,1320.0,1322.0,1320.0,1320.0,-0.38,380.0,501900.0,0,MLBLD89
2026-07-17,1280.4,1280.4,1280.4,1280.4,-3.0,10.0,12804.0,0,MLBLD89
2026-07-22,1280.4,1280.4,1280.4,1280.4,0.0,25.0,32010.0,0,MLBLD89
2026-08-03,1242.0,1279.0,1242.0,1279.0,-0.11,250.0,314200.0,1,MLBLD89
2026-08-06,1279.0,1279.0,1279.0,1279.0,0.0,10.0,12790.0,0,MLBLD89
2026-07-13,1134.0,1190.0,1130.2,1149.9,-1.63,672.0,772206.9,1,MLBS
2026-07-14,1125.0,1184.3,1113.0,1184.3,2.99,600.0,674751.6,1,MLBS
2026-07-15,1161.0,1161.0,1160.0,1160.0,-2.05,130.0,150850.0,-1,MLBS
2026-07-16,1151.0,1151.0,1116.0,1149.4,-0.91,465.0,527204.0,-1,MLBS
2026-07-17,1150.0,1190.0,1150.0,1190.0,3.53,348.0,406822.8,1,MLBS
2026-07-20,1157.0,1194.0,1157.0,1175.5,-1.22,892.0,1049361.0,1,MLBS
2026-07-21,1175.0,1195.0,1145.0,1166.0,-0.81,652.0,764998.6,-1,MLBS
2026-07-22,1224.0,1224.0,1165.3,1190.0,2.06,120.0,141719.0,-1,MLBS
2026-07-23,1160.6,1198.0,1160.6,1180.0,-0.84,86.0,101614.0,1,MLBS
2026-07-24,1172.1,1193.0,1144.6,1193.0,1.1,506.0,588613.4,1,MLBS
2026-07-27,1162.1,1165.0,1160.0,1162.0,-2.6,525.0,611204.5,-1,MLBS
2026-07-28,1136.6,1150.0,1136.6,1150.0,-1.03,20.0,22866.0,1,MLBS
2026-07-29,1116.0,1175.2,1116.0,1172.0,1.91,212.0,240414.0,1,MLBS
2026-07-30,1140.2,1158.0,1140.2,1158.0,-1.19,59.0,67637.0,1,MLBS
2026-07-31,1126.3,1159.0,1126.1,1159.0,0.09,362.0,408077.2,1,MLBS
2026-08-03,1200.0,1200.0,1146.0,1158.0,-0.09,260.0,302490.0,-1,MLBS
2026-08-04,1158.0,1192.0,1158.0,1158.0,0.0,296.0,345345.0,0,MLBS
2026-08-05,1123.3,1135.0,1123.3,1135.0,-1.99,39.0,43947.9,1,MLBS
2026-08-06,1135.0,1135.0,1118.0,1119.0,-1.41,425.0,478196.0,-1,MLBS
2026-08-07,1130.0,1152.5,1119.0,1152.5,2.99,158.0,177945.0,1,MLBS
2026-08-10,1130.0,1130.0,1119.0,1130.0,-1.95,444.0,497766.0,0,MLBS
2026-08-11,1146.1,1146.1,1116.0,1145.0,1.33,602.0,672785.2,-1,MLBS
2026-08-12,1115.0,1144.0,1115.0,1144.0,-0.09,115.0,128515.0,1,MLBS
2026-07-13,1700.0,1700.0,1650.5,1665.0,-2.06,307.0,512476.0,-1,MLBSL
2026-07-14,1633.0,1703.8,1633.0,1703.8,2.33,242.0,402910.9,1,MLBSL
2026-07-15,1740.8,1740.8,1700.0,1735.0,1.83,118.0,202748.0,-1,MLBSL
2026-07-16,1734.0,1734.0,1686.0,1734.0,-0.06,76.0,130776.0,0,MLBSL
2026-07-17,1730.8,1759.0,1730.8,1759.0,1.44,292.0,509153.8,1,MLBSL
2026-07-20,1780.0,1780.0,1780.0,1780.0,1.19,46.0,81668.0,0,MLBSL
2026-07-21,1780.0,1780.0,1701.3,1767.0,-0.73,352.0,608385.0,-1,MLBSL
2026-07-22,1740.0,1740.0,1710.0,1711.0,-3.17,210.0,362230.8,-1,MLBSL
2026-07-23,1711.0,1740.0,1710.0,1738.0,1.58,317.0,544966.0,1,MLBSL
2026-07-24,1740.0,1741.0,1691.1,1739.9,0.11,126.0,217854.9,-1,MLBSL
2026-07-27,1715.0,1738.9,1696.2,1735.0,-0.28,568.0,967079.1,1,MLBSL
2026-07-28,1729.9,1729.9,1695.0,1727.0,-0.46,586.0,998603.6,-1,MLBSL
2026-07-29,1727.0,1727.0,1690.0,1690.0,-2.14,51.0,86057.6,-1,MLBSL
2026-07-30,1690.0,1690.0,1639.0,1690.0,0.0,1088.0,1798032.0,0,MLBSL
2026-07-31,1675.0,1675.0,1630.0,1653.0,-2.19,3046.0,4991496.0,-1,MLBSL
2026-08-03,1700.0,1751.0,1615.0,1615.0,-2.3,607.0,1011834.5,-1,MLBSL
2026-08-04,1663.4,1713.3,1663.4,1680.0,4.02,457.0,769251.0,1,MLBSL
2026-08-05,1640.0,1660.0,1635.1,1635.1,-2.67,497.0,817363.1,-1,MLBSL
2026-08-06,1635.0,1640.0,1600.0,1600.0,-2.15,1081.0,1757527.5,-1,MLBSL
2026-08-07,1601.0,1620.0,1601.0,1620.0,1.25,445.0,719980.0,1,MLBSL
2026-08-10,1602.0,1638.0,1601.1,1610.0,-0.62,399.0,640747.0,1,MLBSL
2026-08-11,1560.0,1560.0,1368.5,1370.0,-14.91,29670.0,41446563.8,-1,MLBSL
2026-08-12,1370.0,1370.0,1291.0,1299.0,-5.18,7755.0,10119544.3,-1,MLBSL
2026-07-13,9.6,9.8,9.5,9.7,1.04,457040.0,4382043.6,1,MMF1
2026-07-14,9.59,9.83,9.22,9.8,1.03,584880.0,5514214.35,1,MMF1
2026-07-15,9.51,9.8,9.14,9.75,-0.51,28597.0,265395.17,1,MMF1
2026-07-16,9.8,9.8,9.3,9.75,0.0,26000.0,248382.0,-1,MMF1
2026-07-17,9.46,9.87,9.3,9.87,1.23,5700.0,54903.0,1,MMF1
2026-07-20,10.0,10.0,9.43,9.75,-1.22,7704.0,73783.0,-1,MMF1
2026-07-21,10.0,10.0,9.27,9.46,-2.97,80084.0,758804.62,-1,MMF1
2026-07-22,9.18,9.69,9.18,9.69,2.43,16100.0,149066.0,1,MMF1
2026-07-23,9.4,9.5,9.12,9.5,-1.96,5203.0,48011.88,1,MMF1
2026-07-24,9.4,9.47,9.12,9.47,-0.32,45580.0,422033.4,1,MMF1
2026-07-27,9.19,9.5,9.0,9.5,0.32,4861.0,44776.8,1,MMF1
2026-07-28,9.22,9.29,9.0,9.12,-4.0,31960.0,294103.71,-1,MMF1
2026-07-29,9.0,9.29,9.0,9.2,0.88,38440.0,348532.7,1,MMF1
2026-07-30,9.0,9.2,8.95,9.0,-2.17,35440.0,319021.0,0,MMF1
2026-07-31,8.74,9.15,8.74,9.15,1.67,32800.0,295983.0,1,MMF1
2026-08-03,8.9,9.17,8.9,9.17,0.22,103081.0,933472.0,1,MMF1
2026-08-04,8.9,9.0,8.9,9.0,-1.85,28000.0,251353.0,1,MMF1
2026-08-05,8.77,9.27,8.77,9.27,3.0,11500.0,102552.5,1,MMF1
2026-08-06,9.24,9.24,8.73,8.75,-5.61,1700.0,15158.0,-1,MMF1
2026-08-07,8.32,9.15,8.32,8.88,1.49,14980.0,133800.8,1,MMF1
2026-08-10,8.9,8.98,8.72,8.98,1.13,9400.0,82529.5,1,MMF1
2026-08-11,8.73,8.99,8.73,8.9,-0.89,12930.0,114272.7,1,MMF1
2026-08-12,8.72,9.16,8.72,9.01,1.24,8950.0,79364.0,1,MMF1
2026-07-13,447.0,458.0,433.7,449.0,-1.32,1754.0,780193.1,1,MMKJL
2026-07-14,447.7,447.7,436.0,438.0,-2.45,2861.0,1264178.5,-1,MMKJL
2026-07-15,438.0,450.0,433.0,438.0,0.0,1657.0,727359.6,0,MMKJL
2026-07-16,440.0,440.0,429.1,430.0,-1.83,2110.0,914855.0,-1,MMKJL
2026-07-17,442.9,455.5,436.1,449.0,4.42,1413.0,627616.5,1,MMKJL
2026-07-20,440.0,461.0,440.0,455.0,1.34,910.0,413847.0,1,MMKJL
2026-07-21,456.0,469.5,456.0,465.0,2.2,4295.0,1991243.0,1,MMKJL
2026-07-22,442.0,470.0,442.0,463.4,-0.34,2554.0,1186973.5,1,MMKJL
2026-07-23,456.0,475.0,449.2,475.0,2.5,6192.0,2864474.0,1,MMKJL
2026-07-24,475.0,501.6,475.0,496.0,4.42,6845.0,3356197.5,1,MMKJL
2026-07-27,485.0,517.0,485.0,495.0,-0.2,22732.0,11439027.2,1,MMKJL
2026-07-28,505.0,509.0,491.0,492.3,-0.55,3759.0,1864081.8,-1,MMKJL
2026-07-29,492.0,492.0,480.0,482.0,-2.09,2585.0,1248169.0,-1,MMKJL
2026-07-30,493.0,493.0,474.0,485.0,0.62,4894.0,2338157.0,-1,MMKJL
2026-07-31,471.5,485.0,471.0,484.0,-0.21,2134.0,1027746.5,1,MMKJL
2026-08-03,480.0,482.0,475.0,481.7,-0.48,2117.0,1008891.0,1,MMKJL
2026-08-04,475.0,475.0,471.0,474.0,-1.6,280.0,132865.0,-1,MMKJL
2026-08-05,471.0,471.0,464.0,464.0,-2.11,1803.0,843948.0,-1,MMKJL
2026-08-06,477.9,477.9,450.1,458.0,-1.29,2213.0,1020392.3,-1,MMKJL
2026-08-07,455.0,459.0,436.5,454.9,-0.68,6085.0,2727626.3,-1,MMKJL
2026-08-10,454.9,468.0,436.0,450.0,-1.08,1791.0,789896.4,-1,MMKJL
2026-08-11,440.1,449.0,440.0,443.0,-1.56,1563.0,690328.0,1,MMKJL
2026-08-12,450.0,450.0,440.1,449.9,1.56,1475.0,657135.0,-1,MMKJL
2026-07-13,362.0,364.9,359.1,360.0,-0.55,33147.0,11946651.3,-1,MNBBL
2026-07-14,362.8,364.0,357.4,360.0,0.0,31081.0,11187093.9,-1,MNBBL
2026-07-15,361.1,366.0,361.1,362.4,0.67,15584.0,5682867.2,1,MNBBL
2026-07-16,362.4,367.9,362.0,362.9,0.14,12086.0,4402919.3,1,MNBBL
2026-07-17,369.8,371.8,365.0,370.0,1.96,23996.0,8835877.2,1,MNBBL
2026-07-20,373.0,376.1,370.1,376.0,1.62,25911.0,9690320.3,1,MNBBL
2026-07-21,376.8,379.9,372.0,376.0,0.0,41586.0,15636744.9,-1,MNBBL
2026-07-22,376.5,377.5,372.0,372.0,-1.06,28844.0,10789845.0,-1,MNBBL
2026-07-23,370.0,377.0,368.1,377.0,1.34,25308.0,9431469.2,1,MNBBL
2026-07-24,379.0,380.0,375.1,377.0,0.0,25623.0,9673232.8,-1,MNBBL
2026-07-27,365.0,380.0,365.0,375.0,-0.53,25680.0,9673019.2,1,MNBBL
2026-07-28,375.0,376.9,371.1,372.2,-0.75,10581.0,3943097.8,-1,MNBBL
2026-07-29,374.0,374.0,370.0,371.2,-0.27,20289.0,7524479.3,-1,MNBBL
2026-07-30,372.0,375.0,369.0,370.0,-0.32,22877.0,8456104.9,-1,MNBBL
2026-07-31,371.8,372.9,368.0,370.7,0.19,29292.0,10884406.7,-1,MNBBL
2026-08-03,375.0,375.0,370.5,371.3,0.16,25745.0,9585638.4,-1,MNBBL
2026-08-04,373.0,373.0,368.0,370.5,-0.22,19767.0,7323436.0,-1,MNBBL
2026-08-05,372.0,372.0,368.0,369.0,-0.4,22207.0,8226864.6,-1,MNBBL
2026-08-06,370.0,370.0,367.0,369.5,0.14,10573.0,3898689.5,-1,MNBBL
2026-08-07,368.0,369.8,366.0,366.3,-0.87,17348.0,6374158.3,-1,MNBBL
2026-08-10,367.0,370.9,366.0,366.8,0.14,9170.0,3360394.2,-1,MNBBL
2026-08-11,365.0,368.0,365.0,366.8,0.0,17948.0,6584721.6,1,MNBBL
2026-08-12,368.8,368.8,362.0,365.0,-0.49,39825.0,14549837.2,-1,MNBBL
2026-07-13,9.8,9.85,9.8,9.8,-0.51,12150.0,119570.0,0,MNMF1
2026-07-14,9.8,9.85,9.6,9.6,-2.04,104945.0,1028497.0,-1,MNMF1
2026-07-15,9.6,9.9,9.6,9.9,3.13,7300.0,71790.0,1,MNMF1
2026-07-16,10.2,10.2,9.61,9.9,0.0,2500.0,24520.0,-1,MNMF1
2026-07-17,9.61,9.61,9.5,9.61,-2.93,1100.0,10549.0,0,MNMF1
2026-07-20,9.6,9.9,9.6,9.9,3.02,7500.0,73465.0,1,MNMF1
2026-07-21,9.8,9.9,9.51,9.85,-0.51,117930.0,1145216.0,1,MNMF1
2026-07-22,9.8,9.85,9.8,9.85,0.0,50221.0,492510.8,1,MNMF1
2026-07-23,9.8,9.87,9.8,9.87,0.2,2020.0,19894.4,1,MNMF1
2026-07-24,9.8,10.09,9.51,9.7,-1.72,172054.0,1687128.8,-1,MNMF1
2026-07-27,9.52,9.95,9.52,9.8,1.03,3401.0,33202.95,1,MNMF1
2026-07-28,9.55,9.6,9.55,9.6,-2.04,5800.0,55449.0,1,MNMF1
2026-07-29,9.65,9.93,9.55,9.75,1.56,84881.0,822423.7,1,MNMF1
2026-07-30,9.51,9.79,9.51,9.58,-1.74,101350.0,991967.0,1,MNMF1
2026-07-31,9.51,9.77,9.51,9.6,0.21,1050.0,10162.5,1,MNMF1
2026-08-03,9.6,9.71,9.6,9.71,1.15,2900.0,28022.0,1,MNMF1
2026-08-04,9.57,9.71,9.5,9.5,-2.16,22400.0,213326.0,-1,MNMF1
2026-08-05,9.55,9.6,9.55,9.6,1.05,600.0,5745.0,1,MNMF1
2026-08-06,9.6,9.6,9.57,9.6,0.0,2000.0,19186.0,0,MNMF1
2026-08-07,9.53,9.8,9.5,9.8,2.08,13700.0,132704.0,1,MNMF1
2026-08-10,9.8,9.8,9.46,9.56,-2.45,26200.0,251604.52,-1,MNMF1
2026-08-11,9.51,9.65,9.51,9.51,-0.52,117760.0,1126092.0,0,MNMF1
2026-08-12,9.54,9.54,9.54,9.54,0.32,800.0,7632.0,0,MNMF1
2026-07-13,600.0,608.9,593.5,599.9,-1.64,6143.0,3677731.0,-1,MPFL
2026-07-14,605.0,605.0,590.1,594.8,-0.85,17189.0,10248910.9,-1,MPFL
2026-07-15,606.2,606.2,598.0,600.0,0.87,3665.0,2199125.0,-1,MPFL
2026-07-16,600.0,604.0,593.0,594.0,-1.0,2831.0,1683935.8,-1,MPFL
2026-07-17,607.9,620.0,596.6,619.9,4.36,8140.0,5000120.6,1,MPFL
2026-07-20,620.0,630.0,613.2,626.8,1.11,5810.0,3617641.9,1,MPFL
2026-07-21,626.0,626.0,611.0,622.0,-0.77,11756.0,7282315.5,-1,MPFL
2026-07-22,600.0,630.0,600.0,621.8,-0.03,13077.0,8117827.4,1,MPFL
2026-07-23,610.0,626.0,606.0,625.0,0.51,22732.0,13958582.3,1,MPFL
2026-07-24,610.0,635.0,610.0,626.9,0.3,11805.0,7357807.6,1,MPFL
2026-07-27,610.0,628.9,610.0,624.7,-0.35,22404.0,13936460.0,1,MPFL
2026-07-28,615.0,622.5,613.5,622.3,-0.38,11471.0,7082035.4,1,MPFL
2026-07-29,653.0,653.0,611.1,621.0,-0.21,3483.0,2155292.8,-1,MPFL
2026-07-30,610.0,623.8,610.0,618.3,-0.43,3992.0,2458347.6,1,MPFL
2026-07-31,607.0,619.7,607.0,619.7,0.23,3811.0,2352124.4,1,MPFL
2026-08-03,625.0,629.6,612.5,612.5,-1.16,5730.0,3545698.0,-1,MPFL
2026-08-04,605.0,619.9,605.0,614.8,0.38,6922.0,4210475.7,1,MPFL
2026-08-05,600.0,617.0,582.0,615.0,0.03,8654.0,5298918.7,1,MPFL
2026-08-06,606.0,615.0,606.0,611.0,-0.65,7322.0,4485701.2,1,MPFL
2026-08-07,601.1,613.0,601.1,613.0,0.33,7828.0,4745459.0,1,MPFL
2026-08-10,610.0,616.0,610.0,616.0,0.49,9050.0,5546245.8,1,MPFL
2026-08-11,615.0,623.6,612.0,623.6,1.23,8431.0,5198821.2,1,MPFL
2026-08-12,618.0,628.0,615.0,624.0,0.06,15931.0,9913060.6,1,MPFL
2026-07-13,605.0,605.0,596.0,596.0,-2.3,866.0,521398.0,-1,MSHL
2026-07-14,585.0,604.0,580.0,599.9,0.65,559.0,330212.7,1,MSHL
2026-07-15,617.0,617.0,599.0,600.0,0.02,856.0,513333.0,-1,MSHL
2026-07-16,585.0,590.5,585.0,589.0,-1.83,899.0,529964.2,1,MSHL
2026-07-17,581.0,660.0,581.0,660.0,12.05,249.0,151432.9,1,MSHL
2026-07-20,693.0,693.0,632.0,658.0,-0.3,1030.0,675405.0,-1,MSHL
2026-07-21,655.0,655.0,635.0,636.4,-3.28,327.0,209702.8,-1,MSHL
2026-07-22,650.0,650.0,620.0,635.0,-0.22,735.0,463834.0,-1,MSHL
2026-07-23,666.7,666.7,591.0,627.3,-1.21,1005.0,615261.4,-1,MSHL
2026-07-24,596.0,665.0,596.0,632.0,0.75,682.0,431483.0,1,MSHL
2026-07-27,630.0,635.0,615.6,630.0,-0.32,523.0,325682.4,0,MSHL
2026-07-28,630.0,630.0,612.0,616.0,-2.22,443.0,272594.94,-1,MSHL
2026-07-29,610.0,620.0,605.1,609.3,-1.09,443.0,270815.4,-1,MSHL
2026-07-30,609.0,624.0,602.5,602.5,-1.12,1445.0,883579.9,-1,MSHL
2026-07-31,604.0,620.5,604.0,620.5,2.99,373.0,228444.0,1,MSHL
2026-08-03,607.0,612.0,606.4,612.0,-1.37,577.0,351740.7,1,MSHL
2026-08-04,612.0,630.3,602.09,612.0,0.0,144.0,87985.09,0,MSHL
2026-08-05,610.0,610.0,609.0,610.0,-0.33,76.0,46340.0,0,MSHL
2026-08-06,606.0,609.0,606.0,609.0,-0.16,189.0,114918.0,1,MSHL
2026-08-07,608.0,625.5,608.0,608.0,-0.16,1103.0,672868.5,0,MSHL
2026-08-10,608.0,610.0,606.0,606.0,-0.33,485.0,294259.0,-1,MSHL
2026-08-11,606.0,618.0,602.1,604.0,-0.33,360.0,217255.3,-1,MSHL
2026-08-12,600.0,605.0,590.1,601.0,-0.5,288.0,173222.2,1,MSHL
2026-07-13,1269.0,1269.0,1190.0,1209.0,-1.91,2535.0,3062345.3,-1,MSLB
2026-07-14,1194.1,1227.0,1194.1,1219.0,0.83,461.0,553008.7,1,MSLB
2026-07-15,1185.0,1239.0,1184.0,1219.0,0.0,1209.0,1452797.0,1,MSLB
2026-07-16,1193.2,1230.0,1193.2,1230.0,0.9,246.0,295396.6,1,MSLB
2026-07-17,1240.0,1240.0,1207.0,1239.8,0.8,991.0,1216624.0,-1,MSLB
2026-07-20,1216.2,1248.9,1216.2,1248.9,0.73,694.0,853747.2,1,MSLB
2026-07-21,1221.0,1257.5,1221.0,1248.0,-0.07,1124.0,1394136.8,1,MSLB
2026-07-22,1225.0,1230.0,1216.0,1221.0,-2.16,157.0,192036.0,-1,MSLB
2026-07-23,1220.0,1237.0,1204.1,1215.0,-0.49,1110.0,1344241.0,-1,MSLB
2026-07-24,1215.0,1244.0,1215.0,1244.0,2.39,354.0,433480.0,1,MSLB
2026-07-27,1207.1,1230.0,1207.1,1212.5,-2.53,652.0,794998.0,1,MSLB
2026-07-28,1212.5,1220.0,1197.0,1220.0,0.62,140.0,168618.0,1,MSLB
2026-07-29,1201.0,1239.0,1201.0,1205.0,-1.23,1042.0,1260650.6,1,MSLB
2026-07-30,1198.1,1220.0,1198.1,1220.0,1.24,753.0,907053.4,1,MSLB
2026-07-31,1200.0,1229.0,1190.0,1229.0,0.74,431.0,518275.0,1,MSLB
2026-08-03,1250.0,1318.0,1250.0,1317.0,7.16,22297.0,28606817.0,1,MSLB
2026-08-04,1323.9,1323.9,1280.0,1292.0,-1.9,2014.0,2619186.0,-1,MSLB
2026-08-05,1285.0,1292.0,1270.0,1270.0,-1.7,1365.0,1741488.0,-1,MSLB
2026-08-06,1265.0,1268.0,1255.0,1255.0,-1.18,2572.0,3248213.0,-1,MSLB
2026-08-07,1230.0,1265.0,1230.0,1258.0,0.24,909.0,1134889.8,1,MSLB
2026-08-10,1260.0,1265.0,1250.0,1259.0,0.08,1305.0,1637524.0,-1,MSLB
2026-08-11,1229.0,1275.0,1229.0,1275.0,1.27,445.0,555578.8,1,MSLB
2026-08-12,1246.1,1279.0,1246.1,1252.4,-1.77,313.0,394053.0,1,MSLB
2026-07-13,720.0,721.0,705.0,713.3,-0.93,5620.0,3984078.0,-1,NABBC
2026-07-14,720.0,740.0,701.0,737.9,3.45,116099.0,83462650.7,1,NABBC
2026-07-15,740.0,832.0,740.0,799.9,8.4,23899.0,18861320.5,1,NABBC
2026-07-16,821.0,821.0,777.1,795.0,-0.61,15387.0,12221554.1,-1,NABBC
2026-07-17,814.0,844.0,806.0,825.0,3.77,9854.0,8130991.6,1,NABBC
2026-07-20,800.2,838.7,800.2,815.0,-1.21,100977.0,81507750.0,1,NABBC
2026-07-21,811.0,820.0,776.0,790.0,-3.07,16399.0,13066455.8,-1,NABBC
2026-07-22,750.5,795.0,750.5,792.0,0.25,10657.0,8276874.7,1,NABBC
2026-07-23,798.0,798.0,770.2,793.0,0.13,5634.0,4387366.4,-1,NABBC
2026-07-24,793.0,796.0,777.2,786.0,-0.88,8899.0,6978980.3,-1,NABBC
2026-07-27,800.0,819.0,776.0,782.0,-0.51,17891.0,14298481.7,-1,NABBC
2026-07-28,782.0,799.9,772.0,790.0,1.02,4612.0,3600984.5,1,NABBC
2026-07-29,776.0,800.0,776.0,785.1,-0.62,4249.0,3361920.0,1,NABBC
2026-07-30,776.5,797.8,776.5,780.2,-0.62,7802.0,6165693.4,1,NABBC
2026-07-31,790.0,790.0,775.0,785.2,0.64,2623.0,2064454.8,-1,NABBC
2026-08-03,799.0,832.0,795.0,795.4,1.3,30482.0,24314004.3,-1,NABBC
2026-08-04,783.0,820.0,783.0,813.2,2.24,26511.0,21323649.8,1,NABBC
2026-08-05,813.0,826.0,810.4,824.9,1.44,9349.0,7670642.5,1,NABBC
2026-08-06,829.9,875.0,829.9,843.0,2.19,34024.0,28957729.2,1,NABBC
2026-08-07,840.0,840.0,825.4,825.4,-2.09,13163.0,10950050.9,-1,NABBC
2026-08-10,825.2,832.0,812.0,812.2,-1.6,22306.0,18360552.7,-1,NABBC
2026-08-11,806.2,827.8,804.2,817.0,0.59,11928.0,9723092.4,1,NABBC
2026-08-12,832.0,835.0,810.0,813.1,-0.48,11627.0,9557206.3,-1,NABBC
2026-07-13,530.0,531.0,525.0,526.3,-0.28,48177.0,25372811.9,-1,NABIL
2026-07-14,525.1,532.9,525.1,530.1,0.72,76835.0,40708052.9,1,NABIL
2026-07-15,515.0,536.0,515.0,534.0,0.74,57577.0,30712675.2,1,NABIL
2026-07-16,535.5,537.9,534.0,534.9,0.17,28326.0,15154158.0,-1,NABIL
2026-07-17,539.0,546.0,536.0,542.7,1.46,66735.0,36195408.5,1,NABIL
2026-07-20,550.0,551.1,542.7,550.0,1.35,100779.0,55354893.5,0,NABIL
2026-07-21,552.0,554.9,548.0,549.0,-0.18,102884.0,56659381.6,-1,NABIL
2026-07-22,550.0,550.0,546.0,546.8,-0.4,48017.0,26339411.4,-1,NABIL
2026-07-23,546.0,550.0,545.0,550.0,0.59,40281.0,22089641.4,1,NABIL
2026-07-24,550.0,557.6,546.1,553.1,0.56,91376.0,50610822.8,1,NABIL
2026-07-27,553.0,568.0,553.0,560.0,1.25,155380.0,87108157.9,1,NABIL
2026-07-28,560.0,560.0,554.0,558.0,-0.36,61497.0,34237335.1,-1,NABIL
2026-07-29,558.0,560.0,553.5,557.5,-0.09,58797.0,32817748.0,-1,NABIL
2026-07-30,530.0,566.0,530.0,554.5,-0.54,50772.0,28143176.0,1,NABIL
2026-07-31,554.5,558.6,550.0,556.0,0.27,45634.0,25347989.1,1,NABIL
2026-08-03,528.2,568.0,528.2,557.1,0.2,53226.0,29781333.1,1,NABIL
2026-08-04,560.0,561.8,556.5,558.0,0.16,60087.0,33592862.3,-1,NABIL
2026-08-05,530.1,563.0,530.1,557.0,-0.18,75852.0,42234263.2,1,NABIL
2026-08-06,568.0,568.0,550.0,552.0,-0.9,53215.0,29432922.0,-1,NABIL
2026-08-07,552.0,560.0,550.1,556.0,0.72,83780.0,46549634.2,1,NABIL
2026-08-10,556.0,556.1,548.0,549.4,-1.19,44025.0,24270104.1,-1,NABIL
2026-08-11,556.0,556.0,549.0,551.0,0.29,26088.0,14361053.2,-1,NABIL
2026-08-12,551.0,555.0,549.0,550.0,-0.18,27049.0,14895725.4,-1,NABIL
2026-07-13,726.0,726.0,700.0,719.9,-0.69,870.0,616591.6,-1,NADEP
2026-07-14,700.2,721.0,698.1,700.2,-2.74,1811.0,1273684.5,0,NADEP
2026-07-15,701.0,722.0,701.0,705.0,0.69,167.0,118738.4,1,NADEP
2026-07-16,708.0,739.5,706.0,739.5,4.89,2760.0,1988613.7,1,NADEP
2026-07-17,739.0,750.0,722.2,750.0,1.42,611.0,451803.0,1,NADEP
2026-07-20,750.0,763.0,741.0,759.8,1.31,1460.0,1093730.5,1,NADEP
2026-07-21,743.0,744.0,739.1,740.0,-2.61,289.0,214259.7,-1,NADEP
2026-07-22,735.0,759.0,726.0,747.0,0.95,3070.0,2302201.9,1,NADEP
2026-07-23,747.0,760.0,726.0,760.0,1.74,386.0,285255.5,1,NADEP
2026-07-24,760.0,760.0,738.0,738.0,-2.89,288.0,212264.2,-1,NADEP
2026-07-27,737.0,749.9,725.0,744.8,0.92,410.0,299429.0,1,NADEP
2026-07-28,750.0,750.0,727.5,747.0,0.3,1052.0,785098.0,-1,NADEP
2026-07-29,747.0,747.0,728.0,729.3,-2.37,161.0,117400.0,-1,NADEP
2026-07-30,740.0,751.0,731.0,741.0,1.6,708.0,522752.5,1,NADEP
2026-07-31,749.0,749.0,726.6,727.0,-1.89,277.0,203824.2,-1,NADEP
2026-08-03,748.8,748.8,725.0,740.0,1.79,749.0,545098.0,-1,NADEP
2026-08-04,740.0,740.0,727.0,737.9,-0.28,500.0,363632.0,-1,NADEP
2026-08-05,716.0,737.2,716.0,737.2,-0.09,957.0,693409.5,1,NADEP
2026-08-06,774.0,774.0,720.0,730.0,-0.98,1051.0,759694.0,-1,NADEP
2026-08-07,730.0,730.0,716.0,729.0,-0.14,570.0,409181.1,-1,NADEP
2026-08-10,729.0,729.0,711.2,711.2,-2.44,626.0,449520.8,-1,NADEP
2026-08-11,731.0,731.0,717.0,718.0,0.96,494.0,357397.0,-1,NADEP
2026-08-12,701.3,720.0,701.3,720.0,0.28,209.0,148973.7,1,NADEP
2026-07-14,1138.0,1138.0,1138.0,1138.0,2.99,50.0,56900.0,0,NBBD2085
2026-07-15,1170.0,1170.0,1170.0,1170.0,2.81,20.0,23400.0,0,NBBD2085
2026-07-16,1140.0,1140.0,1140.0,1140.0,-2.56,142.0,161880.0,0,NBBD2085
2026-07-17,1165.0,1165.0,1165.0,1165.0,2.19,40.0,46600.0,0,NBBD2085
2026-07-20,1130.1,1130.1,1115.0,1115.0,-4.29,11100.0,12376651.0,-1,NBBD2085
2026-07-22,1115.0,1115.0,1115.0,1065.0,-4.48,5.0,5325.0,-1,NBBD2085
2026-07-23,1096.9,1100.0,1096.9,1100.0,3.29,10000.0,10999969.0,1,NBBD2085
2026-07-24,1100.0,1100.0,1100.0,1133.0,3.0,1.0,1133.0,1,NBBD2085
2026-07-27,1165.0,1165.0,1160.7,1159.0,2.29,2503.0,2905350.0,-1,NBBD2085
2026-07-28,1160.0,1160.0,1160.0,1160.0,0.09,9501.0,11021160.0,0,NBBD2085
2026-07-29,1160.7,1160.7,1160.7,1160.7,0.06,1000.0,1160700.0,0,NBBD2085
2026-07-13,9.7,10.03,9.46,10.03,1.31,27011.0,266355.14,1,NBF2
2026-07-14,10.0,10.0,9.91,10.0,-0.3,4700.0,46730.0,0,NBF2
2026-07-15,9.91,9.95,9.91,9.91,-0.9,7100.0,70561.0,0,NBF2
2026-07-16,9.9,9.93,9.9,9.9,-0.1,6311.0,62568.9,0,NBF2
2026-07-17,9.61,9.9,9.61,9.8,-1.01,500.0,4881.0,1,NBF2
2026-07-20,10.0,10.1,10.0,10.1,3.06,2800.0,28140.0,1,NBF2
2026-07-21,10.1,10.2,9.8,9.81,-2.87,7200.0,71145.0,-1,NBF2
2026-07-22,9.81,10.4,9.81,10.09,2.85,2880.0,29568.0,1,NBF2
2026-07-23,10.08,10.31,10.08,10.31,2.18,4000.0,41217.0,1,NBF2
2026-07-24,10.02,10.02,10.02,10.02,-2.81,200.0,2004.0,0,NBF2
2026-07-27,10.0,10.2,10.0,10.2,1.8,2400.0,24081.0,1,NBF2
2026-07-29,9.92,9.92,9.9,9.9,-2.94,7500.0,74347.0,-1,NBF2
2026-08-03,9.92,10.14,9.92,10.14,2.42,400.0,3990.0,1,NBF2
2026-08-04,10.1,10.1,9.85,9.99,-1.48,13114.0,130971.2,-1,NBF2
2026-08-05,10.0,10.0,9.81,9.95,-0.4,16600.0,165775.5,-1,NBF2
2026-08-06,9.94,9.94,9.8,9.9,-0.5,3100.0,30722.0,-1,NBF2
2026-08-07,9.81,10.1,9.81,10.1,2.02,2280.0,22969.0,1,NBF2
2026-08-10,9.85,10.1,9.81,9.86,-2.38,8206.0,80995.86,1,NBF2
2026-08-11,9.81,9.83,9.81,9.83,-0.3,300.0,2945.0,1,NBF2
2026-08-12,9.85,9.85,9.84,9.84,0.1,220.0,2165.8,-1,NBF2
2026-07-13,9.95,9.98,9.95,9.98,-1.19,14000.0,139431.0,1,NBF3
2026-07-14,9.98,10.1,9.95,9.95,-0.3,53691.0,536815.05,-1,NBF3
2026-07-15,9.95,10.0,9.95,10.0,0.5,39300.0,391639.0,1,NBF3
2026-07-16,9.7,9.93,9.5,9.93,-0.7,22870.0,221413.0,1,NBF3
2026-07-17,9.7,10.0,9.7,10.0,0.7,4920.0,48248.0,1,NBF3
2026-07-20,9.95,10.0,9.95,10.0,0.0,31580.0,314301.0,1,NBF3
2026-07-21,9.95,10.1,9.95,10.0,0.0,23354.0,233565.0,1,NBF3
2026-07-22,10.0,10.01,10.0,10.01,0.1,23750.0,237542.0,1,NBF3
2026-07-23,10.0,10.1,9.9,10.0,-0.1,11871.0,118737.1,0,NBF3
2026-07-24,9.95,10.0,9.66,9.97,-0.3,6600.0,65336.0,1,NBF3
2026-07-27,9.7,9.9,9.51,9.9,-0.7,9860.0,95006.6,1,NBF3
2026-07-28,9.61,9.89,9.61,9.71,-1.92,2400.0,23224.0,1,NBF3
2026-07-29,9.6,10.09,9.33,10.09,3.91,16850.0,160387.0,1,NBF3
2026-07-30,10.09,10.09,9.78,9.85,-2.38,4240.0,41932.1,-1,NBF3
2026-07-31,9.75,9.88,9.6,9.88,0.3,2800.0,27498.0,1,NBF3
2026-08-03,9.62,9.93,9.61,9.93,0.51,20900.0,201121.0,1,NBF3
2026-08-04,9.9,9.9,9.56,9.75,-1.81,10646.0,103631.4,-1,NBF3
2026-08-05,9.6,9.7,9.56,9.65,-1.03,12240.0,118083.0,1,NBF3
2026-08-06,9.58,9.78,9.49,9.51,-1.45,26710.0,256118.0,-1,NBF3
2026-08-07,9.51,9.79,9.23,9.55,0.42,4830.0,45894.7,1,NBF3
2026-08-10,9.55,9.85,9.55,9.65,1.05,32350.0,312951.9,1,NBF3
2026-08-11,9.65,9.8,9.54,9.6,-0.52,4550.0,43955.0,-1,NBF3
2026-08-12,9.57,9.73,9.57,9.59,-0.1,3700.0,35532.0,1,NBF3
2026-07-13,266.9,266.9,260.0,261.0,-1.32,40020.0,10465691.7,-1,NBL
2026-07-14,267.9,267.9,256.0,260.0,-0.38,91968.0,23913516.6,-1,NBL
2026-07-15,265.0,265.0,258.5,259.9,-0.04,31214.0,8146875.6,-1,NBL
2026-07-16,264.0,265.0,260.1,261.6,0.65,38995.0,10219088.6,-1,NBL
2026-07-17,265.3,270.0,264.0,266.6,1.91,42394.0,11330334.9,1,NBL
2026-07-20,253.3,272.0,253.3,269.0,0.9,30541.0,8216730.7,1,NBL
2026-07-21,272.0,272.0,265.0,269.0,0.0,27376.0,7361737.6,-1,NBL
2026-07-22,269.0,269.5,265.1,268.9,-0.04,29103.0,7799413.4,-1,NBL
2026-07-23,268.9,269.6,265.2,269.0,0.04,28186.0,7541076.8,1,NBL
2026-07-24,271.0,274.0,265.2,272.0,1.12,72549.0,19719640.9,1,NBL
2026-07-27,258.4,275.3,258.4,270.0,-0.74,107737.0,29356830.8,1,NBL
2026-07-28,268.2,272.0,268.2,271.9,0.7,154284.0,41676220.6,1,NBL
2026-07-29,274.0,274.0,269.1,272.0,0.04,46665.0,12640167.2,-1,NBL
2026-07-30,259.0,274.0,259.0,270.0,-0.74,55675.0,14903895.5,1,NBL
2026-07-31,266.0,272.0,265.6,270.3,0.11,38421.0,10331135.3,1,NBL
2026-08-03,257.0,273.0,257.0,272.0,0.63,97552.0,26396444.2,1,NBL
2026-08-04,270.0,272.0,268.0,268.2,-1.4,30005.0,8071407.3,-1,NBL
2026-08-05,269.0,269.0,266.0,268.7,0.19,31003.0,8292339.6,-1,NBL
2026-08-06,255.5,272.0,255.5,269.0,0.11,55321.0,14760673.9,1,NBL
2026-08-07,265.1,270.0,265.0,269.9,0.33,72438.0,19310346.4,1,NBL
2026-08-10,268.0,268.9,263.0,266.0,-1.44,35349.0,9380956.4,-1,NBL
2026-08-11,266.0,267.5,264.7,265.9,-0.04,38561.0,10227467.3,-1,NBL
2026-08-12,264.0,269.8,264.0,267.0,0.41,40763.0,10902360.0,1,NBL
2026-07-14,1089.9,1095.0,1089.9,1095.0,0.09,20205.0,22113439.5,1,NBLD82
2026-07-16,1086.0,1086.0,1086.0,1086.0,-0.82,10000.0,10860000.0,0,NBLD82
2026-08-05,1055.0,1055.0,1055.0,1024.0,-5.71,25.0,26220.0,-1,NBLD82
2026-08-06,1023.5,1023.5,1023.1,1023.1,-0.09,50.0,51165.0,-1,NBLD82
2026-07-13,1099.0,1101.0,1081.0,1081.0,-1.37,35030.0,37967970.0,-1,NBLD85
2026-07-14,1079.0,1079.0,1079.0,1079.0,-0.19,200000.0,215800000.0,0,NBLD85
2026-07-15,1050.4,1088.0,1050.4,1088.0,0.83,100050.0,108852465.2,1,NBLD85
2026-07-16,1100.0,1100.0,1100.0,1100.0,1.1,20.0,22000.0,0,NBLD85
2026-07-21,1067.0,1080.0,1067.0,1080.0,-1.82,29980.0,32377750.0,1,NBLD85
2026-07-22,1050.1,1050.1,1050.1,1050.1,-2.77,25.0,26252.5,0,NBLD85
2026-07-24,1071.0,1071.0,1040.0,1040.0,-0.96,80.0,83975.0,-1,NBLD85
2026-07-27,1070.9,1070.9,1070.9,1070.9,2.97,25.0,26772.5,0,NBLD85
2026-07-28,1046.0,1046.0,1046.0,1046.0,-2.33,25.0,26150.0,0,NBLD85
2026-07-29,1035.4,1040.0,1035.4,1040.0,-0.57,75.0,77885.0,1,NBLD85
2026-07-30,1040.0,1040.0,1040.0,1045.0,0.48,1.0,1045.0,1,NBLD85
2026-08-10,1020.0,1025.1,1020.0,1025.0,-1.91,200.0,204882.5,1,NBLD85
2026-07-14,1151.0,1215.0,1135.0,1225.0,4.3,167905.0,194197182.5,1,NBLD87
2026-07-27,1225.0,1225.0,1120.0,1120.0,-8.57,9781.0,11062127.4,-1,NBLD87
2026-07-28,1087.1,1088.0,1087.1,1088.0,-2.86,50.0,54377.5,1,NBLD87
2026-07-29,1100.0,1100.0,1100.0,1100.0,1.1,25.0,27500.0,0,NBLD87
2026-07-30,1090.0,1090.0,1090.0,1090.0,-0.91,25.0,27250.0,0,NBLD87
2026-08-06,1061.1,1061.1,1061.1,1061.1,-2.65,10.0,10611.0,0,NBLD87
2026-08-10,1092.0,1092.0,1092.0,1092.0,2.91,25.0,27300.0,0,NBLD87
2026-08-11,1075.3,1080.0,1075.3,1080.0,-1.1,50.0,53882.5,1,NBLD87
2026-08-12,1080.0,1080.0,1080.0,1074.0,-0.56,5.0,5370.0,-1,NBLD87
2026-07-13,1480.0,1510.0,1425.9,1485.0,-1.6,1324.0,1932785.6,1,NESDO
2026-07-14,1442.0,1500.0,1442.0,1495.0,0.67,976.0,1434257.9,1,NESDO
2026-07-15,1520.0,1520.0,1475.1,1499.8,0.32,221.0,329498.9,-1,NESDO
2026-07-16,1480.0,1480.0,1455.0,1466.0,-2.25,334.0,488281.0,-1,NESDO
2026-07-17,1509.9,1530.0,1493.1,1525.0,4.02,231.0,346414.0,1,NESDO
2026-07-20,1520.0,1525.0,1480.0,1524.0,-0.07,765.0,1147721.0,1,NESDO
2026-07-21,1548.0,1548.0,1502.0,1519.0,-0.33,897.0,1351076.0,-1,NESDO
2026-07-22,1502.0,1519.9,1502.0,1503.1,-1.05,314.0,471907.8,1,NESDO
2026-07-23,1544.2,1544.2,1500.0,1516.0,0.86,431.0,648724.2,-1,NESDO
2026-07-24,1516.0,1524.0,1501.0,1520.0,0.26,333.0,504657.0,1,NESDO
2026-07-27,1490.0,1510.0,1490.0,1505.0,-0.99,552.0,827660.0,1,NESDO
2026-07-28,1500.0,1505.0,1465.3,1500.0,-0.33,308.0,454461.0,0,NESDO
2026-07-29,1500.0,1529.0,1470.0,1500.0,0.0,371.0,555641.5,0,NESDO
2026-07-30,1480.0,1495.0,1470.2,1495.0,-0.33,972.0,1438196.8,1,NESDO
2026-07-31,1454.0,1495.0,1454.0,1495.0,0.0,436.0,642623.0,1,NESDO
2026-08-03,1470.0,1500.0,1466.0,1490.0,-0.33,202.0,298177.5,1,NESDO
2026-08-04,1456.5,1485.0,1445.3,1475.0,-1.01,505.0,735229.0,1,NESDO
2026-08-05,1460.0,1479.0,1460.0,1479.0,0.27,1037.0,1524423.0,1,NESDO
2026-08-06,1489.0,1490.0,1455.0,1469.0,-0.68,661.0,973737.1,-1,NESDO
2026-08-07,1455.0,1458.0,1439.5,1458.0,-0.75,774.0,1124410.0,1,NESDO
2026-08-10,1429.0,1459.9,1429.0,1458.0,0.0,187.0,268903.9,1,NESDO
2026-08-11,1450.0,1460.0,1445.0,1448.0,-0.69,508.0,737273.4,-1,NESDO
2026-08-12,1430.0,1450.0,1430.0,1450.0,0.14,917.0,1313225.2,1,NESDO
2026-07-13,566.5,582.7,555.0,560.1,-1.23,13966.0,7848584.3,-1,NFS
2026-07-14,561.0,572.0,550.0,565.8,1.02,11494.0,6451413.9,1,NFS
2026-07-15,574.0,590.9,568.0,569.0,0.57,10136.0,5859509.1,-1,NFS
2026-07-16,575.0,575.0,555.0,555.0,-2.46,11531.0,6474806.8,-1,NFS
2026-07-17,571.0,580.0,571.0,577.7,4.09,5529.0,3182863.3,1,NFS
2026-07-20,585.0,590.0,575.4,585.0,1.26,11713.0,6853081.2,0,NFS
2026-07-21,588.0,596.0,575.0,580.0,-0.85,11307.0,6621024.5,-1,NFS
2026-07-22,582.0,590.0,577.0,582.6,0.45,10990.0,6430431.1,1,NFS
2026-07-23,578.5,587.9,578.2,584.0,0.24,3795.0,2209962.9,1,NFS
2026-07-24,585.0,595.0,580.0,582.0,-0.34,13295.0,7765193.6,-1,NFS
2026-07-27,581.0,592.0,580.0,585.0,0.52,10778.0,6297580.4,1,NFS
2026-07-28,584.0,592.9,580.0,586.0,0.17,18187.0,10630703.9,1,NFS
2026-07-29,572.1,588.0,572.1,578.5,-1.28,7640.0,4444009.5,1,NFS
2026-07-30,577.1,580.0,571.5,575.0,-0.61,4385.0,2528997.7,-1,NFS
2026-07-31,582.0,582.0,572.0,576.0,0.17,2941.0,1689507.0,-1,NFS
2026-08-03,600.0,600.0,571.6,571.6,-0.76,5830.0,3368510.0,-1,NFS
2026-08-04,572.0,579.9,570.0,571.0,-0.1,12522.0,7173886.4,-1,NFS
2026-08-05,579.9,579.9,570.0,570.0,-0.18,2058.0,1174699.3,-1,NFS
2026-08-06,570.0,576.0,567.5,568.0,-0.35,1584.0,904287.0,-1,NFS
2026-08-07,568.0,575.0,566.2,567.4,-0.11,1379.0,782936.4,-1,NFS
2026-08-10,580.0,580.0,564.0,564.1,-0.58,3855.0,2181643.6,-1,NFS
2026-08-11,565.5,570.0,560.2,560.2,-0.69,6032.0,3407688.3,-1,NFS
2026-08-12,565.0,576.9,555.0,565.0,0.86,17373.0,9808872.4,0,NFS
2026-07-13,403.0,405.0,398.0,399.0,-1.94,129307.0,51830820.2,-1,NGPL
2026-07-14,404.0,409.0,393.5,400.3,0.33,138225.0,55258709.0,-1,NGPL
2026-07-15,403.1,408.8,400.0,402.0,0.42,117905.0,47467404.8,-1,NGPL
2026-07-16,406.0,406.0,394.0,398.0,-1.0,228603.0,90955021.8,-1,NGPL
2026-07-17,417.0,419.9,404.9,418.2,5.08,360263.0,148592066.6,1,NGPL
2026-07-20,419.9,434.9,418.0,428.8,2.53,251112.0,107520172.8,1,NGPL
2026-07-21,435.0,435.0,422.0,425.0,-0.89,174734.0,74628768.1,-1,NGPL
2026-07-22,404.0,428.5,404.0,423.4,-0.38,167493.0,70788931.7,1,NGPL
2026-07-23,424.0,424.0,417.4,419.0,-1.04,203489.0,85451049.5,-1,NGPL
2026-07-24,420.0,425.8,416.0,420.0,0.24,135494.0,56993070.6,0,NGPL
2026-07-27,416.1,422.0,412.2,413.0,-1.67,140559.0,58368873.7,-1,NGPL
2026-07-28,411.5,414.0,409.0,410.0,-0.73,125424.0,51519040.5,-1,NGPL
2026-07-29,411.0,413.8,407.6,409.9,-0.02,131658.0,54007317.8,-1,NGPL
2026-07-30,413.9,413.9,405.1,407.9,-0.49,82194.0,33442793.7,-1,NGPL
2026-07-31,425.0,425.0,403.5,408.1,0.05,148643.0,60559664.4,-1,NGPL
2026-08-03,400.0,413.0,400.0,407.2,-0.22,56271.0,23014549.1,1,NGPL
2026-08-04,405.6,409.9,403.0,406.0,-0.29,95593.0,38743229.3,1,NGPL
2026-08-05,411.0,411.0,404.0,407.0,0.25,69796.0,28394140.7,-1,NGPL
2026-08-06,409.9,416.0,408.2,412.8,1.43,139627.0,57515919.1,1,NGPL
2026-08-07,413.7,416.0,408.0,408.7,-0.99,74059.0,30373747.6,-1,NGPL
2026-08-10,408.0,410.8,405.0,408.5,-0.05,65637.0,26752842.3,1,NGPL
2026-08-11,409.8,424.0,407.0,421.0,3.06,427557.0,178658178.3,1,NGPL
2026-08-12,441.0,441.0,415.0,415.0,-1.43,255946.0,106969301.3,-1,NGPL
2026-07-13,631.0,631.0,627.0,627.0,-2.18,11015.0,6944085.1,-1,NHDL
2026-07-14,620.0,635.0,615.0,631.0,0.64,471.0,292773.7,1,NHDL
2026-07-15,645.0,645.0,630.0,639.0,1.27,2660.0,1677182.0,-1,NHDL
2026-07-16,639.0,639.0,606.3,630.9,-1.27,17638.0,11026619.7,-1,NHDL
2026-07-17,635.0,650.0,622.0,649.0,2.87,5959.0,3804119.1,1,NHDL
2026-07-20,649.0,654.0,644.0,650.0,0.15,4401.0,2853120.8,1,NHDL
2026-07-21,647.0,656.0,640.0,644.1,-0.91,4863.0,3147885.7,-1,NHDL
2026-07-22,626.0,658.0,626.0,646.0,0.29,38264.0,24102746.6,1,NHDL
2026-07-23,647.0,648.0,636.5,646.9,0.14,896.0,575568.6,-1,NHDL
2026-07-24,646.0,655.0,646.0,650.0,0.48,2976.0,1934716.5,1,NHDL
2026-07-27,645.5,646.0,637.0,639.0,-1.69,2457.0,1574022.5,-1,NHDL
2026-07-28,625.0,646.0,620.1,639.9,0.14,629.0,397374.6,1,NHDL
2026-07-29,633.0,639.6,621.0,630.0,-1.55,6118.0,3844444.5,-1,NHDL
2026-07-30,630.0,648.8,622.0,630.0,0.0,5389.0,3380448.8,0,NHDL
2026-07-31,630.0,647.0,630.0,647.0,2.7,5442.0,3464623.0,1,NHDL
2026-08-03,649.0,649.0,632.1,643.0,-0.62,1093.0,700380.9,-1,NHDL
2026-08-04,643.0,643.0,628.0,641.9,-0.17,4127.0,2611468.2,-1,NHDL
2026-08-05,643.0,644.0,631.1,644.0,0.33,1157.0,737048.4,1,NHDL
2026-08-06,644.0,644.0,632.1,641.0,-0.47,2636.0,1689997.8,-1,NHDL
2026-08-07,635.0,644.0,630.5,640.0,-0.16,3032.0,1930707.5,1,NHDL
2026-08-10,638.0,641.0,630.1,640.0,0.0,808.0,511491.7,1,NHDL
2026-08-11,635.0,643.0,630.3,640.0,0.0,1118.0,713778.1,1,NHDL
2026-08-12,631.0,642.0,631.0,642.0,0.31,1749.0,1118390.8,1,NHDL
2026-07-13,255.0,255.8,246.1,248.0,-1.98,163376.0,40828614.2,-1,NHPC
2026-07-14,251.9,253.6,240.0,247.5,-0.2,262303.0,64738820.5,-1,NHPC
2026-07-15,254.9,254.9,242.5,249.9,0.97,132466.0,33170138.7,-1,NHPC
2026-07-16,257.0,257.0,242.6,243.0,-2.76,169424.0,41844347.5,-1,NHPC
2026-07-17,245.9,270.0,245.9,269.0,10.7,426685.0,111691344.3,1,NHPC
2026-07-20,272.0,285.3,262.3,280.0,4.09,571209.0,158905152.3,1,NHPC
2026-07-21,285.0,287.0,277.0,282.9,1.04,659711.0,186191491.0,-1,NHPC
2026-07-22,297.0,297.0,280.0,285.4,0.88,559326.0,159769607.6,-1,NHPC
2026-07-23,299.0,299.0,281.1,284.0,-0.49,356524.0,101220418.3,-1,NHPC
2026-07-24,298.0,298.0,280.0,280.4,-1.27,320535.0,90692361.9,-1,NHPC
2026-07-27,272.0,282.0,267.0,269.9,-3.74,315028.0,86132254.1,-1,NHPC
2026-07-28,283.0,283.0,265.0,268.0,-0.7,255472.0,69046831.9,-1,NHPC
2026-07-29,260.0,273.0,260.0,267.6,-0.15,131662.0,35450748.7,1,NHPC
2026-07-30,260.0,274.0,260.0,265.0,-0.97,147186.0,39136899.0,1,NHPC
2026-07-31,260.0,271.8,260.0,269.4,1.66,164645.0,44107410.0,1,NHPC
2026-08-03,261.4,279.0,261.4,273.2,1.41,270002.0,74262194.7,1,NHPC
2026-08-04,273.2,283.8,270.2,279.0,2.12,594849.0,165700506.5,1,NHPC
2026-08-05,282.9,285.0,277.4,281.9,1.04,322098.0,90493660.3,-1,NHPC
2026-08-06,282.8,289.9,276.8,277.1,-1.7,683738.0,194285983.0,-1,NHPC
2026-08-07,263.3,280.0,263.3,273.0,-1.48,191698.0,52414130.6,1,NHPC
2026-08-10,260.0,278.0,260.0,272.2,-0.29,227236.0,62056913.5,1,NHPC
2026-08-11,273.0,278.9,272.0,273.7,0.55,201232.0,55171685.2,1,NHPC
2026-08-12,260.3,276.9,260.3,271.9,-0.66,123741.0,33632059.8,1,NHPC
2026-07-13,9.22,9.22,8.73,9.0,-5.26,2350.0,20905.0,-1,NIBLGF
2026-07-14,8.99,9.5,8.99,9.5,5.56,7300.0,68346.0,1,NIBLGF
2026-07-15,9.22,9.49,9.22,9.49,-0.11,200.0,1871.0,1,NIBLGF
2026-07-16,9.21,10.91,9.21,10.91,14.96,39150.0,380724.5,1,NIBLGF
2026-07-20,10.59,10.59,10.55,10.55,-3.3,530.0,5604.7,-1,NIBLGF
2026-07-21,10.24,10.24,9.41,9.78,-7.3,9000.0,87048.0,-1,NIBLGF
2026-07-22,9.49,9.5,9.49,9.5,-2.86,6100.0,57949.0,1,NIBLGF
2026-07-23,9.23,9.25,9.2,9.25,-2.63,2150.0,19865.5,1,NIBLGF
2026-07-24,8.99,9.5,8.99,9.22,-0.32,800.0,7381.0,1,NIBLGF
2026-07-27,9.65,9.65,9.22,9.22,0.0,27790.0,267134.6,-1,NIBLGF
2026-07-28,9.22,9.22,9.22,9.22,0.0,400.0,3688.0,0,NIBLGF
2026-07-29,9.11,9.11,9.11,9.11,-1.19,150.0,1366.5,0,NIBLGF
2026-07-30,9.0,9.0,9.0,9.0,-1.21,3150.0,28350.0,0,NIBLGF
2026-07-31,9.03,9.6,9.03,9.6,6.67,12500.0,117603.0,1,NIBLGF
2026-08-03,9.65,9.75,9.65,9.75,1.56,55000.0,531250.0,1,NIBLGF
2026-08-04,9.72,9.72,9.72,9.72,-0.31,200.0,1944.0,0,NIBLGF
2026-08-05,9.43,9.43,9.43,9.43,-2.98,100.0,943.0,0,NIBLGF
2026-08-06,9.16,9.5,9.16,9.25,-1.91,2800.0,25988.0,1,NIBLGF
2026-08-10,9.0,9.25,8.73,8.8,-4.86,450.0,4018.0,-1,NIBLGF
2026-08-11,8.81,9.02,8.8,8.88,0.91,2635.0,23236.35,1,NIBLGF
2026-08-12,8.9,9.15,8.89,8.89,0.11,201855.0,1797345.5,-1,NIBLGF
2026-07-13,8.72,9.11,8.15,8.42,-0.59,151627.0,1252239.55,-1,NIBLSTF
2026-07-14,8.67,9.07,8.6,9.07,7.72,28000.0,243999.0,1,NIBLSTF
2026-07-15,8.9,8.9,8.5,8.5,-6.28,93040.0,803911.4,-1,NIBLSTF
2026-07-16,8.92,9.45,8.3,9.04,6.35,36531.0,314008.48,1,NIBLSTF
2026-07-17,8.8,9.18,8.54,9.18,1.55,24400.0,213611.5,1,NIBLSTF
2026-07-20,8.91,9.16,8.9,8.91,-2.94,59800.0,532994.0,0,NIBLSTF
2026-07-21,8.66,8.91,8.66,8.67,-2.69,1500.0,13025.0,1,NIBLSTF
2026-07-22,8.7,8.8,8.56,8.6,-0.81,11900.0,104432.0,-1,NIBLSTF
2026-07-23,8.6,8.85,8.6,8.85,2.91,6740.0,59299.31,1,NIBLSTF
2026-07-24,8.85,8.85,8.64,8.8,-0.56,3286.0,28930.6,-1,NIBLSTF
2026-07-27,8.8,8.8,8.7,8.8,0.0,10400.0,90604.4,0,NIBLSTF
2026-07-28,8.7,8.9,8.66,8.8,0.0,1000.0,8802.0,1,NIBLSTF
2026-07-29,8.66,8.99,8.61,8.99,2.16,2627.0,22827.77,1,NIBLSTF
2026-07-30,8.73,8.77,8.52,8.77,-2.45,1201.0,10467.77,1,NIBLSTF
2026-07-31,8.89,8.89,8.62,8.62,-1.71,4373.0,38708.24,-1,NIBLSTF
2026-08-03,8.41,9.13,8.22,8.7,0.93,63800.0,569587.5,1,NIBLSTF
2026-08-04,8.6,8.81,8.4,8.81,1.26,8480.0,72767.8,1,NIBLSTF
2026-08-05,8.55,8.55,8.51,8.55,-2.95,690.0,5885.5,0,NIBLSTF
2026-08-06,8.3,8.79,8.3,8.79,2.81,17927.0,156035.52,1,NIBLSTF
2026-08-07,8.6,8.8,8.53,8.79,0.0,6700.0,58714.0,1,NIBLSTF
2026-08-10,8.55,8.55,8.5,8.54,-2.84,2610.0,22294.4,-1,NIBLSTF
2026-08-11,8.54,8.8,8.54,8.59,0.59,1200.0,10296.0,1,NIBLSTF
2026-08-12,8.5,8.75,8.5,8.55,-0.47,8722.0,76004.5,1,NIBLSTF
2026-07-13,8.86,8.97,8.45,8.46,-4.51,3702321.0,32239063.5,-1,NIBSF2
2026-07-14,8.71,8.8,8.51,8.7,2.84,37595.0,326090.85,-1,NIBSF2
2026-07-15,8.9,9.1,8.74,9.1,4.6,39455.0,349489.72,1,NIBSF2
2026-07-16,8.85,9.1,8.59,9.1,0.0,72200.0,636271.0,1,NIBSF2
2026-07-17,8.84,8.85,8.84,8.85,-2.75,3920.0,34688.8,1,NIBSF2
2026-07-20,8.7,9.0,8.7,9.0,1.69,13750.0,121105.0,1,NIBSF2
2026-07-21,8.73,9.0,8.73,9.0,0.0,23000.0,203681.0,1,NIBSF2
2026-07-22,8.81,9.05,8.81,8.82,-2.0,21918.0,193640.76,1,NIBSF2
2026-07-23,8.57,8.9,8.57,8.89,0.79,2826.0,24855.74,1,NIBSF2
2026-07-24,8.7,8.95,8.69,8.85,-0.45,13030.0,116224.5,1,NIBSF2
2026-07-27,9.1,9.1,8.57,8.87,0.23,4820.0,43526.0,-1,NIBSF2
2026-07-28,8.8,8.99,8.8,8.99,1.35,10650.0,94305.0,1,NIBSF2
2026-07-29,8.75,9.05,8.75,8.75,-2.67,9500.0,84641.0,0,NIBSF2
2026-07-30,8.55,8.8,8.54,8.8,0.57,10800.0,92374.0,1,NIBSF2
2026-07-31,9.0,9.0,8.8,8.8,0.0,8910.0,79415.0,-1,NIBSF2
2026-08-03,8.8,8.9,8.56,8.81,0.11,2910.0,25641.5,1,NIBSF2
2026-08-04,9.07,9.07,8.67,8.67,-1.59,5910.0,51754.7,-1,NIBSF2
2026-08-05,8.78,8.78,8.45,8.65,-0.23,5440.0,47315.2,-1,NIBSF2
2026-08-06,8.6,9.0,8.6,9.0,4.05,52174.0,468822.94,1,NIBSF2
2026-08-07,8.74,8.76,8.74,8.76,-2.67,600.0,5248.0,1,NIBSF2
2026-08-10,8.8,8.87,8.8,8.87,1.26,17400.0,153601.0,1,NIBSF2
2026-08-11,8.79,8.87,8.79,8.87,0.0,4100.0,36327.0,1,NIBSF2
2026-08-12,8.87,8.87,8.82,8.83,-0.45,800.0,7064.0,-1,NIBSF2
2026-07-13,330.0,330.0,320.0,323.4,-1.01,41983.0,13544210.6,-1,NICA
2026-07-14,329.0,329.0,320.0,324.2,0.25,24358.0,7875072.3,-1,NICA
2026-07-15,330.0,331.0,321.1,329.9,1.76,29988.0,9750741.5,-1,NICA
2026-07-16,330.0,331.0,325.0,325.1,-1.45,21138.0,6926183.0,-1,NICA
2026-07-17,331.0,341.9,327.0,339.7,4.49,43198.0,14423610.0,1,NICA
2026-07-20,323.0,348.0,323.0,342.1,0.71,73386.0,25121794.2,1,NICA
2026-07-21,325.0,349.0,325.0,342.0,-0.03,56528.0,19364349.1,1,NICA
2026-07-22,342.0,343.0,336.2,340.9,-0.32,45184.0,15386691.1,-1,NICA
2026-07-23,324.0,349.0,324.0,341.0,0.03,32463.0,10960211.2,1,NICA
2026-07-24,334.2,349.5,334.2,344.2,0.94,91081.0,31497386.8,1,NICA
2026-07-27,344.0,353.5,337.0,340.0,-1.22,138033.0,47617496.7,-1,NICA
2026-07-28,340.0,342.5,332.0,340.0,0.0,89521.0,30132749.1,0,NICA
2026-07-29,345.0,345.0,335.0,338.9,-0.32,37161.0,12537510.6,-1,NICA
2026-07-30,322.0,351.7,322.0,339.9,0.3,40428.0,13635510.3,1,NICA
2026-07-31,335.0,340.0,335.0,336.1,-1.12,26479.0,8932741.3,1,NICA
2026-08-03,320.0,356.3,320.0,337.9,0.54,49827.0,16776771.0,1,NICA
2026-08-04,354.7,354.7,330.0,330.0,-2.34,65240.0,21655072.8,-1,NICA
2026-08-05,346.5,346.5,313.5,329.1,-0.27,49029.0,16185634.1,-1,NICA
2026-08-06,329.2,332.0,325.0,327.9,-0.36,69912.0,22836619.3,-1,NICA
2026-08-07,327.0,327.0,325.0,326.0,-0.58,43627.0,14197388.9,-1,NICA
2026-08-10,326.0,326.9,325.0,325.0,-0.31,25167.0,8196710.2,-1,NICA
2026-08-11,325.0,328.0,325.0,326.0,0.31,25681.0,8370365.3,1,NICA
2026-08-12,330.0,334.0,325.0,325.1,-0.28,31814.0,10385643.1,-1,NICA
2026-07-13,9.01,9.01,8.98,8.98,-1.32,3000.0,26978.0,-1,NICBF
2026-07-15,9.24,9.24,9.24,9.24,2.9,800.0,7392.0,0,NICBF
2026-07-20,9.05,9.1,9.05,9.1,-1.52,1500.0,13625.0,1,NICBF
2026-07-21,9.08,9.1,9.08,9.1,0.0,2200.0,19980.0,1,NICBF
2026-07-22,9.1,9.1,9.1,9.1,0.0,400.0,3640.0,0,NICBF
2026-07-24,9.12,9.12,9.12,9.12,0.22,100.0,912.0,0,NICBF
2026-07-27,9.07,9.34,9.07,9.34,2.41,400.0,3682.0,1,NICBF
2026-07-31,9.5,9.5,9.5,9.5,1.71,1400.0,13300.0,0,NICBF
2026-08-03,9.4,9.4,9.4,9.4,-1.05,500.0,4700.0,0,NICBF
2026-08-04,9.12,9.12,9.02,9.02,-4.04,1500.0,13630.0,-1,NICBF
2026-08-05,9.15,9.2,9.15,9.2,2.0,10550.0,97055.0,1,NICBF
2026-08-06,9.07,9.1,9.07,9.1,-1.09,600.0,5452.0,1,NICBF
2026-08-07,9.1,9.57,9.1,9.57,5.16,1200.0,11410.0,1,NICBF
2026-08-10,9.57,9.57,9.3,9.3,-2.82,200.0,1887.0,-1,NICBF
2026-08-11,9.3,9.3,9.3,9.3,0.0,300.0,2790.0,0,NICBF
2026-08-12,9.5,9.5,9.2,9.2,-1.08,600.0,5670.0,-1,NICBF
2026-07-13,9.32,9.32,9.15,9.16,-4.58,1800.0,16727.0,-1,NICFC
2026-07-14,9.17,9.18,9.17,9.17,0.11,2600.0,23844.0,0,NICFC
2026-07-15,9.17,9.49,9.17,9.49,3.49,17270.0,162646.3,1,NICFC
2026-07-16,9.5,9.5,9.0,9.06,-4.53,2340.0,21409.98,-1,NICFC
2026-07-17,8.8,9.35,8.8,9.1,0.44,900.0,8236.0,1,NICFC
2026-07-20,9.1,9.37,8.93,9.3,2.2,1500.0,13800.0,1,NICFC
2026-07-21,9.5,9.5,9.03,9.03,-2.9,68780.0,652724.0,-1,NICFC
2026-07-22,9.0,9.27,9.0,9.27,2.66,1600.0,14700.0,1,NICFC
2026-07-23,9.02,9.1,9.02,9.1,-1.83,900.0,8154.0,1,NICFC
2026-07-24,9.1,9.45,9.1,9.2,1.1,10500.0,99127.0,1,NICFC
2026-07-27,9.01,9.46,9.0,9.46,2.83,23850.0,224580.51,1,NICFC
2026-07-28,9.2,9.22,9.11,9.22,-2.54,1700.0,15618.0,1,NICFC
2026-07-29,9.2,9.2,9.1,9.12,-1.08,4172.0,38047.64,-1,NICFC
2026-07-30,9.05,9.28,9.03,9.28,1.75,3100.0,28134.5,1,NICFC
2026-07-31,9.3,9.3,9.03,9.1,-1.94,1850.0,16845.5,-1,NICFC
2026-08-03,9.02,9.34,9.01,9.34,2.64,11200.0,101110.0,1,NICFC
2026-08-04,9.1,9.15,9.1,9.12,-2.36,800.0,7303.0,1,NICFC
2026-08-05,9.1,9.2,9.1,9.12,0.0,1599.0,14574.9,1,NICFC
2026-08-06,9.1,9.14,9.1,9.13,0.11,2100.0,19156.0,1,NICFC
2026-08-07,9.1,9.37,9.1,9.37,2.63,4800.0,44726.0,1,NICFC
2026-08-10,9.1,9.2,9.1,9.2,-1.81,6830.0,62514.0,1,NICFC
2026-08-11,9.1,9.2,9.1,9.2,0.0,900.0,8240.0,1,NICFC
2026-08-12,9.2,9.47,9.2,9.3,1.09,4529.0,42209.85,1,NICFC
2026-07-13,9.2,9.2,9.12,9.15,0.55,700.0,6406.0,-1,NICGF2
2026-07-14,9.0,9.38,9.0,9.38,2.51,8200.0,75038.0,1,NICGF2
2026-07-15,9.1,9.47,9.1,9.43,0.53,605.0,5670.15,1,NICGF2
2026-07-16,9.9,9.9,9.22,9.49,0.64,2680.0,25227.0,-1,NICGF2
2026-07-17,9.3,9.5,9.3,9.5,0.11,52027.0,494106.5,1,NICGF2
2026-07-20,9.22,9.35,9.15,9.35,-1.58,2000.0,18429.0,1,NICGF2
2026-07-21,9.1,9.37,9.1,9.1,-2.67,900.0,8298.0,0,NICGF2
2026-07-22,9.02,9.25,9.02,9.11,0.11,1000.0,9112.0,1,NICGF2
2026-07-23,9.0,9.28,9.0,9.28,1.87,1200.0,10933.0,1,NICGF2
2026-07-24,9.28,9.4,9.11,9.38,1.08,12300.0,115401.0,1,NICGF2
2026-07-27,9.55,9.55,9.27,9.27,-1.17,5100.0,47305.0,-1,NICGF2
2026-07-28,9.05,9.3,9.05,9.3,0.32,1900.0,17406.0,1,NICGF2
2026-07-29,9.05,9.2,9.05,9.14,-1.72,700.0,6397.0,1,NICGF2
2026-07-30,9.0,9.2,9.0,9.2,0.66,1600.0,14442.0,1,NICGF2
2026-07-31,9.0,9.04,9.0,9.04,-1.74,600.0,5420.0,1,NICGF2
2026-08-03,9.08,9.25,9.08,9.25,2.32,10900.0,100729.0,1,NICGF2
2026-08-04,9.02,9.2,9.02,9.12,-1.41,2900.0,26421.0,1,NICGF2
2026-08-05,9.04,9.05,9.04,9.05,-0.77,1600.0,14468.0,1,NICGF2
2026-08-06,8.85,9.18,8.85,9.18,1.44,2300.0,20943.0,1,NICGF2
2026-08-07,9.05,9.18,9.05,9.18,0.0,1010.0,9195.8,1,NICGF2
2026-08-10,9.0,9.23,9.0,9.23,0.54,5970.0,54819.1,1,NICGF2
2026-08-11,9.0,9.02,9.0,9.01,-2.38,1900.0,17124.0,1,NICGF2
2026-08-12,9.01,9.28,9.01,9.08,0.78,1590.0,14452.2,1,NICGF2
2026-07-13,520.0,520.0,501.3,503.0,-1.2,15007.0,7608115.2,-1,NICL
2026-07-14,503.0,507.0,497.1,505.0,0.4,6228.0,3126394.1,1,NICL
2026-07-15,515.0,515.0,505.6,509.0,0.79,9816.0,4994395.9,-1,NICL
2026-07-16,534.4,534.4,505.0,512.9,0.77,10117.0,5133325.5,-1,NICL
2026-07-17,520.0,527.0,517.1,524.8,2.32,9270.0,4851267.8,1,NICL
2026-07-20,523.0,537.7,522.0,532.0,1.37,15876.0,8393983.9,1,NICL
2026-07-21,538.4,538.4,523.0,525.9,-1.15,13979.0,7350036.5,-1,NICL
2026-07-22,525.0,526.0,519.0,519.0,-1.31,11570.0,6041617.2,-1,NICL
2026-07-23,519.0,524.0,513.0,520.0,0.19,11905.0,6147098.9,1,NICL
2026-07-24,525.0,530.0,513.7,520.0,0.0,14533.0,7620121.0,-1,NICL
2026-07-27,521.0,524.9,513.0,513.0,-1.35,7762.0,4023500.9,-1,NICL
2026-07-28,520.0,520.0,510.5,510.9,-0.41,12231.0,6267352.8,-1,NICL
2026-07-29,520.0,520.0,506.0,510.0,-0.18,24893.0,12676743.2,-1,NICL
2026-07-30,510.0,510.0,500.0,505.0,-0.98,22144.0,11167140.5,-1,NICL
2026-07-31,500.1,508.0,500.0,507.0,0.4,8107.0,4074211.1,1,NICL
2026-08-03,507.0,513.9,505.0,508.0,0.2,7848.0,3978328.5,1,NICL
2026-08-04,508.0,508.0,500.0,503.0,-0.98,16874.0,8451584.2,-1,NICL
2026-08-05,528.1,528.1,499.0,503.0,0.0,4567.0,2294148.0,-1,NICL
2026-08-06,505.0,514.9,499.0,500.0,-0.6,18496.0,9248838.2,-1,NICL
2026-08-07,513.4,513.4,495.0,499.0,-0.2,10404.0,5241963.3,-1,NICL
2026-08-10,508.7,508.7,495.5,506.9,1.58,26927.0,13598797.4,-1,NICL
2026-08-11,509.9,509.9,497.0,500.2,-1.32,14229.0,7154584.5,-1,NICL
2026-08-12,500.0,501.0,498.0,500.0,-0.04,2876.0,1437607.7,0,NICL
2026-07-13,560.0,560.0,545.0,545.0,-1.09,4919.0,2701585.3,-1,NICLBSL
2026-07-14,543.1,549.5,527.0,541.0,-0.73,7772.0,4175842.9,-1,NICLBSL
2026-07-15,552.0,552.0,537.0,544.0,0.55,1272.0,695141.3,-1,NICLBSL
2026-07-16,560.0,560.0,540.2,542.0,-0.37,4464.0,2423843.3,-1,NICLBSL
2026-07-17,554.9,572.6,548.0,572.6,5.65,7397.0,4148853.7,1,NICLBSL
2026-07-20,556.2,575.0,556.2,569.0,-0.63,5880.0,3348011.2,1,NICLBSL
2026-07-21,577.0,578.0,560.0,564.7,-0.76,5863.0,3314236.7,-1,NICLBSL
2026-07-22,559.0,564.9,555.0,564.9,0.04,3933.0,2199645.9,1,NICLBSL
2026-07-23,560.0,570.0,556.0,560.0,-0.87,5822.0,3253341.3,0,NICLBSL
2026-07-24,552.0,576.0,552.0,568.0,1.43,9403.0,5330033.5,1,NICLBSL
2026-07-27,560.0,568.4,559.9,562.0,-1.06,9570.0,5364561.2,1,NICLBSL
2026-07-28,558.0,562.0,552.0,560.0,-0.36,5273.0,2934355.7,1,NICLBSL
2026-07-29,555.0,560.0,552.3,558.0,-0.36,4106.0,2279220.1,1,NICLBSL
2026-07-30,556.0,556.0,550.0,552.0,-1.08,6307.0,3474066.9,-1,NICLBSL
2026-07-31,546.0,561.0,545.3,558.0,1.09,5387.0,2973157.9,1,NICLBSL
2026-08-03,560.0,570.0,556.0,559.0,0.18,8118.0,4566418.6,-1,NICLBSL
2026-08-04,559.0,559.0,549.2,554.0,-0.89,6498.0,3577781.4,-1,NICLBSL
2026-08-05,550.0,554.5,546.5,548.0,-1.08,4346.0,2385340.7,-1,NICLBSL
2026-08-06,546.1,551.0,546.1,549.0,0.18,999.0,549408.3,1,NICLBSL
2026-08-07,545.2,552.0,545.0,547.0,-0.36,7143.0,3906603.8,1,NICLBSL
2026-08-10,545.1,553.9,542.0,545.0,-0.37,5117.0,2784799.6,-1,NICLBSL
2026-08-11,547.0,550.0,545.0,545.2,0.04,3045.0,1662969.0,-1,NICLBSL
2026-08-12,540.0,554.9,540.0,548.5,0.61,5770.0,3170351.4,1,NICLBSL
2026-07-13,9.36,9.37,9.03,9.2,-1.6,3062450.0,28619837.5,-1,NICSF
2026-07-14,9.35,9.35,9.35,9.35,1.63,125000.0,1168750.0,0,NICSF
2026-07-15,9.07,9.07,8.91,9.0,-3.74,1600.0,14452.0,-1,NICSF
2026-07-16,9.0,9.2,9.0,9.1,1.11,2800.0,25470.0,1,NICSF
2026-07-17,9.1,9.26,9.0,9.26,1.76,2900.0,26555.0,1,NICSF
2026-07-20,9.0,9.4,9.0,9.27,0.11,1855.0,17102.5,1,NICSF
2026-07-21,9.01,9.2,8.74,9.0,-2.91,5550.0,50165.5,-1,NICSF
2026-07-22,9.01,9.2,9.0,9.0,0.0,7300.0,66778.0,-1,NICSF
2026-07-23,8.9,9.2,8.8,9.2,2.22,824.0,7490.8,1,NICSF
2026-07-24,9.2,9.2,8.93,9.2,0.0,11980.0,110005.0,0,NICSF
2026-07-27,8.93,9.0,8.81,9.0,-2.17,1200.0,10774.0,1,NICSF
2026-07-28,8.8,9.0,8.8,8.9,-1.11,22080.0,198657.0,1,NICSF
2026-07-29,9.0,9.0,8.92,8.95,0.56,6100.0,54558.0,-1,NICSF
2026-07-30,9.0,9.0,8.8,8.8,-1.68,6900.0,62010.0,-1,NICSF
2026-07-31,8.97,9.0,8.77,9.0,2.27,4420.0,39463.4,1,NICSF
2026-08-03,8.75,9.11,8.75,9.0,0.0,350000.0,3178180.0,1,NICSF
2026-08-04,9.0,9.0,8.8,8.8,-2.22,2300.0,20500.0,-1,NICSF
2026-08-05,8.8,8.8,8.52,8.8,0.0,5300.0,45823.0,0,NICSF
2026-08-06,8.6,8.6,8.56,8.56,-2.73,500.0,4296.0,-1,NICSF
2026-08-07,8.56,8.95,8.56,8.9,3.97,6700.0,59265.0,1,NICSF
2026-08-10,9.0,9.0,8.64,8.64,-2.92,15345.0,134916.0,-1,NICSF
2026-08-11,8.6,8.66,8.6,8.66,0.23,200.0,1726.0,1,NICSF
2026-08-12,8.8,9.0,8.8,8.83,1.96,33117.0,292477.94,1,NICSF
2026-07-13,245.0,248.0,243.1,244.0,-0.81,50878.0,12429941.3,-1,NIFRA
2026-07-14,240.0,246.6,240.0,244.5,0.2,37484.0,9135233.0,1,NIFRA
2026-07-15,248.9,248.9,244.1,245.0,0.2,32021.0,7881517.2,-1,NIFRA
2026-07-16,244.0,246.5,243.0,245.6,0.24,39713.0,9711397.1,1,NIFRA
2026-07-17,247.0,255.0,244.1,254.9,3.79,72653.0,18335462.8,1,NIFRA
2026-07-20,254.0,258.1,252.1,257.9,1.18,52428.0,13459544.8,1,NIFRA
2026-07-21,257.0,258.8,254.0,256.9,-0.39,90157.0,23133143.6,-1,NIFRA
2026-07-22,259.9,259.9,252.0,255.0,-0.74,46525.0,11825394.6,-1,NIFRA
2026-07-23,252.0,255.0,250.1,254.0,-0.39,84407.0,21286610.6,1,NIFRA
2026-07-24,251.5,257.0,251.5,255.0,0.39,80303.0,20501645.2,1,NIFRA
2026-07-27,256.0,258.0,252.0,254.0,-0.39,64540.0,16453434.4,-1,NIFRA
2026-07-28,252.0,254.0,250.9,251.5,-0.98,34669.0,8730928.4,-1,NIFRA
2026-07-29,251.0,254.4,250.0,250.1,-0.56,29582.0,7418133.5,-1,NIFRA
2026-07-30,250.0,251.0,247.1,248.0,-0.84,27905.0,6944776.2,-1,NIFRA
2026-07-31,246.2,249.9,246.2,249.1,0.44,43724.0,10873701.8,1,NIFRA
2026-08-03,248.1,252.0,247.0,247.0,-0.84,76079.0,18897183.7,-1,NIFRA
2026-08-04,248.0,249.6,245.0,246.2,-0.32,70806.0,17404452.9,-1,NIFRA
2026-08-05,233.9,249.9,233.9,247.0,0.32,43465.0,10744747.6,1,NIFRA
2026-08-06,245.0,249.0,245.0,246.0,-0.4,26888.0,6615093.2,1,NIFRA
2026-08-07,246.0,247.9,245.0,245.1,-0.37,40495.0,9952759.0,-1,NIFRA
2026-08-10,245.0,246.1,243.0,244.0,-0.45,49286.0,12026322.9,-1,NIFRA
2026-08-11,243.3,247.0,242.1,244.0,0.0,53381.0,12994554.4,1,NIFRA
2026-08-12,244.0,255.4,242.2,252.4,3.44,83476.0,20642267.2,1,NIFRA
2026-07-14,1040.0,1040.5,1040.0,1040.5,-0.9,50.0,52012.5,1,NIFRAGED
2026-07-15,1041.1,1043.3,1041.1,1043.3,0.27,75.0,78192.5,1,NIFRAGED
2026-07-20,1033.0,1034.0,1020.8,1020.8,-2.16,205.0,211524.0,-1,NIFRAGED
2026-07-21,1023.1,1030.0,1023.1,1030.0,0.9,130.0,133693.0,1,NIFRAGED
2026-07-22,1030.0,1030.0,1030.0,1030.0,0.0,487.0,501610.0,0,NIFRAGED
2026-07-23,1030.0,1030.0,1030.0,1030.0,0.0,25.0,25750.0,0,NIFRAGED
2026-07-27,1034.0,1034.0,1034.0,1034.0,0.39,50.0,51700.0,0,NIFRAGED
2026-07-28,1026.0,1026.0,1026.0,1026.0,-0.77,25.0,25650.0,0,NIFRAGED
2026-07-30,1026.0,1026.0,1026.0,1026.0,0.0,25.0,25650.0,0,NIFRAGED
2026-08-03,1026.0,1026.2,1026.0,1026.2,0.02,75.0,76960.0,1,NIFRAGED
2026-08-05,1028.0,1028.0,1028.0,1028.0,0.18,25.0,25700.0,0,NIFRAGED
2026-08-06,1028.0,1028.0,1028.0,1028.0,0.0,30.0,30840.0,0,NIFRAGED
2026-08-07,1046.0,1050.0,1030.0,1030.0,0.19,1589.0,1662185.0,-1,NIFRAGED
2026-08-12,1020.0,1020.0,1020.0,1020.0,-0.97,25.0,25500.0,0,NIFRAGED
2026-07-13,620.0,625.0,605.0,605.0,-1.61,12438.0,7595922.8,-1,NIL
2026-07-14,602.09,615.8,600.0,614.0,1.49,4501.0,2726065.9,1,NIL
2026-07-15,600.1,625.0,600.1,609.0,-0.81,1697.0,1043198.1,1,NIL
2026-07-16,609.0,614.0,607.0,610.0,0.16,3627.0,2215510.2,1,NIL
2026-07-17,621.9,632.0,615.0,632.0,3.61,5801.0,3592552.7,1,NIL
2026-07-20,620.0,644.0,615.4,635.4,0.54,7086.0,4495490.1,1,NIL
2026-07-21,645.0,645.0,630.0,635.0,-0.06,6177.0,3912965.2,-1,NIL
2026-07-22,639.9,647.9,630.0,631.1,-0.61,13854.0,8826875.5,-1,NIL
2026-07-23,632.0,632.0,617.2,629.9,-0.19,1431.0,893553.5,-1,NIL
2026-07-24,627.0,639.9,627.0,630.0,0.02,4967.0,3132092.0,1,NIL
2026-07-27,625.0,640.0,619.2,625.1,-0.78,12368.0,7727264.6,1,NIL
2026-07-28,625.0,638.0,618.1,622.0,-0.5,3171.0,1972401.5,-1,NIL
2026-07-29,622.0,625.0,616.0,617.5,-0.72,3576.0,2209177.3,-1,NIL
2026-07-30,636.0,636.0,618.0,618.1,0.1,1845.0,1142535.8,-1,NIL
2026-07-31,618.1,624.0,618.0,620.0,0.31,1668.0,1032801.9,1,NIL
2026-08-03,620.0,630.0,616.0,624.0,0.65,10157.0,6309575.3,1,NIL
2026-08-04,616.2,624.0,616.1,619.5,-0.72,9650.0,5975375.3,1,NIL
2026-08-05,619.5,620.0,617.0,617.1,-0.39,4926.0,3046318.3,-1,NIL
2026-08-06,615.0,619.0,605.5,615.1,-0.32,5407.0,3324770.3,1,NIL
2026-08-07,615.0,618.0,600.0,615.9,0.13,8458.0,5182439.7,1,NIL
2026-08-10,616.0,630.1,611.1,612.0,-0.63,4608.0,2822098.4,-1,NIL
2026-08-11,620.0,620.0,602.2,606.0,-0.98,4496.0,2739711.0,-1,NIL
2026-08-12,606.0,615.0,603.1,606.2,0.03,6410.0,3882355.4,1,NIL
2026-07-13,199.8,199.8,188.0,188.1,-1.16,166988.0,31583334.6,-1,NIMB
2026-07-14,188.5,191.2,187.5,189.1,0.53,118057.0,22381140.5,1,NIMB
2026-07-15,193.0,193.0,189.3,191.0,1.0,109105.0,20819299.6,-1,NIMB
2026-07-16,190.0,193.0,189.0,190.0,-0.52,94936.0,18072158.4,0,NIMB
2026-07-17,195.0,197.0,190.0,196.4,3.37,93380.0,18226647.9,1,NIMB
2026-07-20,187.0,200.0,187.0,198.0,0.81,138065.0,27297164.1,1,NIMB
2026-07-21,201.0,201.0,197.0,198.5,0.25,169137.0,33553860.3,-1,NIMB
2026-07-22,196.0,198.8,195.3,197.0,-0.76,61972.0,12205754.9,1,NIMB
2026-07-23,190.0,201.0,190.0,198.4,0.71,69542.0,13682696.4,1,NIMB
2026-07-24,198.0,206.0,196.0,204.2,2.92,461662.0,93878220.4,1,NIMB
2026-07-27,194.0,213.0,194.0,203.0,-0.59,460463.0,95284892.3,1,NIMB
2026-07-28,203.0,206.0,201.0,202.8,-0.1,98021.0,19857278.6,-1,NIMB
2026-07-29,203.0,203.8,199.1,199.5,-1.63,129373.0,26039530.5,-1,NIMB
2026-07-30,190.0,204.0,190.0,199.0,-0.25,107356.0,21232202.2,1,NIMB
2026-07-31,189.1,201.0,189.1,199.7,0.35,140620.0,27994962.7,1,NIMB
2026-08-03,190.0,204.2,190.0,200.8,0.55,168350.0,34059912.1,1,NIMB
2026-08-04,200.0,201.9,198.1,198.5,-1.15,69154.0,13742426.8,-1,NIMB
2026-08-05,206.0,206.0,195.1,196.5,-1.01,98719.0,19431756.9,-1,NIMB
2026-08-06,206.3,206.3,195.0,195.9,-0.31,119875.0,23458821.4,-1,NIMB
2026-08-07,196.1,197.9,193.1,195.0,-0.46,75911.0,14752429.6,-1,NIMB
2026-08-10,195.0,195.0,192.8,192.9,-1.08,82067.0,15867912.5,-1,NIMB
2026-08-11,183.3,195.5,183.3,193.3,0.21,162254.0,31324982.7,1,NIMB
2026-08-12,201.0,201.0,192.0,193.1,-0.1,47338.0,9156888.2,-1,NIMB
2026-07-13,139.1,143.1,139.0,143.1,2.95,327.0,45504.0,1,NIMBPO
2026-07-14,139.7,141.0,139.7,141.0,-1.47,5761.0,804849.7,1,NIMBPO
2026-07-15,143.0,143.0,143.0,143.0,1.42,5043.0,721149.0,0,NIMBPO
2026-07-17,146.0,147.0,144.0,147.0,2.8,3520.0,517249.0,1,NIMBPO
2026-07-20,149.0,149.0,141.2,141.3,-3.88,20147.0,2891544.0,-1,NIMBPO
2026-07-21,145.5,148.9,145.5,146.0,3.33,794.0,117090.5,1,NIMBPO
2026-07-22,148.7,148.7,147.0,147.0,0.68,27505.0,4043287.0,-1,NIMBPO
2026-07-23,142.6,145.0,142.6,145.0,-1.36,4030.0,580556.3,1,NIMBPO
2026-07-24,145.0,147.7,141.0,145.1,0.07,9857.0,1418002.7,1,NIMBPO
2026-07-27,149.2,149.2,144.4,144.4,-0.48,3405.0,495450.0,-1,NIMBPO
2026-07-28,144.4,144.4,142.7,142.7,-1.18,1481.0,211965.0,-1,NIMBPO
2026-07-29,145.9,145.9,143.2,143.4,0.49,8519.0,1220596.8,-1,NIMBPO
2026-07-30,144.1,144.1,143.8,143.8,0.28,5000.0,719643.0,-1,NIMBPO
2026-07-31,144.0,147.9,143.7,147.0,2.23,25555.0,3689189.5,1,NIMBPO
2026-08-03,143.0,147.0,143.0,145.5,-1.02,91655.0,13390653.1,1,NIMBPO
2026-08-04,145.0,146.0,144.0,144.0,-1.03,43678.0,6311958.8,-1,NIMBPO
2026-08-05,143.3,143.6,143.3,143.6,-0.28,1119.0,160682.1,1,NIMBPO
2026-08-06,144.0,147.9,142.0,142.0,-1.11,27298.0,3998431.6,-1,NIMBPO
2026-08-07,145.9,148.0,142.1,145.0,2.11,27255.0,3977817.5,-1,NIMBPO
2026-08-10,142.5,147.0,141.9,144.0,-0.69,17955.0,2589160.0,1,NIMBPO
2026-08-11,144.0,144.0,144.0,144.0,0.0,1.0,139.9,0,NIMBPO
2026-08-12,143.1,143.1,140.0,141.0,-2.08,16572.0,2327951.6,-1,NIMBPO
2026-07-13,570.0,570.0,555.0,565.0,-0.84,56368.0,31825592.5,-1,NLG
2026-07-14,580.0,580.0,546.0,575.0,1.77,11306.0,6268742.1,-1,NLG
2026-07-15,575.0,583.0,570.0,574.5,-0.09,4425.0,2558242.4,-1,NLG
2026-07-16,603.0,603.0,555.5,558.0,-2.87,9654.0,5443973.3,-1,NLG
2026-07-17,565.0,598.0,565.0,578.1,3.6,37975.0,21947457.6,1,NLG
2026-07-20,589.9,606.6,588.0,603.0,4.31,20230.0,12029134.1,1,NLG
2026-07-21,600.0,604.0,588.0,598.0,-0.83,21712.0,12910623.0,-1,NLG
2026-07-22,600.0,610.0,588.1,594.0,-0.67,18309.0,10956641.1,-1,NLG
2026-07-23,588.0,595.0,582.0,595.0,0.17,17184.0,10104966.6,1,NLG
2026-07-24,608.8,609.0,595.0,603.9,1.5,10772.0,6445811.2,-1,NLG
2026-07-27,603.0,603.0,589.0,589.0,-2.47,8393.0,4971280.8,-1,NLG
2026-07-28,571.7,595.0,571.4,592.0,0.51,5855.0,3409316.6,1,NLG
2026-07-29,589.0,590.0,578.1,590.0,-0.34,10656.0,6209997.7,1,NLG
2026-07-30,580.0,585.0,574.0,584.0,-1.02,5555.0,3196590.7,1,NLG
2026-07-31,571.1,585.0,570.0,584.0,0.0,11493.0,6570093.0,1,NLG
2026-08-03,567.3,584.3,567.3,579.0,-0.86,3859.0,2225578.6,1,NLG
2026-08-04,571.0,579.0,565.0,574.9,-0.71,8567.0,4865711.4,1,NLG
2026-08-05,585.0,585.0,567.6,585.0,1.76,4054.0,2321727.8,0,NLG
2026-08-06,575.0,585.5,565.0,567.0,-3.08,8218.0,4668385.1,-1,NLG
2026-08-07,551.0,573.0,551.0,570.0,0.53,1670.0,944066.2,1,NLG
2026-08-10,565.2,574.9,563.5,568.0,-0.35,1499.0,846444.1,1,NLG
2026-08-11,575.0,579.9,564.1,566.0,-0.35,9060.0,5132226.0,-1,NLG
2026-08-12,559.0,571.0,555.0,571.0,0.88,13229.0,7397940.4,1,NLG
2026-07-13,758.0,758.0,739.0,739.0,-0.27,18141.0,13445042.0,-1,NLIC
2026-07-14,775.0,775.0,738.0,740.2,0.16,14987.0,11100382.9,-1,NLIC
2026-07-15,740.1,759.9,739.0,743.9,0.5,43876.0,32644064.3,1,NLIC
2026-07-16,781.0,781.0,740.0,749.8,0.79,18816.0,13991176.3,-1,NLIC
2026-07-17,745.0,769.9,734.3,769.9,2.68,16890.0,12813761.4,1,NLIC
2026-07-20,760.0,775.0,760.0,768.2,-0.22,25005.0,19196168.7,1,NLIC
2026-07-21,806.0,806.0,761.1,773.9,0.74,26947.0,20702110.3,-1,NLIC
2026-07-22,772.0,772.0,761.5,764.0,-1.28,13922.0,10653401.6,-1,NLIC
2026-07-23,802.0,802.0,760.1,763.0,-0.13,21570.0,16479324.2,-1,NLIC
2026-07-24,766.8,770.5,763.0,769.0,0.79,32030.0,24553269.4,1,NLIC
2026-07-27,769.0,773.9,754.0,758.0,-1.43,19115.0,14597306.9,-1,NLIC
2026-07-28,769.0,769.0,750.0,755.1,-0.38,16667.0,12554430.7,-1,NLIC
2026-07-29,748.1,766.5,748.1,750.0,-0.68,5470.0,4117293.4,1,NLIC
2026-07-30,760.0,760.0,747.1,752.0,0.27,9676.0,7247839.3,-1,NLIC
2026-07-31,754.0,759.9,747.0,759.8,1.04,11910.0,8940815.1,1,NLIC
2026-08-03,751.0,760.0,751.0,759.9,0.01,22489.0,17047046.2,1,NLIC
2026-08-04,758.0,758.0,750.0,753.0,-0.91,9845.0,7413489.6,-1,NLIC
2026-08-05,749.0,750.0,745.0,748.7,-0.57,10936.0,8177848.3,-1,NLIC
2026-08-06,747.0,750.0,740.0,743.8,-0.65,31459.0,23364241.1,-1,NLIC
2026-08-07,743.8,744.0,739.5,739.8,-0.54,18768.0,13897272.9,-1,NLIC
2026-08-10,739.0,743.0,737.5,738.0,-0.24,18658.0,13781957.5,-1,NLIC
2026-08-11,738.0,750.0,736.1,738.0,0.0,28028.0,20707898.7,0,NLIC
2026-08-12,742.0,742.0,736.0,738.8,0.11,14922.0,11001849.5,-1,NLIC
2026-07-13,582.0,582.0,568.0,570.0,-0.52,46092.0,26315267.4,-1,NLICL
2026-07-14,570.0,572.0,567.0,571.0,0.18,7835.0,4463410.0,1,NLICL
2026-07-15,579.0,580.0,570.0,580.0,1.58,8530.0,4910449.7,1,NLICL
2026-07-16,609.0,622.0,570.0,579.0,-0.17,68074.0,42046621.5,-1,NLICL
2026-07-17,565.1,590.5,565.1,588.0,1.55,15841.0,9223430.3,1,NLICL
2026-07-20,585.0,595.0,585.0,590.0,0.34,9262.0,5454211.8,1,NLICL
2026-07-21,590.0,596.0,580.0,594.0,0.68,11954.0,7041717.8,1,NLICL
2026-07-22,594.0,594.0,580.5,589.0,-0.84,2245.0,1314724.0,-1,NLICL
2026-07-23,580.6,590.0,577.0,583.0,-1.02,6968.0,4084626.7,1,NLICL
2026-07-24,583.0,600.0,580.0,588.0,0.86,76294.0,44407774.8,1,NLICL
2026-07-27,588.0,605.0,581.3,581.3,-1.14,31299.0,18535057.6,-1,NLICL
2026-07-28,584.5,585.0,577.0,578.0,-0.57,2003.0,1163472.0,-1,NLICL
2026-07-29,606.9,606.9,579.1,580.0,0.35,5796.0,3403051.4,-1,NLICL
2026-07-30,584.5,608.0,570.0,570.0,-1.72,33209.0,19518390.9,-1,NLICL
2026-07-31,587.0,587.0,560.1,560.1,-1.74,52877.0,30049652.1,-1,NLICL
2026-08-03,566.0,579.0,564.0,572.0,2.12,36736.0,20894752.4,1,NLICL
2026-08-04,565.0,579.9,565.0,571.3,-0.12,15927.0,9120377.5,1,NLICL
2026-08-05,572.0,572.0,569.5,570.0,-0.23,12252.0,6987312.0,-1,NLICL
2026-08-06,562.0,575.0,562.0,570.0,0.0,7846.0,4464824.0,1,NLICL
2026-08-07,570.0,570.0,562.0,562.0,-1.4,16965.0,9596044.1,-1,NLICL
2026-08-10,563.0,568.0,561.0,567.0,0.89,8653.0,4878635.6,1,NLICL
2026-08-11,568.0,569.0,565.0,567.0,0.0,10114.0,5731777.0,-1,NLICL
2026-08-12,569.5,569.9,564.0,565.0,-0.35,7501.0,4243411.2,-1,NLICL
2026-07-13,240.0,240.0,235.0,235.9,-0.25,24649.0,5805835.1,-1,NMB
2026-07-14,235.0,238.4,234.0,235.0,-0.38,29198.0,6873442.6,0,NMB
2026-07-15,237.0,239.8,235.3,236.6,0.68,115664.0,27455144.6,-1,NMB
2026-07-16,241.5,241.5,236.1,239.5,1.23,13630.0,3239543.4,-1,NMB
2026-07-17,241.6,245.9,237.0,245.0,2.3,24088.0,5863204.6,1,NMB
2026-07-20,233.0,247.0,233.0,246.0,0.41,52880.0,12928566.8,1,NMB
2026-07-21,246.0,247.3,243.2,244.9,-0.45,45808.0,11230280.3,-1,NMB
2026-07-22,243.0,245.7,240.7,243.9,-0.41,31540.0,7687434.1,1,NMB
2026-07-23,232.0,245.0,232.0,243.1,-0.33,26596.0,6467159.2,1,NMB
2026-07-24,241.8,249.0,241.8,247.1,1.65,60861.0,15022524.2,1,NMB
2026-07-27,235.0,268.0,235.0,250.2,1.25,178915.0,45956878.6,1,NMB
2026-07-28,237.9,251.0,237.9,249.2,-0.4,33409.0,8316922.3,1,NMB
2026-07-29,247.0,252.0,247.0,248.0,-0.48,45491.0,11326413.5,1,NMB
2026-07-30,246.0,253.0,246.0,248.6,0.24,29716.0,7359724.2,1,NMB
2026-07-31,250.0,250.0,245.1,249.9,0.52,31804.0,7898569.7,-1,NMB
2026-08-03,237.5,253.0,237.5,248.0,-0.76,85413.0,21306777.1,1,NMB
2026-08-04,253.0,253.0,245.0,247.0,-0.4,85512.0,21171147.2,-1,NMB
2026-08-05,252.0,252.0,245.5,246.5,-0.2,31890.0,7858034.8,-1,NMB
2026-08-06,247.1,247.1,241.1,243.9,-1.05,67206.0,16390657.5,-1,NMB
2026-08-07,242.0,245.0,240.1,243.1,-0.33,49980.0,12156268.2,1,NMB
2026-08-10,243.1,247.0,241.2,243.0,-0.04,21182.0,5137675.4,-1,NMB
2026-08-11,243.0,243.4,242.0,243.3,0.12,19775.0,4801715.7,1,NMB
2026-08-12,251.0,251.0,241.3,242.9,-0.16,34208.0,8290214.4,-1,NMB
2026-07-13,10.49,10.49,10.45,10.49,2.34,3100.0,32479.0,0,NMB50
2026-07-16,10.19,10.22,10.18,10.18,-2.96,14700.0,149896.0,-1,NMB50
2026-07-17,10.45,10.6,10.4,10.6,4.13,23850.0,250899.75,1,NMB50
2026-07-20,10.89,10.9,10.6,10.88,2.64,45355.0,492647.81,-1,NMB50
2026-07-21,10.56,10.66,10.56,10.66,-2.02,25612.0,271362.72,1,NMB50
2026-07-22,10.7,10.75,10.43,10.43,-2.16,10200.0,109319.45,-1,NMB50
2026-07-24,10.3,10.6,10.3,10.6,1.63,918.0,9618.9,1,NMB50
2026-07-27,10.74,10.74,10.42,10.42,-1.7,619.0,6488.06,-1,NMB50
2026-07-28,10.42,10.42,10.35,10.35,-0.67,4450.0,46118.0,-1,NMB50
2026-07-29,10.59,10.59,10.59,10.59,2.32,500.0,5295.0,0,NMB50
2026-07-30,10.75,10.75,10.43,10.69,0.94,1200.0,12574.0,-1,NMB50
2026-07-31,10.69,10.69,10.39,10.39,-2.81,7385.0,77148.65,-1,NMB50
2026-08-03,10.55,10.6,10.5,10.5,1.06,32115.0,339832.25,-1,NMB50
2026-08-04,10.5,10.6,10.5,10.6,0.95,20717.0,219550.2,1,NMB50
2026-08-05,10.5,10.5,10.43,10.43,-1.6,7655.0,80321.15,-1,NMB50
2026-08-06,10.32,10.6,10.32,10.6,1.63,4900.0,51609.5,1,NMB50
2026-08-07,10.7,10.7,10.38,10.38,-2.08,7283.0,76275.54,-1,NMB50
2026-08-10,10.38,10.6,10.38,10.41,0.29,435.0,4570.0,1,NMB50
2026-07-13,9.58,9.62,9.51,9.51,-2.76,10001600.0,96045296.8,-1,NMBHF2
2026-07-14,9.51,9.55,9.51,9.55,0.42,1910.0,18184.1,1,NMBHF2
2026-07-15,9.5,9.55,9.4,9.4,-1.57,1800.0,17090.0,-1,NMBHF2
2026-07-16,9.5,10.13,9.47,10.13,7.77,79180.0,772151.6,1,NMBHF2
2026-07-17,9.93,9.93,9.55,9.56,-5.63,8650.0,84723.0,-1,NMBHF2
2026-07-20,9.5,9.77,9.45,9.77,2.2,8620.0,83776.23,1,NMBHF2
2026-07-21,9.58,9.75,9.57,9.7,-0.72,26800.0,259893.23,1,NMBHF2
2026-07-22,9.52,9.65,9.52,9.6,-1.03,2250.0,21529.5,1,NMBHF2
2026-07-23,9.84,9.84,9.56,9.7,1.04,3600.0,34814.0,-1,NMBHF2
2026-07-24,9.58,9.77,9.56,9.77,0.72,1973.0,19068.07,1,NMBHF2
2026-07-27,9.81,9.84,9.59,9.77,0.0,126205.0,1237098.94,-1,NMBHF2
2026-07-28,9.6,9.77,9.57,9.61,-1.64,2300.0,22249.0,1,NMBHF2
2026-07-29,9.58,9.78,9.58,9.58,-0.31,80624.0,787316.98,0,NMBHF2
2026-07-30,9.58,9.75,9.58,9.75,1.77,1800.0,17386.0,1,NMBHF2
2026-07-31,9.58,9.76,9.58,9.59,-1.64,8121.0,79019.96,1,NMBHF2
2026-08-03,9.58,9.77,9.5,9.77,1.88,14041.0,135543.07,1,NMBHF2
2026-08-04,9.5,9.65,9.5,9.65,-1.23,900.0,8652.0,1,NMBHF2
2026-08-05,9.7,9.7,9.51,9.65,0.0,7110.0,68388.1,-1,NMBHF2
2026-08-06,9.53,9.6,9.53,9.6,-0.52,2800.0,26847.0,1,NMBHF2
2026-08-07,9.53,9.7,9.53,9.7,1.04,16200.0,156413.0,1,NMBHF2
2026-08-10,9.6,9.6,9.53,9.54,-1.65,1400.0,13373.0,-1,NMBHF2
2026-08-11,9.56,9.57,9.54,9.57,0.31,2200.0,21023.0,1,NMBHF2
2026-08-12,9.5,9.57,9.5,9.55,-0.21,1200.0,11464.0,1,NMBHF2
2026-07-13,595.0,604.9,595.0,595.0,-0.67,1265.0,756136.7,0,NMBMF
2026-07-14,588.0,601.0,585.0,599.9,0.82,900.0,531893.9,1,NMBMF
2026-07-15,582.0,610.0,582.0,595.3,-0.77,808.0,483340.0,1,NMBMF
2026-07-16,606.6,606.6,590.0,593.0,-0.39,1175.0,695347.0,-1,NMBMF
2026-07-17,605.0,630.0,605.0,626.0,5.56,4156.0,2566690.6,1,NMBMF
2026-07-20,630.0,630.0,622.1,629.0,0.48,896.0,561568.0,-1,NMBMF
2026-07-21,620.0,629.0,620.0,629.0,0.0,1560.0,973407.0,1,NMBMF
2026-07-22,615.1,633.5,615.1,621.0,-1.27,3344.0,2101937.2,1,NMBMF
2026-07-23,612.4,635.0,612.4,635.0,2.25,2174.0,1371295.7,1,NMBMF
2026-07-24,622.0,642.9,622.0,640.0,0.79,4969.0,3154380.4,1,NMBMF
2026-07-27,625.0,639.5,625.0,636.0,-0.63,747.0,467612.0,1,NMBMF
2026-07-28,624.0,633.9,620.0,633.9,-0.33,910.0,566153.0,1,NMBMF
2026-07-29,630.0,635.5,616.5,631.0,-0.46,228.0,141636.5,1,NMBMF
2026-07-30,622.0,628.0,620.0,627.9,-0.49,279.0,173539.0,1,NMBMF
2026-07-31,610.2,623.9,610.1,616.0,-1.9,430.0,264232.0,1,NMBMF
2026-08-03,626.0,626.0,616.0,625.0,1.46,510.0,316273.0,-1,NMBMF
2026-08-04,607.1,619.9,606.3,619.0,-0.96,760.0,461641.0,1,NMBMF
2026-08-05,610.0,617.9,602.6,617.9,-0.18,1535.0,929593.7,1,NMBMF
2026-08-06,601.0,614.7,600.2,614.7,-0.52,96.0,57812.2,1,NMBMF
2026-08-07,600.4,616.9,600.3,616.0,0.21,707.0,425077.5,1,NMBMF
2026-08-10,607.0,615.0,602.5,602.5,-2.19,296.0,180429.0,-1,NMBMF
2026-08-11,602.5,612.9,601.1,601.2,-0.22,565.0,341119.2,-1,NMBMF
2026-08-12,600.0,610.0,599.0,599.0,-0.37,1699.0,1024588.0,-1,NMBMF
2026-07-13,1110.0,1110.0,1102.6,1104.1,-0.18,966.0,1066960.7,-1,NMFBS
2026-07-14,1100.0,1109.9,1086.5,1107.0,0.26,6851.0,7529982.9,1,NMFBS
2026-07-15,1145.0,1153.0,1101.1,1107.0,0.0,1724.0,1910490.1,-1,NMFBS
2026-07-16,1109.0,1110.0,1101.0,1102.0,-0.45,1333.0,1472905.7,-1,NMFBS
2026-07-17,1105.1,1129.7,1102.0,1128.0,2.36,3343.0,3727339.6,1,NMFBS
2026-07-20,1140.0,1140.0,1130.0,1139.0,0.98,4192.0,4754999.6,-1,NMFBS
2026-07-21,1140.0,1140.0,1124.0,1130.0,-0.79,1814.0,2053209.3,-1,NMFBS
2026-07-22,1130.0,1130.1,1121.3,1130.0,0.0,2452.0,2768200.9,0,NMFBS
2026-07-23,1125.0,1140.0,1125.0,1130.0,0.0,7064.0,7985370.4,1,NMFBS
2026-07-24,1117.5,1145.0,1117.5,1131.0,0.09,1642.0,1868546.0,1,NMFBS
2026-07-27,1131.0,1150.0,1121.8,1126.0,-0.44,4027.0,4576502.0,-1,NMFBS
2026-07-28,1130.0,1130.0,1120.0,1125.0,-0.09,1845.0,2079118.9,-1,NMFBS
2026-07-29,1120.0,1130.0,1117.1,1120.0,-0.44,2307.0,2585062.6,0,NMFBS
2026-07-30,1115.0,1120.0,1115.0,1116.0,-0.36,1277.0,1424570.5,1,NMFBS
2026-07-31,1116.0,1125.0,1111.1,1120.0,0.36,2463.0,2756646.2,1,NMFBS
2026-08-03,1120.0,1120.0,1113.0,1113.4,-0.59,4457.0,4980451.0,-1,NMFBS
2026-08-04,1113.4,1119.9,1110.0,1110.0,-0.31,1425.0,1585878.78,-1,NMFBS
2026-08-05,1110.0,1110.0,1102.1,1107.8,-0.2,1913.0,2116429.4,-1,NMFBS
2026-08-06,1105.1,1115.0,1104.5,1105.0,-0.25,3282.0,3629409.9,-1,NMFBS
2026-08-07,1106.0,1111.0,1101.3,1101.4,-0.33,7110.0,7846058.6,-1,NMFBS
2026-08-10,1098.0,1104.5,1091.3,1104.0,0.24,1058.0,1162536.9,1,NMFBS
2026-08-11,1127.9,1127.9,1100.0,1104.0,0.0,1893.0,2089730.3,-1,NMFBS
2026-08-12,1101.0,1125.0,1101.0,1115.0,1.0,3265.0,3629734.5,1,NMFBS
2026-07-13,900.1,910.0,885.0,885.0,-2.96,5163.0,4610883.9,-1,NMIC
2026-07-14,881.0,900.1,860.0,887.0,0.23,3254.0,2854140.5,1,NMIC
2026-07-15,872.0,910.0,872.0,899.0,1.35,1427.0,1278950.0,1,NMIC
2026-07-16,880.0,900.0,880.0,889.9,-1.01,3020.0,2675017.4,1,NMIC
2026-07-17,913.0,940.0,893.2,939.8,5.61,2382.0,2195168.4,1,NMIC
2026-07-20,932.0,973.9,930.0,964.0,2.58,5428.0,5228029.9,1,NMIC
2026-07-21,979.9,985.0,950.9,959.0,-0.52,6113.0,5928540.1,-1,NMIC
2026-07-22,934.0,977.0,934.0,977.0,1.88,2126.0,2022493.8,1,NMIC
2026-07-23,950.0,978.3,950.0,970.0,-0.72,2693.0,2581473.6,1,NMIC
2026-07-24,970.0,990.0,952.0,984.0,1.44,5608.0,5487480.5,1,NMIC
2026-07-27,961.0,990.0,940.0,940.0,-4.47,3903.0,3741891.2,-1,NMIC
2026-07-28,940.0,949.5,922.0,941.5,0.16,4519.0,4250900.5,1,NMIC
2026-07-29,932.4,945.0,932.4,938.0,-0.37,1591.0,1491738.7,1,NMIC
2026-07-30,930.1,961.5,922.0,922.0,-1.71,4048.0,3779900.2,-1,NMIC
2026-07-31,915.1,937.0,913.1,925.0,0.33,874.0,805796.3,1,NMIC
2026-08-03,925.0,944.0,922.0,930.0,0.54,1902.0,1762028.3,1,NMIC
2026-08-04,930.0,957.0,910.3,929.0,-0.11,1517.0,1402202.7,-1,NMIC
2026-08-05,901.2,930.0,901.2,928.9,-0.01,550.0,504432.0,1,NMIC
2026-08-06,928.0,928.0,910.3,913.0,-1.71,3014.0,2771683.0,-1,NMIC
2026-08-07,932.8,932.8,905.1,910.0,-0.33,1872.0,1705748.1,-1,NMIC
2026-08-10,900.0,913.0,894.0,898.0,-1.32,1819.0,1634475.1,-1,NMIC
2026-08-11,919.0,919.0,896.2,906.0,0.89,4285.0,3870773.8,-1,NMIC
2026-08-12,915.0,915.0,895.6,901.0,-0.55,1137.0,1022442.6,-1,NMIC
2026-07-13,522.1,535.0,522.1,528.0,-0.6,5471.0,2883664.7,1,NMLBBL
2026-07-14,528.0,528.0,496.1,526.0,-0.38,9110.0,4695433.1,-1,NMLBBL
2026-07-15,533.0,535.0,526.1,527.0,0.19,935.0,494750.0,-1,NMLBBL
2026-07-16,520.0,534.9,504.4,534.9,1.5,9491.0,4941408.4,1,NMLBBL
2026-07-17,535.0,545.0,525.0,544.0,1.7,8160.0,4377679.5,1,NMLBBL
2026-07-20,557.0,557.0,540.0,553.0,1.65,4360.0,2392779.8,-1,NMLBBL
2026-07-21,562.5,562.5,544.1,552.0,-0.18,5746.0,3150262.7,-1,NMLBBL
2026-07-22,537.0,550.0,535.0,545.0,-1.27,5611.0,3028606.8,1,NMLBBL
2026-07-23,531.0,545.0,530.0,545.0,0.0,4896.0,2622121.8,1,NMLBBL
2026-07-24,550.9,550.9,536.2,545.9,0.17,3140.0,1709450.9,-1,NMLBBL
2026-07-27,545.0,545.0,533.0,543.8,-0.38,8804.0,4715284.5,-1,NMLBBL
2026-07-28,541.0,542.0,532.0,532.2,-2.13,2189.0,1170778.4,-1,NMLBBL
2026-07-29,531.0,534.0,525.0,530.1,-0.39,6400.0,3393102.3,-1,NMLBBL
2026-07-30,515.0,530.0,515.0,520.0,-1.91,8584.0,4479112.1,1,NMLBBL
2026-07-31,530.0,530.0,516.0,522.0,0.38,6495.0,3372539.3,-1,NMLBBL
2026-08-03,520.0,531.0,516.0,523.9,0.36,4606.0,2421973.7,1,NMLBBL
2026-08-04,515.6,520.0,494.7,515.0,-1.7,15443.0,7779435.1,-1,NMLBBL
2026-08-05,514.0,515.0,510.0,512.3,-0.52,5250.0,2688555.7,-1,NMLBBL
2026-08-06,512.0,528.0,511.0,516.0,0.72,13451.0,6954326.2,1,NMLBBL
2026-08-07,525.6,525.6,510.0,515.1,-0.17,6361.0,3263431.2,-1,NMLBBL
2026-08-10,540.8,540.8,511.0,519.9,0.93,5609.0,2881589.0,-1,NMLBBL
2026-08-11,520.0,526.0,515.2,519.0,-0.17,5696.0,2958328.1,-1,NMLBBL
2026-08-12,519.0,520.0,513.6,514.0,-0.96,2671.0,1381363.5,-1,NMLBBL
2026-07-13,957.0,993.0,920.1,925.0,-1.38,37262.0,36038274.6,-1,NRIC
2026-07-14,921.0,939.8,910.0,924.0,-0.11,19799.0,18296113.0,1,NRIC
2026-07-15,965.0,965.0,920.1,925.0,0.11,36726.0,34464916.7,-1,NRIC
2026-07-16,971.0,971.0,920.0,923.0,-0.22,22497.0,20861245.7,-1,NRIC
2026-07-17,950.0,968.0,933.4,961.0,4.12,35033.0,33394652.4,1,NRIC
2026-07-20,913.0,1003.0,913.0,1000.0,4.06,62179.0,60638133.9,1,NRIC
2026-07-21,1030.0,1036.0,988.6,1018.0,1.8,82944.0,84531935.4,-1,NRIC
2026-07-22,1000.0,1019.0,991.1,1007.1,-1.07,34488.0,34527233.5,1,NRIC
2026-07-23,1000.0,1008.0,990.0,996.0,-1.1,29266.0,29167329.9,-1,NRIC
2026-07-24,990.0,995.0,960.0,986.0,-1.0,61419.0,60064368.3,-1,NRIC
2026-07-27,986.0,995.0,960.3,968.0,-1.83,39329.0,38233630.3,-1,NRIC
2026-07-28,1016.4,1016.4,951.0,953.0,-1.55,15784.0,15122653.8,-1,NRIC
2026-07-29,979.0,979.0,951.0,952.0,-0.1,15261.0,14557962.1,-1,NRIC
2026-07-30,950.0,960.0,941.0,945.0,-0.74,13744.0,13012670.7,-1,NRIC
2026-07-31,950.0,1030.0,930.0,970.0,2.65,41920.0,40144457.3,1,NRIC
2026-08-03,970.0,979.9,951.8,956.0,-1.44,21392.0,20666868.2,-1,NRIC
2026-08-04,960.0,960.0,930.0,930.0,-2.72,26361.0,24879417.2,-1,NRIC
2026-08-05,930.0,945.0,928.0,937.0,0.75,29051.0,27179497.1,1,NRIC
2026-08-06,940.0,948.0,930.0,938.9,0.2,16972.0,15848640.7,-1,NRIC
2026-08-07,935.0,939.0,920.0,932.0,-0.73,7177.0,6689804.1,-1,NRIC
2026-08-10,930.0,940.0,920.1,929.0,-0.32,10394.0,9662766.7,-1,NRIC
2026-08-11,883.0,950.0,883.0,927.0,-0.22,13077.0,12161721.3,1,NRIC
2026-08-12,927.0,940.0,918.0,922.0,-0.54,10977.0,10140739.4,-1,NRIC
2026-07-13,316.0,324.9,304.0,304.0,-4.4,9356.0,2906793.8,-1,NRM
2026-07-14,305.0,310.0,295.1,301.1,-0.95,14261.0,4316701.0,-1,NRM
2026-07-15,296.0,311.0,296.0,301.0,-0.03,12001.0,3648999.1,1,NRM
2026-07-16,295.1,309.0,295.1,300.0,-0.33,7884.0,2372070.5,1,NRM
2026-07-17,305.1,322.5,305.1,321.0,7.0,18927.0,6015118.8,1,NRM
2026-07-20,330.0,330.0,316.0,322.0,0.31,7132.0,2296213.0,-1,NRM
2026-07-21,322.0,332.0,317.5,330.0,2.48,25233.0,8269702.3,1,NRM
2026-07-22,323.1,334.0,323.1,325.0,-1.52,8796.0,2872042.8,1,NRM
2026-07-23,332.0,332.0,317.0,329.2,1.29,11195.0,3633711.3,-1,NRM
2026-07-24,330.0,335.0,320.3,328.4,-0.24,12102.0,3971322.8,-1,NRM
2026-07-27,324.0,326.0,315.0,317.0,-3.47,10749.0,3440609.6,-1,NRM
2026-07-28,314.0,322.0,311.0,319.0,0.63,6260.0,1981410.2,1,NRM
2026-07-29,315.0,323.0,311.1,312.1,-2.16,5945.0,1870602.1,-1,NRM
2026-07-30,312.1,317.0,309.0,313.0,0.29,10101.0,3141226.6,1,NRM
2026-07-31,304.0,319.0,303.8,315.0,0.64,2868.0,901175.9,1,NRM
2026-08-03,310.1,318.0,310.1,313.0,-0.63,3250.0,1024325.5,1,NRM
2026-08-04,310.0,315.0,310.0,314.0,0.32,2575.0,804031.2,1,NRM
2026-08-05,310.0,313.0,306.0,312.5,-0.48,4257.0,1321091.4,1,NRM
2026-08-06,307.0,314.9,306.0,310.5,-0.64,3279.0,1020093.2,1,NRM
2026-08-07,308.1,310.0,305.1,305.1,-1.74,4650.0,1432440.1,-1,NRM
2026-08-10,305.5,306.5,305.5,306.4,0.43,5089.0,1557445.8,1,NRM
2026-08-11,306.0,310.0,300.1,304.0,-0.78,6042.0,1836629.1,-1,NRM
2026-08-12,304.0,306.0,301.7,303.3,-0.23,4792.0,1454643.6,-1,NRM
2026-07-13,1350.0,1387.8,1342.6,1346.0,-2.18,53243.0,72050526.4,-1,NRN
2026-07-14,1300.0,1369.0,1300.0,1346.1,0.01,63631.0,85957659.9,1,NRN
2026-07-15,1300.0,1372.0,1300.0,1356.0,0.74,41928.0,56926139.8,1,NRN
2026-07-16,1423.8,1423.8,1329.0,1344.0,-0.88,169919.0,227991121.4,-1,NRN
2026-07-17,1280.0,1462.6,1280.0,1462.6,8.82,83472.0,117889287.7,1,NRN
2026-07-20,1449.0,1471.0,1421.1,1470.0,0.51,85891.0,125117245.4,1,NRN
2026-07-21,1425.0,1514.0,1425.0,1495.0,1.7,147423.0,220028040.6,1,NRN
2026-07-22,1459.7,1530.0,1459.7,1519.9,1.67,185785.0,281062338.6,1,NRN
2026-07-23,1480.0,1510.0,1480.0,1487.1,-2.16,108726.0,162454836.8,1,NRN
2026-07-24,1413.0,1528.0,1413.0,1463.0,-1.62,183860.0,273474131.5,1,NRN
2026-07-27,1435.0,1479.0,1425.0,1436.0,-1.85,96305.0,139728774.5,1,NRN
2026-07-28,1499.0,1499.0,1415.0,1420.0,-1.11,77185.0,110593280.8,-1,NRN
2026-07-29,1390.0,1440.0,1383.0,1398.0,-1.55,90324.0,127050942.4,1,NRN
2026-07-30,1419.0,1419.0,1390.1,1402.0,0.29,58834.0,82488671.6,-1,NRN
2026-07-31,1400.0,1421.0,1388.0,1420.0,1.28,55080.0,77458096.1,1,NRN
2026-08-03,1440.0,1450.0,1356.0,1417.0,-0.21,108905.0,151560667.7,-1,NRN
2026-08-04,1487.1,1487.1,1391.0,1396.0,-1.48,44186.0,61876215.9,-1,NRN
2026-08-05,1450.0,1450.0,1380.0,1394.0,-0.14,77340.0,107912400.9,-1,NRN
2026-08-06,1382.0,1419.0,1380.0,1387.0,-0.5,59207.0,82415969.9,1,NRN
2026-08-07,1387.0,1390.0,1370.0,1371.0,-1.15,51374.0,70631020.9,-1,NRN
2026-08-10,1360.0,1390.0,1360.0,1376.0,0.36,40092.0,54928133.4,1,NRN
2026-08-11,1377.1,1389.0,1370.0,1377.0,0.07,30644.0,42196479.3,-1,NRN
2026-08-12,1350.0,1435.0,1350.0,1430.0,3.85,224771.0,316012288.0,1,NRN
2026-07-13,10.54,10.56,10.54,10.56,-0.85,2000.0,21104.0,1,NSIF2
2026-07-14,10.87,10.87,10.4,10.4,-1.52,52099.0,544356.4,-1,NSIF2
2026-07-15,10.21,10.41,10.21,10.4,0.0,27040.0,280177.0,1,NSIF2
2026-07-16,10.23,10.23,10.23,10.23,-1.63,100.0,1023.0,0,NSIF2
2026-07-17,10.53,10.53,10.53,10.53,2.93,670.0,7055.1,0,NSIF2
2026-07-20,10.4,10.46,10.4,10.46,-0.66,780.0,8121.8,1,NSIF2
2026-07-21,10.7,10.88,10.6,10.88,4.02,23350.0,250823.48,1,NSIF2
2026-07-22,10.97,10.97,10.6,10.65,-2.11,18533.0,199278.01,-1,NSIF2
2026-07-23,10.61,10.8,10.61,10.67,0.19,7675.0,82696.4,1,NSIF2
2026-07-24,10.67,10.68,10.67,10.68,0.09,200.0,2135.0,1,NSIF2
2026-07-27,10.68,10.8,10.61,10.8,1.12,12000.0,127726.0,1,NSIF2
2026-07-28,10.63,10.89,10.63,10.89,0.83,10400.0,113169.0,1,NSIF2
2026-07-29,10.84,10.84,10.64,10.75,-1.29,15650.0,169285.0,-1,NSIF2
2026-07-30,10.98,10.98,10.66,10.66,-0.84,2793.0,30174.88,-1,NSIF2
2026-07-31,10.66,10.66,10.66,10.66,0.0,500.0,5330.0,0,NSIF2
2026-08-03,10.67,10.88,10.67,10.67,0.09,1100.0,11822.0,0,NSIF2
2026-08-04,10.66,10.8,10.66,10.71,0.37,20100.0,215746.2,1,NSIF2
2026-08-05,10.75,10.75,10.74,10.74,0.28,24700.0,265478.0,-1,NSIF2
2026-08-06,10.74,10.75,10.66,10.68,-0.56,83800.0,895481.0,-1,NSIF2
2026-08-07,10.65,10.8,10.65,10.8,1.12,48900.0,525765.0,1,NSIF2
2026-08-10,10.7,10.9,10.7,10.7,-0.93,9200.0,98480.0,0,NSIF2
2026-08-11,10.66,10.7,10.66,10.7,0.0,400.0,4268.0,1,NSIF2
2026-08-12,10.7,10.87,10.7,10.87,1.59,12306.0,133749.22,1,NSIF2
2026-07-13,9.09,9.52,9.09,9.31,-0.64,21950.0,207243.0,1,NSY
2026-07-14,9.08,9.77,9.06,9.2,-1.18,9760.0,93196.0,1,NSY
2026-07-15,9.2,9.61,9.14,9.61,4.46,26340.0,248666.0,1,NSY
2026-07-16,10.09,10.09,9.06,9.75,1.46,19800.0,188067.0,-1,NSY
2026-07-17,9.46,9.7,9.2,9.7,-0.51,2500.0,23477.0,1,NSY
2026-07-21,9.41,9.57,9.16,9.42,-2.89,7100.0,66703.0,1,NSY
2026-07-22,9.2,9.44,9.2,9.38,-0.42,2700.0,25235.0,1,NSY
2026-07-23,9.21,9.5,9.21,9.5,1.28,13500.0,127929.0,1,NSY
2026-07-24,9.23,9.59,9.23,9.33,-1.79,9600.0,89827.0,1,NSY
2026-07-27,9.33,9.5,9.28,9.36,0.32,3200.0,29882.0,1,NSY
2026-07-28,9.36,9.6,9.1,9.6,2.56,1600.0,14941.0,1,NSY
2026-07-29,9.4,9.5,9.12,9.5,-1.04,19600.0,184932.0,1,NSY
2026-07-30,9.22,9.5,9.22,9.3,-2.11,3100.0,28948.0,1,NSY
2026-07-31,9.3,9.5,9.1,9.45,1.61,2700.0,24928.0,1,NSY
2026-08-03,9.3,9.67,9.15,9.35,-1.06,33000.0,316840.0,1,NSY
2026-08-04,9.35,9.6,9.3,9.31,-0.43,3810.0,35718.0,-1,NSY
2026-08-05,9.3,9.5,9.1,9.3,-0.11,4200.0,38940.0,0,NSY
2026-08-06,9.03,9.45,9.03,9.2,-1.08,4500.0,41656.0,1,NSY
2026-08-07,9.19,9.3,9.06,9.2,0.0,23000.0,213571.0,1,NSY
2026-08-10,9.2,9.48,8.93,9.48,3.04,5320.0,49101.2,1,NSY
2026-08-11,9.3,9.4,9.13,9.2,-2.95,1700.0,15649.0,-1,NSY
2026-08-12,9.0,9.46,9.0,9.4,2.17,25500.0,234405.49,1,NSY
2026-07-13,845.0,849.0,840.0,846.0,-0.12,6841.0,5781520.9,1,NTC
2026-07-14,846.0,851.0,845.0,850.9,0.58,11091.0,9412231.5,1,NTC
2026-07-15,859.9,859.9,848.0,853.0,0.25,6065.0,5177440.5,-1,NTC
2026-07-16,853.0,861.0,853.0,857.5,0.53,3418.0,2936170.7,1,NTC
2026-07-17,860.0,868.0,850.0,862.0,0.52,13997.0,12026614.0,1,NTC
2026-07-20,880.0,880.0,862.0,869.0,0.81,9133.0,7947092.3,-1,NTC
2026-07-21,875.0,875.0,862.5,864.9,-0.47,6076.0,5267791.1,-1,NTC
2026-07-22,875.0,875.0,853.0,857.1,-0.9,12970.0,11115716.3,-1,NTC
2026-07-23,860.0,860.0,855.0,859.0,0.22,3472.0,2979164.3,-1,NTC
2026-07-24,875.0,880.0,860.1,864.0,0.58,7547.0,6540831.0,-1,NTC
2026-07-27,864.1,865.0,859.5,862.0,-0.23,8580.0,7395522.9,-1,NTC
2026-07-28,864.9,864.9,855.1,861.9,-0.01,3201.0,2757675.1,-1,NTC
2026-07-29,858.0,875.0,855.2,869.8,0.92,14738.0,12812421.4,1,NTC
2026-07-30,870.0,874.9,863.0,865.0,-0.55,3581.0,3099080.8,-1,NTC
2026-07-31,850.0,870.0,850.0,861.0,-0.46,6077.0,5262367.3,1,NTC
2026-08-03,870.0,875.1,857.1,860.0,-0.12,27525.0,23823621.6,-1,NTC
2026-08-04,873.9,875.0,859.0,865.1,0.59,16441.0,14292458.7,-1,NTC
2026-08-05,870.0,872.0,860.0,865.8,0.08,31100.0,26768429.4,-1,NTC
2026-08-06,860.0,877.0,857.1,862.0,-0.44,4505.0,3884007.4,1,NTC
2026-08-07,870.9,870.9,862.0,863.9,0.22,8319.0,7200295.2,-1,NTC
2026-08-10,864.0,872.0,860.0,860.0,-0.45,17752.0,15283301.8,-1,NTC
2026-08-11,869.9,869.9,860.0,861.1,0.13,3042.0,2623792.2,-1,NTC
2026-08-12,861.0,868.7,861.0,862.1,0.12,5408.0,4680350.3,1,NTC
2026-07-13,608.0,608.0,589.8,590.2,-2.93,9618.0,5695294.9,-1,NUBL
2026-07-14,590.5,599.6,582.2,595.0,0.81,2612.0,1535853.0,1,NUBL
2026-07-15,596.0,604.0,590.0,600.1,0.86,7036.0,4182347.0,1,NUBL
2026-07-16,601.0,635.0,590.0,635.0,5.82,13871.0,8271166.5,1,NUBL
2026-07-17,636.0,638.9,620.0,635.0,0.0,2774.0,1747898.7,-1,NUBL
2026-07-20,645.0,645.0,625.8,630.6,-0.69,3349.0,2137569.7,-1,NUBL
2026-07-21,635.0,639.7,631.2,632.0,0.22,2532.0,1601623.0,-1,NUBL
2026-07-22,628.0,634.0,620.0,629.0,-0.47,7278.0,4550579.4,1,NUBL
2026-07-23,636.0,636.0,618.1,634.4,0.86,2126.0,1333443.4,-1,NUBL
2026-07-24,623.0,640.9,623.0,640.6,0.98,8629.0,5502454.8,1,NUBL
2026-07-27,633.0,639.0,623.0,623.1,-2.73,5929.0,3724323.2,-1,NUBL
2026-07-28,633.0,633.0,610.2,617.0,-0.98,5909.0,3640709.9,-1,NUBL
2026-07-29,607.0,625.0,602.0,623.0,0.97,9183.0,5596057.4,1,NUBL
2026-07-30,605.8,621.5,595.1,611.0,-1.93,2374.0,1434871.9,1,NUBL
2026-07-31,609.0,618.9,601.1,610.0,-0.16,2862.0,1746483.5,1,NUBL
2026-08-03,621.0,624.9,611.0,621.9,1.95,856.0,531062.1,1,NUBL
2026-08-04,620.0,620.0,610.0,610.0,-1.91,2255.0,1382620.0,-1,NUBL
2026-08-05,617.8,617.9,606.0,610.0,0.0,992.0,602956.1,-1,NUBL
2026-08-06,602.0,618.0,600.1,613.0,0.49,2259.0,1371090.7,1,NUBL
2026-08-07,602.0,610.0,602.0,605.4,-1.24,2996.0,1814556.8,1,NUBL
2026-08-10,600.0,610.0,600.0,610.0,0.76,2805.0,1688630.0,1,NUBL
2026-08-11,610.0,610.0,601.0,601.4,-1.41,7597.0,4577981.8,-1,NUBL
2026-08-12,603.0,605.0,599.0,600.1,-0.22,4091.0,2458139.2,-1,NUBL
2026-07-13,705.2,705.2,695.0,695.0,-1.63,2008.0,1404501.5,-1,NWCL
2026-07-14,691.0,705.0,691.0,705.0,1.44,420.0,293467.0,1,NWCL
2026-07-15,724.9,724.9,700.0,705.0,0.0,2274.0,1605522.5,-1,NWCL
2026-07-16,693.0,724.0,693.0,723.0,2.55,3898.0,2729947.4,1,NWCL
2026-07-17,734.8,759.0,725.1,749.0,3.6,1592.0,1175238.2,1,NWCL
2026-07-20,731.3,764.8,730.0,750.0,0.13,2744.0,2025711.8,1,NWCL
2026-07-21,759.9,760.0,720.8,742.0,-1.07,3496.0,2575644.0,-1,NWCL
2026-07-22,731.0,735.0,724.1,733.9,-1.09,1771.0,1290033.7,1,NWCL
2026-07-23,721.9,742.9,720.0,742.9,1.23,1960.0,1423443.0,1,NWCL
2026-07-24,705.8,769.0,705.8,739.9,-0.4,3403.0,2521207.0,1,NWCL
2026-07-27,721.1,744.9,701.2,724.0,-2.15,5747.0,4106890.3,1,NWCL
2026-07-28,715.0,724.0,708.2,724.0,0.0,1274.0,909588.8,1,NWCL
2026-07-29,707.7,723.8,707.7,716.8,-0.99,2927.0,2077685.4,1,NWCL
2026-07-30,703.0,712.0,697.0,712.0,-0.67,3359.0,2355856.5,1,NWCL
2026-07-31,692.1,715.0,692.1,714.3,0.32,2000.0,1401121.0,1,NWCL
2026-08-03,710.0,710.2,697.1,709.9,-0.62,1543.0,1085561.0,-1,NWCL
2026-08-04,745.3,745.3,696.0,699.7,-1.44,3204.0,2243482.2,-1,NWCL
2026-08-05,696.1,705.0,685.0,690.0,-1.39,2631.0,1825626.4,-1,NWCL
2026-08-06,681.3,696.9,681.3,696.9,1.0,656.0,452768.1,1,NWCL
2026-08-07,681.0,690.0,680.0,688.0,-1.28,4545.0,3103931.4,1,NWCL
2026-08-10,680.0,694.0,680.0,693.6,0.81,1090.0,750774.0,1,NWCL
2026-08-11,700.0,714.0,684.0,687.0,-0.95,2268.0,1567968.0,-1,NWCL
2026-08-12,684.0,690.0,683.0,690.0,0.44,1087.0,744728.0,1,NWCL
2026-07-13,359.0,359.3,349.1,349.5,0.14,5622.0,1976987.7,-1,NYADI
2026-07-14,358.9,360.0,341.0,356.0,1.86,4478.0,1582260.4,-1,NYADI
2026-07-15,356.0,370.0,356.0,367.0,3.09,8066.0,2946316.8,1,NYADI
2026-07-16,358.1,367.9,357.0,359.0,-2.18,4799.0,1727162.2,1,NYADI
2026-07-17,369.7,375.0,362.0,375.0,4.46,4002.0,1485921.2,1,NYADI
2026-07-20,386.2,397.0,365.0,385.0,2.67,8259.0,3193132.3,-1,NYADI
2026-07-21,383.0,394.0,376.3,377.0,-2.08,6280.0,2383904.0,-1,NYADI
2026-07-22,375.0,377.0,369.0,372.0,-1.33,8179.0,3050491.0,-1,NYADI
2026-07-23,367.1,379.0,367.1,379.0,1.88,2387.0,888972.4,1,NYADI
2026-07-24,397.9,397.9,371.0,371.0,-2.11,8257.0,3087265.2,-1,NYADI
2026-07-27,368.0,375.0,368.0,368.0,-0.81,3919.0,1444661.0,0,NYADI
2026-07-28,365.1,368.2,361.1,361.2,-1.85,6418.0,2331573.2,-1,NYADI
2026-07-29,358.1,366.1,358.1,366.1,1.36,2032.0,739638.3,1,NYADI
2026-07-30,365.0,385.0,360.0,365.0,-0.3,4104.0,1509459.8,0,NYADI
2026-07-31,360.1,370.9,360.1,370.0,1.37,1567.0,578005.6,1,NYADI
2026-08-03,366.3,377.0,366.3,372.8,0.76,2444.0,909428.9,1,NYADI
2026-08-04,361.7,371.9,361.7,365.1,-2.07,2390.0,876287.9,1,NYADI
2026-08-05,361.5,373.0,361.5,367.0,0.52,1642.0,604061.5,1,NYADI
2026-08-06,363.3,380.9,363.3,372.2,1.42,6040.0,2267087.3,1,NYADI
2026-08-07,367.3,375.0,364.0,370.0,-0.59,5382.0,1972606.0,1,NYADI
2026-08-10,366.0,371.0,362.0,365.0,-1.35,1795.0,654399.0,-1,NYADI
2026-08-11,365.0,375.9,361.2,369.9,1.34,3354.0,1230222.0,1,NYADI
2026-08-12,365.0,369.0,362.0,368.9,-0.27,7375.0,2689337.5,1,NYADI
2026-07-13,667.0,667.0,665.0,665.1,-2.83,1251.0,832225.5,-1,OHL
2026-07-14,670.0,670.0,655.0,670.0,0.74,1696.0,1134048.0,0,OHL
2026-07-15,676.0,683.4,672.1,683.4,2.0,590.0,397793.0,1,OHL
2026-07-16,683.4,683.4,665.0,682.0,-0.2,2134.0,1423857.1,-1,OHL
2026-07-17,696.5,696.5,680.0,690.0,1.17,2558.0,1756546.6,-1,OHL
2026-07-20,690.0,704.8,683.0,704.8,2.14,2595.0,1801667.8,1,OHL
2026-07-21,703.4,703.4,684.0,698.8,-0.85,4353.0,2987991.9,-1,OHL
2026-07-22,685.3,698.8,685.0,685.0,-1.97,760.0,520920.0,-1,OHL
2026-07-23,680.0,688.5,680.0,688.5,0.51,605.0,412954.5,1,OHL
2026-07-24,689.0,692.0,675.0,692.0,0.51,1236.0,839505.5,1,OHL
2026-07-27,692.0,692.0,672.0,673.1,-2.73,571.0,385678.1,-1,OHL
2026-07-28,689.0,689.0,670.0,689.0,2.36,1913.0,1289436.7,0,OHL
2026-07-29,690.7,690.8,669.0,678.0,-1.6,3429.0,2314964.2,-1,OHL
2026-07-30,678.0,684.0,665.0,675.0,-0.44,1025.0,684262.0,-1,OHL
2026-07-31,675.0,679.0,665.0,678.0,0.44,2137.0,1426586.6,1,OHL
2026-08-03,684.0,684.0,658.0,678.6,0.09,2620.0,1736233.7,-1,OHL
2026-08-04,664.1,678.0,661.1,674.0,-0.68,1492.0,989527.5,1,OHL
2026-08-05,662.0,674.0,657.0,660.5,-2.0,1028.0,678804.9,-1,OHL
2026-08-06,667.0,670.0,659.0,670.0,1.44,1730.0,1143731.0,1,OHL
2026-08-07,652.0,671.0,652.0,665.0,-0.75,2378.0,1562800.0,1,OHL
2026-08-10,665.0,665.0,651.0,651.0,-2.11,561.0,369430.5,-1,OHL
2026-08-11,642.0,661.2,642.0,656.1,0.78,1562.0,1030818.0,1,OHL
2026-08-12,656.0,688.0,656.0,670.0,2.12,2724.0,1835118.8,1,OHL
2026-07-13,881.2,898.9,866.0,866.0,-3.78,2601.0,2284797.5,-1,OMPL
2026-07-14,861.0,873.5,848.0,871.9,0.68,2940.0,2537440.0,1,OMPL
2026-07-15,878.1,902.0,878.1,888.0,1.85,5908.0,5259770.1,1,OMPL
2026-07-16,895.0,900.0,870.0,880.0,-0.9,3590.0,3190006.7,-1,OMPL
2026-07-17,905.5,943.1,891.0,943.0,7.16,4239.0,3942182.7,1,OMPL
2026-07-20,943.0,1004.0,943.0,989.0,4.88,6316.0,6207581.5,1,OMPL
2026-07-21,989.0,1005.0,966.1,989.0,0.0,6207.0,6098311.7,0,OMPL
2026-07-22,960.0,989.8,960.0,978.0,-1.11,2656.0,2593591.0,1,OMPL
2026-07-23,960.0,1004.0,950.0,996.1,1.85,5972.0,5891697.5,1,OMPL
2026-07-24,996.0,1024.8,985.0,996.0,-0.01,6488.0,6506792.2,0,OMPL
2026-07-27,975.0,999.0,896.1,947.6,-4.86,7255.0,7008300.9,-1,OMPL
2026-07-28,947.0,960.0,932.0,955.0,0.78,3380.0,3192895.7,1,OMPL
2026-07-29,940.1,968.0,940.0,959.0,0.42,2090.0,1979919.5,1,OMPL
2026-07-30,937.0,950.0,910.0,934.0,-2.61,1695.0,1582101.5,-1,OMPL
2026-07-31,916.0,944.0,900.0,940.0,0.64,3207.0,2950029.3,1,OMPL
2026-08-03,921.0,950.0,920.1,936.0,-0.43,2422.0,2263727.9,1,OMPL
2026-08-04,923.0,930.0,915.5,928.0,-0.85,1360.0,1251757.6,1,OMPL
2026-08-05,904.0,930.0,903.2,924.9,-0.33,1466.0,1342310.5,1,OMPL
2026-08-06,904.0,929.0,903.6,905.0,-2.15,2078.0,1896110.0,1,OMPL
2026-08-07,910.0,917.0,890.0,893.0,-1.33,4184.0,3757259.5,-1,OMPL
2026-08-10,893.0,911.0,888.0,894.0,0.11,2196.0,1964605.0,1,OMPL
2026-08-11,905.0,910.0,892.5,895.1,0.12,3388.0,3052830.4,-1,OMPL
2026-08-12,895.1,905.0,891.0,900.0,0.55,3540.0,3175716.9,1,OMPL
2026-07-13,1240.0,1242.0,1235.0,1270.0,0.4,19876.0,24596323.0,1,PBD88
2026-07-14,1270.0,1284.0,1202.0,1285.0,1.18,26686.0,33720424.0,1,PBD88
2026-07-16,1250.0,1250.0,1250.0,1250.0,-2.72,25.0,31250.0,0,PBD88
2026-07-21,1250.0,1250.0,1250.0,1250.0,0.0,20.0,25000.0,0,PBD88
2026-07-27,1213.0,1213.0,1193.0,1193.0,-4.56,9850.0,11751250.0,-1,PBD88
2026-07-28,1193.0,1193.0,1182.0,1182.0,-0.92,125.0,148850.0,-1,PBD88
2026-07-29,1182.0,1182.0,1182.0,1182.0,0.0,25.0,29550.0,0,PBD88
2026-07-30,1170.1,1181.0,1170.1,1181.0,-0.08,75.0,88252.5,1,PBD88
2026-07-31,1156.1,1156.1,1156.1,1156.0,-2.12,30.0,34682.6,-1,PBD88
2026-08-04,1162.0,1170.0,1162.0,1170.0,1.21,50.0,58300.0,1,PBD88
2026-08-10,1200.0,1200.0,1200.0,1200.0,2.56,30.0,36000.0,0,PBD88
2026-08-11,1170.0,1170.0,1147.0,1150.0,-4.17,100.0,115530.0,-1,PBD88
2026-08-12,1172.0,1172.0,1170.0,1170.0,1.74,25.0,29280.0,-1,PBD88
2026-07-13,1127.0,1127.0,1127.0,1127.0,-1.49,57459.0,64756293.0,0,PBLD84
2026-07-15,1147.9,1147.9,1147.9,1147.9,1.85,10.0,11479.0,0,PBLD84
2026-07-27,1147.9,1147.9,1147.9,1119.9,-2.44,5.0,5599.5,-1,PBLD84
2026-08-05,1087.0,1087.0,1057.2,1057.2,-5.6,30.0,32014.0,-1,PBLD84
2026-07-13,1122.0,1148.0,1122.0,1140.0,4.59,150354.0,172604990.0,1,PBLD87
2026-07-14,1110.0,1150.0,1110.0,1150.0,0.88,35380.0,40663185.0,1,PBLD87
2026-07-16,1120.0,1120.0,1120.0,1120.0,-2.61,10.0,11200.0,0,PBLD87
2026-07-22,1087.0,1087.0,1087.0,1087.0,-2.95,25.0,27175.0,0,PBLD87
2026-07-24,1119.6,1135.0,1119.6,1134.9,4.41,3151.0,3575750.0,1,PBLD87
2026-07-30,1101.0,1101.0,1076.6,1101.0,-2.99,40.0,43674.0,0,PBLD87
2026-08-03,1100.0,1100.0,1100.0,1100.0,-0.09,25.0,27500.0,0,PBLD87
2026-08-04,1085.0,1085.0,1085.0,1085.0,-1.36,25.0,27125.0,0,PBLD87
2026-08-06,1080.0,1080.0,1080.0,1080.0,-0.46,100.0,108000.0,0,PBLD87
2026-07-13,232.0,232.9,230.0,231.6,0.26,54916.0,12668211.9,-1,PCBL
2026-07-14,231.0,232.6,229.1,229.2,-1.04,46844.0,10797990.2,-1,PCBL
2026-07-15,231.0,235.0,230.4,232.0,1.22,25011.0,5789852.6,1,PCBL
2026-07-16,231.0,239.9,231.0,239.9,3.41,64646.0,15177177.8,1,PCBL
2026-07-17,238.8,242.1,236.7,242.0,0.88,32748.0,7889187.3,1,PCBL
2026-07-20,230.0,248.2,230.0,242.5,0.21,33893.0,8257057.9,1,PCBL
2026-07-21,243.0,245.0,239.5,242.7,0.08,47015.0,11396798.9,-1,PCBL
2026-07-22,243.0,243.0,238.0,239.0,-1.52,19541.0,4675504.0,-1,PCBL
2026-07-23,227.1,244.9,227.1,239.0,0.0,29928.0,7124140.1,1,PCBL
2026-07-24,239.0,245.0,238.0,243.0,1.67,92403.0,22526461.5,1,PCBL
2026-07-27,230.9,248.9,230.9,243.0,0.0,107176.0,26325263.0,1,PCBL
2026-07-28,243.0,245.0,241.3,242.0,-0.41,66306.0,16118971.3,-1,PCBL
2026-07-29,238.5,244.4,238.5,241.9,-0.04,142194.0,34218301.7,1,PCBL
2026-07-30,230.0,244.0,230.0,241.5,-0.17,40879.0,9887544.9,1,PCBL
2026-07-31,240.1,247.0,240.1,247.0,2.28,100424.0,24559123.0,1,PCBL
2026-08-03,247.5,249.8,245.2,246.5,-0.2,71311.0,17623542.7,-1,PCBL
2026-08-04,246.0,248.5,242.1,242.6,-1.58,48350.0,11755195.3,-1,PCBL
2026-08-05,242.2,243.9,241.1,242.5,-0.04,39909.0,9664610.5,1,PCBL
2026-08-06,242.5,246.0,239.2,240.1,-0.99,44619.0,10741278.7,-1,PCBL
2026-08-07,244.5,244.5,238.2,240.0,-0.04,41391.0,9925898.8,-1,PCBL
2026-08-10,243.8,243.8,237.4,239.0,-0.42,21138.0,5033112.6,-1,PCBL
2026-08-11,239.1,241.0,238.2,240.0,0.42,66626.0,15978115.4,1,PCBL
2026-08-12,240.0,242.5,238.5,240.0,0.0,28515.0,6840100.4,0,PCBL
2026-07-13,609.0,610.0,588.0,590.0,-3.26,35156.0,20871860.3,-1,PCIL
2026-07-14,585.1,599.0,572.1,589.7,-0.05,33962.0,19914140.5,1,PCIL
2026-07-15,580.0,599.0,573.0,594.0,0.73,18338.0,10839499.1,1,PCIL
2026-07-16,590.0,607.0,590.0,595.0,0.17,43238.0,25852778.7,1,PCIL
2026-07-17,595.0,669.9,595.0,652.0,9.58,103764.0,65182711.6,1,PCIL
2026-07-20,650.0,674.5,650.0,665.0,1.99,50863.0,33697958.3,1,PCIL
2026-07-21,665.0,688.0,650.0,665.0,0.0,71400.0,47637483.4,0,PCIL
2026-07-22,650.0,670.5,650.0,665.0,0.0,42196.0,27789602.8,1,PCIL
2026-07-23,631.8,701.0,631.8,687.0,3.31,58160.0,38883975.3,1,PCIL
2026-07-24,700.0,717.0,690.2,692.0,0.73,106254.0,74831683.3,-1,PCIL
2026-07-27,660.0,700.0,650.1,664.0,-4.05,44869.0,30220277.9,1,PCIL
2026-07-28,697.2,697.2,641.0,655.0,-1.36,33269.0,21880019.1,-1,PCIL
2026-07-29,625.0,672.7,625.0,664.0,1.37,34063.0,22368905.0,1,PCIL
2026-07-30,664.0,669.8,636.0,649.5,-2.18,47211.0,30427769.1,-1,PCIL
2026-07-31,630.0,660.0,630.0,654.0,0.69,32107.0,20850786.5,1,PCIL
2026-08-03,650.0,671.0,641.0,650.0,-0.61,35221.0,23103005.3,0,PCIL
2026-08-04,640.0,680.0,638.0,638.1,-1.83,30411.0,19556653.9,-1,PCIL
2026-08-05,670.0,670.0,631.59,644.0,0.92,39848.0,25500110.9,-1,PCIL
2026-08-06,612.0,650.0,612.0,635.0,-1.4,24618.0,15682458.0,1,PCIL
2026-08-07,630.0,640.0,619.0,622.3,-2.0,23281.0,14502481.71,-1,PCIL
2026-08-10,622.0,628.5,615.0,625.0,0.43,20718.0,12815977.0,1,PCIL
2026-08-11,620.0,629.0,617.0,623.0,-0.32,24243.0,15056350.5,1,PCIL
2026-08-12,620.0,630.0,615.0,623.0,0.0,26706.0,16529782.0,1,PCIL
2026-07-13,307.9,307.9,289.3,289.5,-1.86,63709.0,18741732.6,-1,PHCL
2026-07-14,287.5,294.9,280.0,289.9,0.14,52684.0,15147406.9,1,PHCL
2026-07-15,290.0,296.0,289.0,292.1,0.76,27475.0,8046509.0,1,PHCL
2026-07-16,306.7,306.7,290.0,290.0,-0.72,141142.0,41386091.1,-1,PHCL
2026-07-17,298.0,306.8,294.2,306.8,5.79,61395.0,18532818.0,1,PHCL
2026-07-20,303.0,310.0,303.0,309.9,1.01,81908.0,25215227.5,1,PHCL
2026-07-21,310.0,314.5,304.0,307.0,-0.94,91387.0,28222808.3,-1,PHCL
2026-07-22,305.0,308.9,304.0,305.9,-0.36,29640.0,9048675.6,1,PHCL
2026-07-23,304.1,307.4,302.4,306.0,0.03,24811.0,7550164.6,1,PHCL
2026-07-24,310.1,318.0,306.1,309.0,0.98,121022.0,37773373.1,-1,PHCL
2026-07-27,309.0,310.5,305.1,305.2,-1.23,38880.0,11928482.3,-1,PHCL
2026-07-28,305.2,306.0,301.5,302.0,-1.05,61529.0,18637623.8,-1,PHCL
2026-07-29,301.2,305.0,300.7,302.0,0.0,18759.0,5674004.2,1,PHCL
2026-07-30,302.0,302.8,298.0,300.0,-0.66,35643.0,10701043.1,-1,PHCL
2026-07-31,296.7,301.0,296.6,299.7,-0.1,39916.0,11921868.7,1,PHCL
2026-08-03,300.0,302.8,298.0,298.0,-0.57,41767.0,12474451.4,-1,PHCL
2026-08-04,303.0,305.0,295.0,296.0,-0.67,23005.0,6822998.9,-1,PHCL
2026-08-05,297.0,301.0,296.3,299.0,1.01,42180.0,12618696.0,1,PHCL
2026-08-06,299.0,303.0,297.5,297.5,-0.5,28105.0,8440481.7,-1,PHCL
2026-08-07,294.2,299.2,294.2,296.0,-0.5,27204.0,8041596.5,1,PHCL
2026-08-10,293.1,295.9,293.0,293.7,-0.78,25842.0,7600548.5,1,PHCL
2026-08-11,292.0,300.0,292.0,300.0,2.15,35029.0,10427758.5,1,PHCL
2026-08-12,300.0,302.9,296.0,298.5,-0.5,25852.0,7731401.3,-1,PHCL
2026-07-13,322.4,322.4,304.0,304.0,-2.91,5233.0,1635363.2,-1,PMHPL
2026-07-14,304.0,312.0,301.0,309.0,1.64,6800.0,2090078.0,1,PMHPL
2026-07-15,310.1,315.0,310.1,315.0,1.94,3240.0,1009658.1,1,PMHPL
2026-07-16,325.0,325.0,310.0,315.8,0.25,1472.0,464542.1,-1,PMHPL
2026-07-17,320.29,329.0,317.0,325.0,2.91,6382.0,2071315.8,1,PMHPL
2026-07-20,316.1,331.5,316.1,328.0,0.92,8635.0,2829993.6,1,PMHPL
2026-07-21,325.1,340.0,325.0,330.0,0.61,18414.0,6129266.0,1,PMHPL
2026-07-22,330.0,334.0,322.1,328.0,-0.61,3522.0,1145859.5,-1,PMHPL
2026-07-23,321.5,329.5,321.5,328.9,0.27,2640.0,859388.5,1,PMHPL
2026-07-24,328.0,329.8,323.0,324.0,-1.49,4451.0,1444647.0,-1,PMHPL
2026-07-27,320.0,327.0,318.0,327.0,0.93,6100.0,1953144.5,1,PMHPL
2026-07-28,323.9,323.9,318.0,318.0,-2.75,8237.0,2626455.2,-1,PMHPL
2026-07-29,326.0,326.0,315.0,321.0,0.94,7964.0,2526074.5,-1,PMHPL
2026-07-30,321.0,324.0,314.5,320.0,-0.31,2370.0,747418.0,-1,PMHPL
2026-07-31,320.0,320.0,313.2,315.0,-1.56,3683.0,1163709.2,-1,PMHPL
2026-08-03,315.0,325.0,309.0,318.5,1.11,4488.0,1429144.0,1,PMHPL
2026-08-04,322.0,322.0,313.6,319.5,0.31,4674.0,1477214.4,-1,PMHPL
2026-08-05,322.5,325.0,313.0,320.0,0.16,1643.0,523840.0,-1,PMHPL
2026-08-06,312.0,324.0,312.0,319.0,-0.31,11044.0,3489212.0,1,PMHPL
2026-08-07,312.1,324.0,312.1,318.0,-0.31,6014.0,1891035.0,1,PMHPL
2026-08-10,313.0,323.0,311.0,318.9,0.28,1755.0,552067.2,1,PMHPL
2026-08-11,312.1,320.0,312.1,318.5,-0.13,5691.0,1789681.0,1,PMHPL
2026-08-12,314.0,315.0,311.1,315.0,-1.1,2826.0,883719.0,1,PMHPL
2026-07-13,440.0,444.8,432.0,434.1,-1.81,5913.0,2572105.4,-1,PMLI
2026-07-14,430.0,439.9,427.2,436.0,0.44,8135.0,3532878.3,1,PMLI
2026-07-15,424.2,453.0,424.2,441.0,1.15,2198.0,968508.8,1,PMLI
2026-07-16,463.0,463.0,431.0,433.1,-1.79,3461.0,1510554.6,-1,PMLI
2026-07-17,435.9,457.0,433.4,454.9,5.03,2637.0,1182025.4,1,PMLI
2026-07-20,449.0,461.8,449.0,454.4,-0.11,7024.0,3188640.7,1,PMLI
2026-07-21,454.4,461.8,446.6,450.0,-0.97,8197.0,3734767.8,-1,PMLI
2026-07-22,441.1,458.0,441.1,445.0,-1.11,4821.0,2155704.4,1,PMLI
2026-07-23,443.0,484.0,443.0,465.0,4.49,7836.0,3565407.0,1,PMLI
2026-07-24,452.0,462.0,452.0,454.0,-2.37,7466.0,3410599.9,1,PMLI
2026-07-27,442.0,466.0,442.0,447.4,-1.45,3915.0,1767635.1,1,PMLI
2026-07-28,447.0,451.0,441.1,444.3,-0.69,3895.0,1736676.7,-1,PMLI
2026-07-29,444.4,448.0,444.1,444.1,-0.05,5734.0,2552528.2,-1,PMLI
2026-07-30,456.5,456.5,440.5,440.5,-0.81,4163.0,1844384.7,-1,PMLI
2026-07-31,440.0,448.0,440.0,442.2,0.39,2325.0,1026782.6,1,PMLI
2026-08-03,445.0,446.0,441.3,441.3,-0.2,2835.0,1253326.2,-1,PMLI
2026-08-04,440.2,450.0,435.0,440.0,-0.29,6886.0,3029492.3,-1,PMLI
2026-08-05,440.0,447.0,435.6,444.0,0.91,3569.0,1576448.4,1,PMLI
2026-08-06,437.0,444.0,437.0,438.7,-1.19,2069.0,908851.9,1,PMLI
2026-08-07,431.1,442.0,431.1,437.5,-0.27,1893.0,827441.2,1,PMLI
2026-08-10,434.0,443.0,425.5,433.0,-1.03,20168.0,8663530.2,-1,PMLI
2026-08-11,433.0,441.0,431.0,436.0,0.69,6097.0,2636786.3,1,PMLI
2026-08-12,436.0,439.9,421.0,432.9,-0.71,23192.0,9879643.8,-1,PMLI
2026-07-13,325.0,330.0,319.0,324.0,-1.52,32459.0,10409321.0,-1,PPCL
2026-07-14,327.0,343.9,317.4,325.0,0.31,26018.0,8569754.6,-1,PPCL
2026-07-15,334.7,341.2,326.9,334.0,2.77,2437.0,811232.0,-1,PPCL
2026-07-16,340.8,340.8,327.0,330.0,-1.2,5691.0,1874116.5,-1,PPCL
2026-07-17,338.0,348.0,333.0,346.0,4.85,14383.0,4901809.9,1,PPCL
2026-07-20,363.3,363.3,343.9,360.0,4.05,17235.0,6047468.5,-1,PPCL
2026-07-21,378.0,378.0,347.0,359.0,-0.28,11606.0,4088869.5,-1,PPCL
2026-07-22,348.6,354.9,345.0,349.0,-2.79,28952.0,10056440.7,1,PPCL
2026-07-23,355.5,355.5,342.4,353.0,1.15,7149.0,2474324.1,-1,PPCL
2026-07-24,358.0,358.0,342.7,352.5,-0.14,19158.0,6663517.4,-1,PPCL
2026-07-27,353.9,353.9,344.0,348.0,-1.28,8157.0,2825810.8,-1,PPCL
2026-07-28,330.9,349.9,330.9,348.0,0.0,5849.0,2006936.7,1,PPCL
2026-07-29,355.0,355.0,341.0,346.9,-0.32,7070.0,2426308.8,-1,PPCL
2026-07-30,349.0,349.0,330.0,338.0,-2.57,12521.0,4193097.4,-1,PPCL
2026-07-31,321.1,346.0,321.1,345.9,2.34,10871.0,3657026.9,1,PPCL
2026-08-03,328.7,348.0,328.7,348.0,0.61,23601.0,8124309.3,1,PPCL
2026-08-04,339.2,342.7,336.0,340.6,-2.13,12527.0,4235385.8,1,PPCL
2026-08-05,323.6,342.9,323.6,341.0,0.12,6384.0,2148161.7,1,PPCL
2026-08-06,358.0,358.0,335.0,340.0,-0.29,10682.0,3596698.0,-1,PPCL
2026-08-07,357.0,357.0,336.0,338.9,-0.32,4212.0,1419489.7,-1,PPCL
2026-08-10,331.0,337.0,331.0,335.0,-1.15,11404.0,3822760.4,1,PPCL
2026-08-11,335.0,338.9,330.1,337.8,0.84,7123.0,2382929.4,1,PPCL
2026-08-12,321.0,339.0,321.0,335.5,-0.68,6280.0,2094570.5,1,PPCL
2026-07-13,306.0,324.5,306.0,318.0,-1.24,15639.0,4988343.1,1,PPL
2026-07-14,302.1,323.0,302.1,321.9,1.23,22088.0,7034021.7,1,PPL
2026-07-15,306.0,328.0,306.0,323.1,0.37,18740.0,6056746.1,1,PPL
2026-07-16,307.0,330.0,307.0,320.0,-0.96,9133.0,2921976.2,1,PPL
2026-07-17,304.0,342.0,304.0,340.0,6.25,33445.0,11226260.1,1,PPL
2026-07-20,323.0,348.0,323.0,341.0,0.29,36655.0,12529745.8,1,PPL
2026-07-21,324.0,347.8,324.0,341.5,0.15,49192.0,16751979.2,1,PPL
2026-07-22,324.5,340.7,324.5,339.0,-0.73,12678.0,4284376.2,1,PPL
2026-07-23,322.1,340.0,322.1,338.9,-0.03,23596.0,7921872.1,1,PPL
2026-07-24,335.0,344.0,335.0,339.0,0.03,17291.0,5861146.0,1,PPL
2026-07-27,328.9,342.0,328.9,339.5,0.15,19381.0,6513768.7,1,PPL
2026-07-28,322.6,337.0,322.6,334.9,-1.35,14416.0,4832444.0,1,PPL
2026-07-29,345.0,345.0,326.0,335.0,0.03,20801.0,6924402.0,-1,PPL
2026-07-30,325.0,336.8,325.0,328.0,-2.09,20127.0,6624899.0,1,PPL
2026-07-31,311.6,329.0,311.6,326.0,-0.61,25427.0,8282239.2,1,PPL
2026-08-03,310.0,329.8,310.0,322.0,-1.23,28178.0,9148796.0,1,PPL
2026-08-04,320.0,329.6,320.0,326.9,1.52,14899.0,4833027.8,1,PPL
2026-08-05,320.0,328.0,320.0,325.5,-0.43,5815.0,1892590.7,1,PPL
2026-08-06,309.3,333.9,309.3,330.0,1.38,19653.0,6454665.0,1,PPL
2026-08-07,313.5,329.9,313.5,328.4,-0.48,9314.0,3034464.1,1,PPL
2026-08-10,312.0,329.6,312.0,326.5,-0.58,7936.0,2581569.8,1,PPL
2026-08-11,325.0,330.0,322.0,326.0,-0.15,12624.0,4105057.5,1,PPL
2026-08-12,310.0,328.7,310.0,324.0,-0.61,11444.0,3678288.3,1,PPL
2026-07-13,683.8,683.8,672.1,676.8,-0.91,3349.0,2254786.7,-1,PRIN
2026-07-14,676.8,679.0,669.1,678.0,0.18,2449.0,1647718.3,1,PRIN
2026-07-15,680.0,689.0,675.0,676.1,-0.28,5128.0,3477450.4,-1,PRIN
2026-07-16,676.1,694.7,665.5,668.1,-1.18,1666.0,1121627.6,-1,PRIN
2026-07-17,701.4,701.4,685.0,690.0,3.28,6967.0,4819942.6,-1,PRIN
2026-07-20,698.0,705.0,692.5,702.4,1.8,5527.0,3870546.6,1,PRIN
2026-07-21,709.8,709.8,686.2,692.0,-1.48,6285.0,4367404.1,-1,PRIN
2026-07-22,685.1,689.9,681.1,685.0,-1.01,4288.0,2931456.5,-1,PRIN
2026-07-23,685.0,690.0,680.0,688.0,0.44,5611.0,3827585.8,1,PRIN
2026-07-24,697.0,702.8,689.0,695.0,1.02,8742.0,6078727.2,-1,PRIN
2026-07-27,697.0,697.0,680.1,680.4,-2.1,4966.0,3412813.1,-1,PRIN
2026-07-28,678.6,689.0,678.3,679.0,-0.21,3693.0,2507358.7,1,PRIN
2026-07-29,674.0,688.3,668.3,676.6,-0.35,4698.0,3177069.1,1,PRIN
2026-07-30,680.0,688.9,671.2,679.0,0.35,1156.0,781646.4,-1,PRIN
2026-07-31,671.3,680.0,671.3,680.0,0.15,931.0,629170.0,1,PRIN
2026-08-03,682.0,682.0,671.0,673.2,-1.0,1453.0,980901.7,-1,PRIN
2026-08-04,675.0,682.0,663.1,674.0,0.12,3819.0,2558776.5,-1,PRIN
2026-08-05,661.0,675.0,661.0,670.0,-0.59,809.0,540498.6,1,PRIN
2026-08-06,661.1,675.0,661.1,670.5,0.07,1869.0,1247340.1,1,PRIN
2026-08-07,670.5,673.0,665.1,666.0,-0.67,3998.0,2663222.6,-1,PRIN
2026-08-10,664.0,669.0,663.0,668.0,0.3,941.0,626134.5,1,PRIN
2026-08-11,668.0,680.0,663.8,669.3,0.19,1425.0,952838.8,1,PRIN
2026-08-12,669.5,670.0,663.7,666.9,-0.36,4500.0,3002606.3,-1,PRIN
2026-07-13,430.0,430.0,423.0,423.0,-2.31,5570.0,2373355.7,-1,PROFL
2026-07-14,422.5,427.9,415.0,425.0,0.47,5510.0,2319949.8,1,PROFL
2026-07-15,426.0,433.5,425.0,430.0,1.18,10047.0,4325721.7,1,PROFL
2026-07-16,451.5,451.5,427.0,433.0,0.7,3120.0,1345250.0,-1,PROFL
2026-07-17,438.0,445.0,438.0,444.0,2.54,6840.0,3027061.0,1,PROFL
2026-07-20,444.0,450.0,442.0,449.4,1.22,6463.0,2885799.0,1,PROFL
2026-07-21,441.0,450.0,439.2,440.0,-2.09,7800.0,3445345.0,-1,PROFL
2026-07-22,448.7,449.2,439.0,444.0,0.91,6781.0,3021539.5,-1,PROFL
2026-07-23,446.0,446.0,437.0,443.5,-0.11,4575.0,2008868.3,-1,PROFL
2026-07-24,441.0,451.0,432.7,444.0,0.11,8738.0,3877656.7,1,PROFL
2026-07-27,450.0,450.0,434.0,437.9,-1.37,5805.0,2544748.6,-1,PROFL
2026-07-28,437.0,443.2,428.0,437.0,-0.21,8160.0,3531148.2,0,PROFL
2026-07-29,437.0,444.0,430.0,432.0,-1.14,5664.0,2462073.4,-1,PROFL
2026-07-30,437.9,437.9,428.0,434.0,0.46,3009.0,1292955.0,-1,PROFL
2026-07-31,430.0,436.9,430.0,433.0,-0.23,4539.0,1972332.0,1,PROFL
2026-08-03,430.0,436.0,430.0,432.0,-0.23,2347.0,1015336.4,1,PROFL
2026-08-04,430.0,433.0,425.0,429.0,-0.69,4689.0,2002702.8,-1,PROFL
2026-08-05,429.9,430.0,424.0,430.0,0.23,8140.0,3467650.0,1,PROFL
2026-08-06,425.0,434.0,423.1,423.1,-1.6,5125.0,2174816.4,-1,PROFL
2026-08-07,423.0,429.9,415.0,420.0,-0.73,13809.0,5790234.3,-1,PROFL
2026-08-10,420.0,426.0,419.0,419.0,-0.24,4235.0,1779578.6,-1,PROFL
2026-08-11,425.0,425.0,415.0,416.0,-0.72,4803.0,2005128.7,-1,PROFL
2026-08-12,416.0,424.0,413.0,417.2,0.29,2175.0,908269.0,1,PROFL
2026-07-13,12.62,12.8,12.6,12.6,-0.79,85300.0,1081450.0,-1,PRSF
2026-07-14,12.45,12.88,12.45,12.6,0.0,1500.0,18793.0,1,PRSF
2026-07-15,12.61,12.7,12.32,12.37,-1.83,103850.0,1289379.7,-1,PRSF
2026-07-16,12.41,12.69,12.35,12.35,-0.16,153828.0,1911381.1,-1,PRSF
2026-07-17,12.72,12.79,12.48,12.79,3.56,2800.0,35049.0,1,PRSF
2026-07-20,12.79,12.8,12.75,12.75,-0.31,67600.0,863331.0,-1,PRSF
2026-07-21,12.75,12.91,12.75,12.89,1.1,147584.0,1884310.44,1,PRSF
2026-07-22,12.95,12.95,12.68,12.68,-1.63,600.0,7635.0,-1,PRSF
2026-07-23,12.98,12.98,12.9,12.98,2.37,3890.0,50332.2,0,PRSF
2026-07-24,13.17,13.17,12.72,12.77,-1.62,1300.0,16620.0,-1,PRSF
2026-07-27,12.9,12.92,12.89,12.9,1.02,148848.0,1920282.92,0,PRSF
2026-07-28,12.75,12.95,12.75,12.85,-0.39,43350.0,560126.0,1,PRSF
2026-07-29,12.71,12.96,12.71,12.95,0.78,700.0,8946.0,1,PRSF
2026-07-30,12.77,12.77,12.77,12.77,-1.39,100.0,1277.0,0,PRSF
2026-07-31,12.9,12.93,12.7,12.93,1.25,2340.0,30163.0,1,PRSF
2026-08-03,12.73,12.88,12.73,12.88,-0.39,300.0,3834.0,1,PRSF
2026-08-04,12.72,12.93,12.72,12.92,0.31,6115.0,78963.95,1,PRSF
2026-08-05,12.97,13.11,12.72,12.88,-0.31,13500.0,174859.0,-1,PRSF
2026-08-06,12.9,12.97,12.67,12.89,0.08,2850.0,36767.0,-1,PRSF
2026-08-07,12.91,12.91,12.89,12.91,0.16,9400.0,121324.0,0,PRSF
2026-08-10,12.91,12.96,12.71,12.85,-0.46,9500.0,122372.0,-1,PRSF
2026-08-11,12.73,12.83,12.71,12.83,-0.16,11855.0,150814.6,1,PRSF
2026-08-12,12.78,12.79,12.78,12.79,-0.31,1100.0,14068.0,1,PRSF
2026-07-13,180.0,193.0,180.0,188.0,-0.53,87711.0,16503802.5,1,PRVU
2026-07-14,190.0,190.8,186.6,188.0,0.0,86426.0,16312252.9,-1,PRVU
2026-07-15,188.0,190.9,188.0,189.5,0.8,70069.0,13284279.5,1,PRVU
2026-07-16,190.0,192.0,188.5,189.6,0.05,55989.0,10611610.8,-1,PRVU
2026-07-17,191.1,197.2,191.1,197.0,3.9,146628.0,28520743.9,1,PRVU
2026-07-20,197.0,199.5,195.0,198.5,0.76,168988.0,33455069.5,1,PRVU
2026-07-21,208.0,208.0,196.0,197.2,-0.65,159581.0,31676787.9,-1,PRVU
2026-07-22,194.0,198.0,194.0,195.0,-1.12,111920.0,21883646.4,1,PRVU
2026-07-23,186.0,199.0,186.0,195.9,0.46,72972.0,14229564.0,1,PRVU
2026-07-24,197.9,202.7,196.0,199.9,2.04,361992.0,72537414.6,1,PRVU
2026-07-27,200.0,204.9,196.9,198.0,-0.95,274515.0,55108935.8,-1,PRVU
2026-07-28,199.0,199.8,196.2,198.0,0.0,104849.0,20747044.3,-1,PRVU
2026-07-29,207.0,207.0,193.0,195.7,-1.16,130120.0,25593903.5,-1,PRVU
2026-07-30,186.0,197.9,186.0,195.4,-0.15,87233.0,16987062.2,1,PRVU
2026-07-31,187.7,197.4,187.7,196.5,0.56,70601.0,13797552.1,1,PRVU
2026-08-03,187.7,199.0,187.7,196.0,-0.25,109428.0,21624379.9,1,PRVU
2026-08-04,195.0,196.0,193.0,193.2,-1.43,105088.0,20393010.6,-1,PRVU
2026-08-05,193.0,193.9,192.5,193.0,-0.1,104237.0,20121554.8,0,PRVU
2026-08-06,184.0,196.9,184.0,192.3,-0.36,76081.0,14596405.6,1,PRVU
2026-08-07,192.3,193.0,190.0,191.0,-0.68,132896.0,25356396.7,-1,PRVU
2026-08-10,200.5,200.5,188.0,188.5,-1.31,267784.0,50514157.7,-1,PRVU
2026-08-11,190.0,190.4,188.5,190.0,0.8,94685.0,17951491.6,0,PRVU
2026-08-12,190.0,190.9,188.9,189.4,-0.32,58663.0,11117582.4,-1,PRVU
2026-07-13,11.52,11.8,11.52,11.6,-2.11,1470600.0,17224885.0,1,PSF
2026-07-14,11.02,11.86,11.02,11.8,1.72,4695.0,54965.2,1,PSF
2026-07-15,11.51,11.84,11.5,11.7,-0.85,16630.0,194264.5,1,PSF
2026-07-16,11.71,11.9,11.71,11.8,0.85,6100.0,72280.0,1,PSF
2026-07-17,12.0,12.0,11.81,11.92,1.02,12716.0,152136.0,-1,PSF
2026-07-20,11.87,12.22,11.87,12.0,0.67,2200.0,26531.0,1,PSF
2026-07-21,11.94,12.1,11.94,12.0,0.0,116749.0,1401528.0,1,PSF
2026-07-22,12.3,12.36,11.91,12.0,0.0,18715.0,225536.4,-1,PSF
2026-07-23,11.72,12.36,11.72,12.0,0.0,14800.0,177258.0,1,PSF
2026-07-24,11.65,12.1,11.65,12.1,0.83,27964.0,334772.55,1,PSF
2026-07-27,12.1,12.15,11.76,12.1,0.0,20935.0,249698.0,0,PSF
2026-07-28,11.79,12.0,11.79,11.85,-2.07,1700.0,20141.0,1,PSF
2026-07-29,11.79,11.85,11.79,11.85,0.0,4435.0,52369.75,1,PSF
2026-07-30,11.74,11.95,11.74,11.8,-0.42,13600.0,160368.0,1,PSF
2026-07-31,11.45,11.74,11.45,11.74,-0.51,800.0,9273.0,1,PSF
2026-08-03,12.0,12.0,11.82,12.0,2.21,19500.0,233042.0,0,PSF
2026-08-04,12.0,12.22,11.71,11.74,-2.17,3100.0,36868.0,-1,PSF
2026-08-05,11.7,11.8,11.7,11.78,0.34,18300.0,215861.0,1,PSF
2026-08-06,11.79,11.8,11.79,11.8,0.17,900.0,10617.0,1,PSF
2026-08-07,11.8,12.0,11.8,12.0,1.69,3800.0,45231.0,1,PSF
2026-08-10,12.0,12.0,11.9,11.9,-0.83,10855.0,129324.5,-1,PSF
2026-08-11,11.8,12.0,11.8,11.84,-0.5,4180.0,49415.4,1,PSF
2026-08-12,11.86,12.0,11.86,12.0,1.35,5400.0,64344.0,1,PSF
2026-07-13,730.1,752.0,720.0,723.0,-2.82,3641.0,2648470.5,-1,PURE
2026-07-14,723.0,760.6,706.2,740.0,2.35,8693.0,6376403.7,1,PURE
2026-07-15,732.2,760.0,732.2,759.0,2.57,3238.0,2417382.2,1,PURE
2026-07-16,753.0,865.0,745.3,865.0,13.97,8388.0,6466370.0,1,PURE
2026-07-17,821.8,870.0,797.0,870.0,0.58,10043.0,8420402.6,1,PURE
2026-07-20,870.0,879.9,847.0,872.0,0.23,5091.0,4395840.0,1,PURE
2026-07-21,872.0,874.9,839.0,841.0,-3.56,8595.0,7367528.0,-1,PURE
2026-07-22,842.0,885.0,825.0,885.0,5.23,24572.0,21168892.9,1,PURE
2026-07-23,840.8,890.0,840.8,890.0,0.56,5046.0,4408793.9,1,PURE
2026-07-24,899.0,919.0,873.0,898.0,0.9,13573.0,12225099.0,-1,PURE
2026-07-27,872.9,899.0,854.0,855.0,-4.79,7627.0,6603785.0,-1,PURE
2026-07-28,840.1,871.3,840.1,871.3,1.91,11502.0,9820500.3,1,PURE
2026-07-29,845.7,872.0,845.7,861.0,-1.18,5344.0,4594608.6,1,PURE
2026-07-30,841.0,855.7,840.0,852.9,-0.94,3160.0,2674521.0,1,PURE
2026-07-31,833.0,863.0,829.0,863.0,1.18,6604.0,5557204.3,1,PURE
2026-08-03,851.0,873.0,844.0,850.0,-1.51,6331.0,5387271.6,-1,PURE
2026-08-04,828.1,852.9,828.1,849.5,-0.06,4908.0,4153651.0,1,PURE
2026-08-05,827.0,856.0,827.0,837.6,-1.4,1616.0,1356635.6,1,PURE
2026-08-06,825.0,834.0,825.0,825.5,-1.44,2721.0,2250845.7,1,PURE
2026-08-07,830.0,847.9,816.1,820.0,-0.67,20112.0,16743490.1,-1,PURE
2026-08-10,805.5,835.0,805.5,820.0,0.0,1858.0,1510147.0,1,PURE
2026-08-11,815.0,826.0,815.0,826.0,0.73,1772.0,1452772.0,1,PURE
2026-08-12,816.0,830.0,806.0,829.0,0.36,11760.0,9736917.6,1,PURE
2026-07-13,705.0,724.9,686.2,693.3,-2.35,43019.0,30020297.4,-1,RADHI
2026-07-14,705.0,705.0,683.9,695.0,0.25,34937.0,24312836.5,-1,RADHI
2026-07-15,695.0,759.3,695.0,708.0,1.87,53843.0,39440630.1,1,RADHI
2026-07-16,708.0,718.0,690.3,700.0,-1.13,24647.0,17217355.6,-1,RADHI
2026-07-17,735.0,740.0,710.2,737.5,5.36,88960.0,64819967.6,1,RADHI
2026-07-20,753.0,766.0,733.1,764.9,3.72,120520.0,91164182.7,1,RADHI
2026-07-21,764.9,779.0,751.0,762.5,-0.31,121806.0,92810144.0,-1,RADHI
2026-07-22,745.0,764.0,745.0,745.1,-2.28,114815.0,86242604.8,1,RADHI
2026-07-23,720.0,763.8,720.0,754.0,1.19,65510.0,49005702.7,1,RADHI
2026-07-24,721.0,766.8,721.0,755.0,0.13,114801.0,87121258.0,1,RADHI
2026-07-27,720.0,763.2,720.0,740.0,-1.99,46649.0,34693969.4,1,RADHI
2026-07-28,777.0,777.0,725.0,744.0,0.54,29341.0,21544673.6,-1,RADHI
2026-07-29,706.9,748.0,706.9,737.0,-0.94,30721.0,22483276.4,1,RADHI
2026-07-30,700.3,742.0,700.3,724.9,-1.64,57946.0,41667973.6,1,RADHI
2026-07-31,725.0,729.0,714.0,729.0,0.57,50725.0,36464054.1,1,RADHI
2026-08-03,700.0,742.6,700.0,730.0,0.14,46959.0,33681536.6,1,RADHI
2026-08-04,723.0,723.0,710.2,720.0,-1.37,27910.0,19967535.0,-1,RADHI
2026-08-05,710.0,719.9,705.0,716.0,-0.56,71244.0,50724781.0,1,RADHI
2026-08-06,745.0,745.0,702.0,715.0,-0.14,25197.0,18030124.6,-1,RADHI
2026-08-07,719.0,725.0,705.0,711.0,-0.56,64637.0,45732471.1,-1,RADHI
2026-08-10,710.9,724.0,704.1,705.0,-0.84,17998.0,12732661.1,-1,RADHI
2026-08-11,670.0,725.0,670.0,716.8,1.67,38611.0,27585495.1,1,RADHI
2026-08-12,700.0,730.0,700.0,729.8,1.81,142030.0,101557911.3,1,RADHI
2026-07-13,426.9,427.0,400.0,406.0,-3.06,35619.0,14449857.4,-1,RAWA
2026-07-14,426.0,426.0,399.0,411.9,1.45,27656.0,11259519.1,-1,RAWA
2026-07-15,404.0,422.3,404.0,415.0,0.75,17890.0,7422406.4,1,RAWA
2026-07-16,408.4,426.0,408.4,411.8,-0.77,16584.0,6871682.9,1,RAWA
2026-07-17,419.0,444.0,415.0,437.6,6.27,57692.0,24847906.1,1,RAWA
2026-07-20,440.0,453.8,431.0,453.0,3.52,80265.0,35542049.8,1,RAWA
2026-07-21,453.5,459.9,440.1,447.0,-1.32,43852.0,19595062.2,-1,RAWA
2026-07-22,448.9,449.0,438.0,442.0,-1.12,51392.0,22722389.4,-1,RAWA
2026-07-23,464.0,464.0,433.0,442.0,0.0,23955.0,10497615.8,-1,RAWA
2026-07-24,464.0,464.0,441.1,445.0,0.68,35112.0,15739809.1,-1,RAWA
2026-07-27,440.0,453.0,430.0,434.0,-2.47,30785.0,13532168.3,-1,RAWA
2026-07-28,430.0,436.0,426.0,426.6,-1.71,21778.0,9347815.9,-1,RAWA
2026-07-29,430.0,433.0,420.0,425.9,-0.16,34600.0,14676275.3,-1,RAWA
2026-07-30,444.9,444.9,422.1,428.0,0.49,10012.0,4249698.5,-1,RAWA
2026-07-31,420.1,430.0,420.1,430.0,0.47,9126.0,3901384.6,1,RAWA
2026-08-03,433.8,434.0,423.4,423.4,-1.53,22450.0,9623494.3,-1,RAWA
2026-08-04,420.0,430.0,420.0,427.0,0.85,27600.0,11743979.1,1,RAWA
2026-08-05,425.0,428.5,422.1,427.8,0.19,13750.0,5833286.3,1,RAWA
2026-08-06,432.0,432.0,420.8,425.9,-0.44,10371.0,4399904.7,-1,RAWA
2026-08-07,426.0,426.0,419.0,420.0,-1.39,14270.0,6003073.6,-1,RAWA
2026-08-10,429.0,429.0,412.5,417.8,-0.52,11780.0,4900593.7,-1,RAWA
2026-08-11,429.0,429.0,418.0,423.8,1.44,15504.0,6544781.0,-1,RAWA
2026-08-12,429.0,429.0,419.0,423.8,0.0,9538.0,4023439.9,-1,RAWA
2026-07-14,1060.0,1115.0,1060.0,1065.0,0.47,147008.0,160345185.9,1,RBBD2088
2026-07-15,1065.0,1128.9,1055.0,1070.0,0.47,312949.0,332043883.4,1,RBBD2088
2026-07-16,1083.0,1083.0,1083.0,1083.0,1.21,24176.0,26182608.0,0,RBBD2088
2026-07-20,1050.6,1050.6,1032.0,1032.0,-4.71,200.0,209934.0,-1,RBBD2088
2026-07-21,1032.0,1050.0,1022.0,1032.1,0.01,826.0,855243.3,1,RBBD2088
2026-07-22,1050.0,1063.0,1050.0,1050.0,1.73,765.0,810470.0,0,RBBD2088
2026-07-24,1059.0,1075.0,1059.0,1075.0,2.38,535.0,570790.0,1,RBBD2088
2026-08-04,1043.0,1043.0,1022.3,1026.7,-4.49,150.0,155525.0,-1,RBBD2088
2026-08-05,1055.9,1056.0,1055.9,1056.0,2.85,50.0,52797.5,1,RBBD2088
2026-08-10,1024.4,1024.4,994.1,994.1,-5.86,26.0,26149.6,-1,RBBD2088
2026-08-11,994.1,1053.0,994.1,1053.0,5.92,52.0,54726.9,1,RBBD2088
2026-07-13,9.5,9.53,9.15,9.15,-1.19,2652000.0,24557553.1,-1,RBBF40
2026-07-14,9.15,9.5,9.01,9.3,1.64,2451040.0,22650705.0,1,RBBF40
2026-07-15,9.3,9.3,9.03,9.25,-0.54,38301.0,355287.8,-1,RBBF40
2026-07-16,9.71,9.99,9.15,9.99,8.0,12450.0,116937.0,1,RBBF40
2026-07-17,9.7,9.7,9.23,9.38,-6.11,15441.0,143952.5,-1,RBBF40
2026-07-20,9.38,9.38,9.18,9.18,-2.13,91250.0,850946.0,-1,RBBF40
2026-07-21,9.1,9.2,9.1,9.18,0.0,6700.0,61530.0,1,RBBF40
2026-07-22,9.21,9.34,9.15,9.34,1.74,49105.0,451476.8,1,RBBF40
2026-07-23,9.07,9.2,9.01,9.19,-1.61,176251.0,1597370.55,1,RBBF40
2026-07-24,8.95,9.32,8.95,9.32,1.41,11700.0,106156.0,1,RBBF40
2026-07-27,9.07,9.3,9.07,9.29,-0.32,49048.0,448136.3,1,RBBF40
2026-07-28,9.05,9.26,9.0,9.0,-3.12,411785.0,3710751.21,-1,RBBF40
2026-07-29,9.27,9.54,9.11,9.27,3.0,53594.0,496885.34,0,RBBF40
2026-07-30,9.27,9.42,9.02,9.02,-2.7,1343.0,12377.06,-1,RBBF40
2026-07-31,9.29,9.29,9.01,9.03,0.11,4000.0,36367.0,-1,RBBF40
2026-08-03,9.2,9.27,9.0,9.22,2.1,13150.0,119847.8,1,RBBF40
2026-08-04,9.0,9.2,8.97,8.97,-2.71,23100.0,210049.0,-1,RBBF40
2026-08-05,9.0,9.15,9.0,9.15,2.01,24909.0,225529.85,1,RBBF40
2026-08-06,9.02,9.1,9.02,9.04,-1.2,14700.0,133028.56,1,RBBF40
2026-08-07,9.49,9.49,9.01,9.01,-0.33,1948.0,17817.52,-1,RBBF40
2026-08-10,9.0,9.14,9.0,9.12,1.22,3054.0,27672.48,1,RBBF40
2026-08-11,9.1,9.11,9.01,9.01,-1.21,25941.0,234139.41,-1,RBBF40
2026-08-12,9.2,10.35,9.1,9.1,1.0,32410.0,300087.0,-1,RBBF40
2026-07-13,14252.0,14450.0,14252.0,14450.0,-0.29,30.0,429540.0,1,RBCL
2026-07-14,14399.9,14449.0,14160.0,14399.0,-0.35,105.0,1501329.0,-1,RBCL
2026-07-15,14699.0,14699.0,14699.0,14699.0,2.08,10.0,146990.0,0,RBCL
2026-07-16,14797.0,14897.0,14455.0,14879.0,1.22,60.0,887279.0,1,RBCL
2026-07-17,14893.0,14894.0,14893.0,14894.0,0.1,30.0,446809.0,1,RBCL
2026-07-20,14631.0,14631.0,14626.0,14627.0,-1.79,100.0,1462760.0,-1,RBCL
2026-07-21,14898.0,14898.0,14898.0,14898.0,1.85,10.0,148980.0,0,RBCL
2026-07-22,14590.0,14590.0,14474.0,14474.0,-2.85,40.0,580120.0,-1,RBCL
2026-07-23,14900.0,14900.0,14500.0,14895.0,2.91,60.0,880450.0,-1,RBCL
2026-07-24,14510.0,14600.2,14501.0,14600.2,-1.98,100.0,1452220.0,1,RBCL
2026-07-27,14600.0,14799.9,14600.0,14739.0,0.95,70.0,1032786.0,1,RBCL
2026-07-28,14575.0,14575.0,14575.0,14575.0,-1.11,10.0,145750.0,0,RBCL
2026-07-29,14575.0,14575.0,14557.0,14557.0,-0.12,20.0,291320.0,-1,RBCL
2026-07-30,14500.0,14699.0,14000.0,14600.0,0.3,867.0,12327703.8,1,RBCL
2026-07-31,14168.0,14500.0,14168.0,14206.0,-2.7,60.0,860320.0,1,RBCL
2026-08-03,14251.0,14590.0,14250.0,14590.0,2.7,50.0,715910.0,1,RBCL
2026-08-04,14568.0,14568.0,14450.0,14450.0,-0.96,30.0,434680.0,-1,RBCL
2026-08-05,14230.0,14230.0,14230.0,14230.0,-1.52,10.0,142300.0,0,RBCL
2026-08-06,14211.0,14300.0,14201.0,14300.0,0.49,59.0,839570.0,1,RBCL
2026-08-07,14060.0,14210.0,14060.0,14210.0,-0.63,40.0,565300.0,1,RBCL
2026-08-10,14000.0,14419.0,14000.0,14419.0,1.47,30.0,424190.0,1,RBCL
2026-08-11,14399.0,14399.0,14108.1,14108.1,-2.16,50.0,712132.0,-1,RBCL
2026-08-12,14110.0,14110.0,14025.0,14025.0,-0.59,100.0,1406370.0,-1,RBCL
2026-07-13,11153.0,11397.0,11150.1,11397.0,-0.02,70.0,783091.0,1,RBCLPO
2026-07-14,11100.0,11729.0,11000.0,11729.0,2.91,311.0,3452132.5,1,RBCLPO
2026-07-15,11380.0,11690.0,11050.0,11690.0,-0.33,240.0,2680696.0,1,RBCLPO
2026-07-16,11350.0,12828.0,11350.0,12828.0,9.73,350.0,4135400.0,1,RBCLPO
2026-07-17,12443.2,12443.2,12000.0,12100.0,-5.68,75.0,908357.0,-1,RBCLPO
2026-07-20,12100.0,12100.0,12100.0,12100.0,0.0,50.0,605000.0,0,RBCLPO
2026-07-21,12150.0,12150.0,11999.0,11999.0,-0.83,30.0,361480.0,-1,RBCLPO
2026-07-24,11710.0,11710.2,11710.0,11710.0,-2.41,40.0,468404.0,0,RBCLPO
2026-07-27,11670.2,11670.2,11378.0,11378.0,-2.84,100.0,1151887.0,-1,RBCLPO
2026-07-28,11450.0,11450.0,11450.0,11450.0,0.63,30.0,343500.0,0,RBCLPO
2026-07-29,11593.0,11593.0,11593.0,11593.0,1.25,25.0,289825.0,0,RBCLPO
2026-08-03,11410.0,11410.0,11380.0,11380.0,-1.84,20.0,227900.0,-1,RBCLPO
2026-08-05,11380.0,11662.0,11380.0,11662.0,2.48,70.0,799420.0,1,RBCLPO
2026-08-06,11380.0,11380.0,11380.0,11380.0,-2.42,15.0,170700.0,0,RBCLPO
2026-07-13,330.0,333.0,322.4,322.4,-2.3,27601.0,8985638.3,-1,RFPL
2026-07-14,322.4,330.0,317.5,321.7,-0.22,24382.0,7867032.3,-1,RFPL
2026-07-15,330.0,330.0,320.1,328.0,1.96,13611.0,4401780.1,-1,RFPL
2026-07-16,315.0,342.0,315.0,326.0,-0.61,32454.0,10542823.4,1,RFPL
2026-07-17,331.8,344.9,329.0,335.1,2.79,34545.0,11679150.8,1,RFPL
2026-07-20,344.0,353.0,341.0,352.0,5.04,35490.0,12339604.1,1,RFPL
2026-07-21,369.6,369.6,346.0,350.0,-0.57,24743.0,8670079.1,-1,RFPL
2026-07-22,342.0,349.5,340.0,345.0,-1.43,28089.0,9625201.8,1,RFPL
2026-07-23,329.0,345.0,329.0,344.0,-0.29,12529.0,4297049.0,1,RFPL
2026-07-24,350.0,350.0,342.1,345.9,0.55,18660.0,6448968.0,-1,RFPL
2026-07-27,330.0,350.0,328.2,339.8,-1.76,35602.0,11983196.6,1,RFPL
2026-07-28,345.0,345.0,331.1,335.0,-1.41,15924.0,5336496.6,-1,RFPL
2026-07-29,330.1,341.9,330.1,335.0,0.0,20971.0,7068965.2,1,RFPL
2026-07-30,333.1,342.0,333.0,333.5,-0.45,15140.0,5048689.7,1,RFPL
2026-07-31,330.0,338.0,330.0,335.3,0.54,8669.0,2897437.2,1,RFPL
2026-08-03,340.0,340.0,330.1,334.9,-0.12,19056.0,6394540.4,-1,RFPL
2026-08-04,332.0,335.0,326.2,331.8,-0.93,19432.0,6421433.2,-1,RFPL
2026-08-05,333.8,339.9,326.0,330.5,-0.39,13144.0,4349162.5,-1,RFPL
2026-08-06,325.1,339.9,325.1,333.2,0.82,11147.0,3724965.2,1,RFPL
2026-08-07,333.0,337.0,325.1,334.7,0.45,15251.0,5077962.3,1,RFPL
2026-08-10,330.2,336.9,330.2,332.5,-0.66,16227.0,5422568.5,1,RFPL
2026-08-11,332.5,342.4,332.5,336.5,1.2,25800.0,8728276.4,1,RFPL
2026-08-12,342.5,342.5,333.7,336.5,0.0,9817.0,3288493.3,-1,RFPL
2026-07-13,255.5,260.0,253.0,253.0,-2.69,17073.0,4362999.0,-1,RHGCL
2026-07-14,253.0,255.0,240.0,249.0,-1.58,44550.0,11104648.3,-1,RHGCL
2026-07-15,256.0,260.0,250.0,251.0,0.8,9624.0,2425806.6,-1,RHGCL
2026-07-16,251.0,256.5,245.1,249.9,-0.44,14851.0,3711117.0,-1,RHGCL
2026-07-17,246.6,271.0,246.6,270.0,8.04,27112.0,7195735.7,1,RHGCL
2026-07-20,283.5,283.5,270.0,277.0,2.59,17559.0,4837603.1,-1,RHGCL
2026-07-21,277.0,283.6,271.3,280.0,1.08,24789.0,6825394.8,1,RHGCL
2026-07-22,266.0,279.9,266.0,272.2,-2.79,12577.0,3440258.8,1,RHGCL
2026-07-23,266.2,278.0,262.7,270.0,-0.81,40902.0,10892036.3,1,RHGCL
2026-07-24,265.1,278.0,265.1,273.7,1.37,18625.0,5075071.3,1,RHGCL
2026-07-27,261.0,276.8,261.0,268.9,-1.75,6812.0,1854002.5,1,RHGCL
2026-07-28,270.0,270.0,255.2,265.7,-1.19,26229.0,6841187.0,-1,RHGCL
2026-07-29,258.3,267.7,258.3,265.0,-0.26,7317.0,1923058.9,1,RHGCL
2026-07-30,258.0,266.5,258.0,264.2,-0.3,15550.0,4074834.8,1,RHGCL
2026-07-31,259.0,265.0,259.0,265.0,0.3,10433.0,2735512.3,1,RHGCL
2026-08-03,258.3,266.0,258.3,262.9,-0.79,17837.0,4673362.0,1,RHGCL
2026-08-04,249.8,264.6,249.8,263.5,0.23,19930.0,5217597.3,1,RHGCL
2026-08-05,257.1,263.0,257.1,262.0,-0.57,9625.0,2510289.0,1,RHGCL
2026-08-06,262.9,262.9,259.0,261.0,-0.38,16537.0,4303868.9,-1,RHGCL
2026-08-07,259.0,261.9,257.5,258.1,-1.11,12524.0,3236443.7,-1,RHGCL
2026-08-10,251.3,258.0,251.3,257.0,-0.43,13088.0,3353764.6,1,RHGCL
2026-08-11,257.8,258.8,254.1,258.0,0.39,13517.0,3482264.7,1,RHGCL
2026-08-12,260.0,260.0,255.0,257.0,-0.39,13470.0,3450098.4,-1,RHGCL
2026-07-13,260.2,263.0,255.1,255.1,-2.0,13507.0,3489790.8,-1,RHPL
2026-07-14,252.0,257.0,252.0,255.1,0.0,16053.0,4065524.0,1,RHPL
2026-07-15,253.1,260.0,253.1,255.0,-0.04,8784.0,2248458.1,1,RHPL
2026-07-16,267.7,267.7,253.0,253.0,-0.78,11999.0,3046324.0,-1,RHPL
2026-07-17,253.0,263.6,253.0,263.6,4.19,8545.0,2233819.2,1,RHPL
2026-07-20,263.0,268.2,262.0,267.0,1.29,11309.0,3013662.4,1,RHPL
2026-07-21,265.0,276.0,263.0,271.8,1.8,24913.0,6776667.7,1,RHPL
2026-07-22,271.0,271.0,265.0,265.1,-2.47,11656.0,3105073.5,-1,RHPL
2026-07-23,268.0,268.0,263.3,267.0,0.72,9989.0,2651994.5,-1,RHPL
2026-07-24,263.2,270.0,263.2,267.0,0.0,11576.0,3086581.0,1,RHPL
2026-07-27,254.0,269.0,254.0,264.5,-0.94,10714.0,2843159.1,1,RHPL
2026-07-28,251.3,263.2,251.3,262.0,-0.95,6650.0,1744343.3,1,RHPL
2026-07-29,260.1,265.9,260.1,262.2,0.08,7335.0,1924499.8,1,RHPL
2026-07-30,260.2,263.0,258.1,258.1,-1.56,19919.0,5167245.5,-1,RHPL
2026-07-31,258.5,259.9,255.0,259.9,0.7,17625.0,4535538.3,1,RHPL
2026-08-03,255.5,260.0,255.5,257.3,-1.0,16246.0,4193908.7,1,RHPL
2026-08-04,258.0,260.0,256.0,256.2,-0.43,6959.0,1792919.2,-1,RHPL
2026-08-05,256.0,259.9,256.0,258.0,0.7,6840.0,1761416.4,1,RHPL
2026-08-06,258.0,259.0,256.0,256.5,-0.58,9346.0,2403568.2,-1,RHPL
2026-08-07,244.4,259.0,244.4,259.0,0.97,4000.0,1025084.5,1,RHPL
2026-08-10,259.0,261.0,251.5,260.0,0.39,26721.0,6832846.1,1,RHPL
2026-08-11,254.1,259.0,254.1,256.4,-1.38,11892.0,3050970.9,1,RHPL
2026-08-12,253.3,257.0,253.3,253.6,-1.09,11184.0,2847240.0,1,RHPL
2026-07-13,309.0,332.0,309.0,315.9,-2.65,210156.0,67072228.6,1,RIDI
2026-07-14,301.0,325.0,301.0,316.0,0.03,235844.0,74758606.9,1,RIDI
2026-07-15,301.0,326.5,301.0,322.0,1.9,174573.0,56564140.2,1,RIDI
2026-07-16,328.0,330.0,323.0,326.0,1.24,494227.0,161646080.4,-1,RIDI
2026-07-17,309.7,349.9,309.7,349.5,7.21,447865.0,153644160.1,1,RIDI
2026-07-20,332.1,362.9,332.1,359.7,2.92,576803.0,206648378.9,1,RIDI
2026-07-21,350.0,380.0,350.0,378.9,5.34,1497165.0,557750754.9,1,RIDI
2026-07-22,390.0,390.0,368.0,386.0,1.87,1107447.0,423080031.2,-1,RIDI
2026-07-23,380.0,384.0,375.0,378.1,-2.05,658719.0,249220390.0,-1,RIDI
2026-07-24,360.0,385.9,360.0,370.0,-2.14,824107.0,309319239.7,1,RIDI
2026-07-27,355.0,377.0,355.0,366.0,-1.08,598395.0,221346823.6,1,RIDI
2026-07-28,355.0,375.0,355.0,372.0,1.64,575325.0,212106443.5,1,RIDI
2026-07-29,365.0,377.0,365.0,369.9,-0.56,389549.0,144536072.3,1,RIDI
2026-07-30,368.6,372.0,360.7,363.0,-1.87,294672.0,107717404.5,-1,RIDI
2026-07-31,345.0,371.0,345.0,370.0,1.93,469740.0,172631722.6,1,RIDI
2026-08-03,370.2,376.0,366.0,367.8,-0.59,560763.0,208233148.6,-1,RIDI
2026-08-04,368.9,368.9,359.6,363.0,-1.31,363171.0,131797675.1,-1,RIDI
2026-08-05,363.0,387.2,362.0,384.0,5.79,931453.0,348490223.4,1,RIDI
2026-08-06,385.0,415.0,380.0,384.9,0.23,1213509.0,472400346.8,-1,RIDI
2026-08-07,384.9,388.8,375.0,375.0,-2.57,606959.0,230202624.7,-1,RIDI
2026-08-10,360.0,391.3,360.0,386.0,2.93,762163.0,292768972.8,1,RIDI
2026-08-11,375.0,396.4,375.0,377.0,-2.33,879886.0,336764804.2,1,RIDI
2026-08-12,377.0,380.0,370.1,375.0,-0.53,275981.0,103303829.0,-1,RIDI
2026-07-13,738.0,756.0,735.0,735.0,-2.65,15101.0,11162251.0,-1,RLEL
2026-07-14,720.1,733.0,700.4,733.0,-0.27,9458.0,6804251.9,1,RLEL
2026-07-15,733.0,752.9,725.0,743.8,1.47,8733.0,6476695.0,1,RLEL
2026-07-16,743.8,750.0,696.0,713.0,-4.14,7825.0,5613004.2,-1,RLEL
2026-07-17,740.0,799.0,731.1,799.0,12.06,20326.0,15359848.3,1,RLEL
2026-07-20,820.0,916.0,785.0,916.0,14.64,31692.0,27417767.7,1,RLEL
2026-07-21,940.0,950.0,880.1,905.0,-1.2,19232.0,17568047.2,-1,RLEL
2026-07-22,888.1,913.0,867.0,893.9,-1.23,14317.0,12589996.6,1,RLEL
2026-07-23,867.1,948.4,867.1,940.0,5.16,19571.0,17847418.4,1,RLEL
2026-07-24,930.0,975.4,905.0,970.0,3.19,28028.0,26683877.3,1,RLEL
2026-07-27,941.0,970.0,877.0,890.1,-8.24,14627.0,13485912.2,-1,RLEL
2026-07-28,863.4,929.0,846.0,905.0,1.67,13773.0,12178319.7,1,RLEL
2026-07-29,877.9,910.0,867.0,899.0,-0.66,4575.0,4086727.0,1,RLEL
2026-07-30,875.4,903.0,850.0,867.8,-3.47,11208.0,9701454.7,-1,RLEL
2026-07-31,848.0,890.0,847.4,885.7,2.06,6130.0,5373243.8,1,RLEL
2026-08-03,865.0,916.0,865.0,909.9,2.73,17588.0,15844224.2,1,RLEL
2026-08-04,890.0,915.0,880.0,905.0,-0.54,8017.0,7169234.0,1,RLEL
2026-08-05,878.0,900.0,878.0,898.0,-0.77,6282.0,5599042.5,1,RLEL
2026-08-06,885.0,905.0,885.0,886.0,-1.34,3583.0,3197631.5,1,RLEL
2026-08-07,928.0,928.0,877.0,890.0,0.45,4579.0,4042117.8,-1,RLEL
2026-08-10,889.0,890.0,866.0,867.0,-2.58,3697.0,3226179.0,-1,RLEL
2026-08-11,867.0,874.0,855.1,863.0,-0.46,3805.0,3285450.0,-1,RLEL
2026-08-12,865.0,906.0,826.0,855.0,-0.93,18108.0,15469675.6,-1,RLEL
2026-07-13,464.0,464.0,442.0,450.0,-2.11,19127.0,8614651.5,-1,RLFL
2026-07-14,450.0,454.0,440.0,451.0,0.22,12621.0,5641550.5,1,RLFL
2026-07-15,440.0,460.0,440.0,454.9,0.86,25070.0,11422509.9,1,RLFL
2026-07-16,459.0,467.5,448.3,450.0,-1.08,31854.0,14444476.7,-1,RLFL
2026-07-17,462.0,471.0,455.6,470.0,4.44,31609.0,14752288.1,1,RLFL
2026-07-20,470.0,477.8,465.5,475.0,1.06,42873.0,20227737.1,1,RLFL
2026-07-21,470.0,484.0,465.0,465.2,-2.06,50923.0,24076107.6,-1,RLFL
2026-07-22,470.0,482.0,466.3,473.0,1.68,57262.0,27221584.1,1,RLFL
2026-07-23,490.0,490.0,460.0,479.0,1.27,32135.0,15158532.0,-1,RLFL
2026-07-24,500.0,500.0,471.0,471.0,-1.67,46706.0,22336280.3,-1,RLFL
2026-07-27,484.0,484.0,465.1,469.0,-0.42,52582.0,24990505.8,-1,RLFL
2026-07-28,474.0,474.0,463.0,470.0,0.21,19694.0,9223254.1,-1,RLFL
2026-07-29,462.6,472.9,462.6,463.0,-1.49,13545.0,6328893.3,1,RLFL
2026-07-30,470.9,470.9,457.0,465.0,0.43,13971.0,6453145.0,-1,RLFL
2026-07-31,460.0,469.5,459.0,465.0,0.0,11226.0,5186167.2,1,RLFL
2026-08-03,469.6,470.7,460.0,466.8,0.39,14449.0,6685255.5,-1,RLFL
2026-08-04,466.8,469.0,460.0,468.9,0.45,43231.0,20019854.3,1,RLFL
2026-08-05,492.3,492.3,457.0,459.9,-1.92,37185.0,17152901.2,-1,RLFL
2026-08-06,469.0,469.0,450.1,457.0,-0.63,13466.0,6113553.6,-1,RLFL
2026-08-07,465.0,465.0,452.2,452.6,-0.96,10292.0,4686143.8,-1,RLFL
2026-08-10,462.8,462.8,445.7,447.0,-1.24,32466.0,14619911.6,-1,RLFL
2026-08-11,457.9,457.9,446.0,446.0,-0.22,11787.0,5297223.2,-1,RLFL
2026-08-12,452.9,455.0,443.0,448.9,0.65,27609.0,12361525.2,-1,RLFL
2026-07-13,9.7,10.05,9.7,9.79,-0.1,28500.0,282052.0,1,RMF1
2026-07-14,9.6,9.69,9.58,9.69,-1.02,1127140.0,10822625.7,1,RMF1
2026-07-15,9.66,9.9,9.66,9.9,2.17,575.0,5581.0,1,RMF1
2026-07-16,10.05,10.05,9.66,10.05,1.52,49324.0,478488.8,0,RMF1
2026-07-17,9.76,9.98,9.76,9.76,-2.89,11300.0,110861.0,0,RMF1
2026-07-20,9.62,9.9,9.62,9.75,-0.1,41738.0,406849.2,1,RMF1
2026-07-21,10.0,10.0,9.7,9.9,1.54,62025.0,603552.5,-1,RMF1
2026-07-22,9.85,9.96,9.65,9.67,-2.32,335310.0,3237084.5,-1,RMF1
2026-07-23,10.15,10.15,9.53,9.9,2.38,245740.0,2367057.0,-1,RMF1
2026-07-24,9.62,9.7,9.55,9.7,-2.02,260327.0,2509124.8,1,RMF1
2026-07-27,9.99,10.89,9.68,9.68,-0.21,1950.0,19723.0,-1,RMF1
2026-07-28,9.39,9.97,9.39,9.68,0.0,9190.0,87176.5,1,RMF1
2026-07-29,9.39,9.88,9.11,9.88,2.07,71860.0,680790.6,1,RMF1
2026-07-30,9.87,9.98,9.6,9.68,-2.02,12930.0,126302.4,-1,RMF1
2026-07-31,9.55,9.78,9.55,9.78,1.03,13100.0,127012.0,1,RMF1
2026-08-03,9.56,9.84,9.56,9.62,-1.64,13900.0,134879.8,1,RMF1
2026-08-04,9.55,9.81,9.55,9.61,-0.1,24460.0,237294.9,1,RMF1
2026-08-05,9.58,9.7,9.55,9.55,-0.62,15880.0,152644.0,-1,RMF1
2026-08-06,9.55,9.68,9.4,9.68,1.36,2950.0,28162.5,1,RMF1
2026-08-07,9.5,9.67,9.4,9.67,-0.1,18250.0,175255.5,1,RMF1
2026-08-10,9.57,9.7,9.56,9.7,0.31,2500.0,24181.0,1,RMF1
2026-08-11,9.6,9.82,9.6,9.82,1.24,18100.0,177549.0,1,RMF1
2026-08-12,10.02,10.02,9.6,9.84,0.2,55300.0,541771.7,-1,RMF1
2026-07-13,9.9,10.0,9.71,9.71,-2.41,570.0,5661.0,-1,RMF2
2026-07-14,9.42,9.7,9.42,9.7,-0.1,2100.0,20342.0,1,RMF2
2026-07-15,9.64,9.93,9.64,9.93,2.37,214700.0,2130942.0,1,RMF2
2026-07-16,10.0,10.3,10.0,10.0,0.7,3100.0,31870.0,0,RMF2
2026-07-17,9.9,9.92,9.9,9.92,-0.8,400.0,3962.0,1,RMF2
2026-07-20,9.65,9.99,9.65,9.99,0.71,2600.0,25297.0,1,RMF2
2026-07-21,9.77,10.3,9.77,10.3,3.1,8210.0,84087.0,1,RMF2
2026-07-22,10.25,10.25,10.1,10.12,-1.75,1100.0,11135.0,-1,RMF2
2026-07-24,9.9,10.12,9.9,10.12,0.0,450.0,4498.0,1,RMF2
2026-07-27,10.16,10.16,10.12,10.12,0.0,3350.0,34029.0,-1,RMF2
2026-07-28,10.0,10.0,10.0,10.0,-1.19,1100.0,11000.0,0,RMF2
2026-07-29,9.8,10.0,9.8,9.97,-0.3,1400.0,13968.0,1,RMF2
2026-07-30,9.7,10.07,9.7,10.07,1.0,2600.0,26086.0,1,RMF2
2026-08-03,9.8,9.8,9.8,9.8,-2.68,100.0,980.0,0,RMF2
2026-08-04,9.7,9.72,9.7,9.72,-0.82,300.0,2914.0,1,RMF2
2026-08-05,9.63,9.63,9.63,9.63,-0.93,100.0,963.0,0,RMF2
2026-08-06,9.64,9.85,9.64,9.85,2.28,600.0,5889.0,1,RMF2
2026-08-07,9.73,9.79,9.73,9.79,-0.61,300.0,2928.0,1,RMF2
2026-08-10,9.63,9.73,9.63,9.73,-0.61,5100.0,49613.0,1,RMF2
2026-08-11,9.82,9.82,9.82,9.82,0.92,100.0,982.0,0,RMF2
2026-08-12,9.81,9.81,9.81,9.81,-0.1,100.0,981.0,0,RMF2
2026-07-13,440.5,443.9,437.0,439.9,-0.92,17502.0,7701440.7,-1,RNLI
2026-07-14,439.0,442.8,436.0,440.0,0.02,12497.0,5487653.5,1,RNLI
2026-07-15,440.0,444.7,437.0,441.8,0.41,5624.0,2479541.1,1,RNLI
2026-07-16,437.1,443.0,437.1,440.0,-0.41,6013.0,2646144.7,1,RNLI
2026-07-17,436.0,451.8,436.0,451.8,2.68,9257.0,4150224.0,1,RNLI
2026-07-20,455.0,463.0,446.5,459.5,1.7,9225.0,4214881.0,1,RNLI
2026-07-21,460.5,463.7,456.0,458.9,-0.13,34536.0,15832601.9,-1,RNLI
2026-07-22,450.1,459.0,450.1,456.7,-0.48,15294.0,6960306.4,1,RNLI
2026-07-23,445.1,458.0,445.1,458.0,0.28,13601.0,6177998.5,1,RNLI
2026-07-24,451.1,458.0,451.1,455.0,-0.66,10240.0,4668033.4,1,RNLI
2026-07-27,451.1,458.0,441.4,445.0,-2.2,64248.0,28719484.7,-1,RNLI
2026-07-28,444.0,446.0,440.9,444.0,-0.22,17410.0,7704436.2,0,RNLI
2026-07-29,440.0,448.8,440.0,445.9,0.43,12355.0,5504685.3,1,RNLI
2026-07-30,440.3,444.0,440.3,441.9,-0.9,8512.0,3758757.9,1,RNLI
2026-07-31,440.2,444.8,439.5,444.5,0.59,11354.0,5017976.5,1,RNLI
2026-08-03,430.0,445.0,430.0,442.9,-0.36,9208.0,4074855.4,1,RNLI
2026-08-04,446.0,446.0,429.0,435.0,-1.78,48579.0,21138770.7,-1,RNLI
2026-08-05,430.1,438.4,430.1,437.7,0.62,9514.0,4129310.7,1,RNLI
2026-08-06,416.0,435.0,416.0,432.5,-1.19,27466.0,11837537.9,1,RNLI
2026-08-07,428.0,431.9,428.0,431.7,-0.18,8967.0,3850350.2,1,RNLI
2026-08-10,431.7,434.0,423.0,424.0,-1.78,21810.0,9263574.4,-1,RNLI
2026-08-11,421.0,426.0,418.0,422.9,-0.26,23788.0,10034554.6,1,RNLI
2026-08-12,421.1,425.9,421.1,421.5,-0.33,18238.0,7694429.3,1,RNLI
2026-07-13,632.1,639.0,625.0,627.0,-2.49,4118.0,2583771.0,-1,RSDC
2026-07-14,620.0,639.0,610.0,632.0,0.8,3869.0,2419899.3,1,RSDC
2026-07-15,638.0,649.0,630.0,645.9,2.2,560.0,355885.7,1,RSDC
2026-07-16,661.0,661.0,640.0,649.8,0.6,841.0,541607.5,-1,RSDC
2026-07-17,649.8,664.5,649.8,664.0,2.19,4400.0,2898255.1,1,RSDC
2026-07-20,666.0,674.0,655.9,673.9,1.49,5985.0,4003154.9,1,RSDC
2026-07-21,679.0,686.0,665.0,668.0,-0.88,16999.0,11505256.1,-1,RSDC
2026-07-22,672.0,677.0,663.0,677.0,1.35,6228.0,4153168.0,1,RSDC
2026-07-23,676.0,677.0,663.0,675.0,-0.3,1340.0,896965.0,-1,RSDC
2026-07-24,641.3,681.0,641.3,670.1,-0.73,4871.0,3296498.7,1,RSDC
2026-07-27,668.0,668.0,641.0,642.0,-4.19,6409.0,4192609.5,-1,RSDC
2026-07-28,660.0,660.0,643.0,647.6,0.87,1371.0,889131.7,-1,RSDC
2026-07-29,643.5,650.1,642.2,643.0,-0.71,5340.0,3451113.7,-1,RSDC
2026-07-30,641.2,645.0,637.0,640.1,-0.45,1502.0,962779.7,-1,RSDC
2026-07-31,642.1,645.0,638.0,638.2,-0.3,4291.0,2740902.5,-1,RSDC
2026-08-03,642.0,645.0,640.2,640.5,0.36,1446.0,928280.5,-1,RSDC
2026-08-04,641.0,641.0,637.0,640.0,-0.08,1859.0,1188110.5,-1,RSDC
2026-08-05,640.0,650.0,637.0,637.1,-0.45,2874.0,1833453.2,-1,RSDC
2026-08-06,637.1,645.0,633.0,635.0,-0.33,2729.0,1737407.5,-1,RSDC
2026-08-07,630.1,640.0,630.1,638.0,0.47,2369.0,1498057.2,1,RSDC
2026-08-10,636.0,663.0,630.0,657.0,2.98,8214.0,5321329.3,1,RSDC
2026-08-11,669.0,669.0,640.0,649.0,-1.22,4373.0,2820148.3,-1,RSDC
2026-08-12,637.1,639.5,637.1,638.4,-1.63,492.0,314050.8,1,RSDC
2026-07-13,3000.0,3048.0,2975.0,3029.0,-0.19,23433.0,70136937.1,1,RSML
2026-07-14,2980.0,3037.0,2967.0,3025.0,-0.13,41025.0,122554770.0,1,RSML
2026-07-15,2981.0,3070.0,2981.0,3000.0,-0.83,27505.0,82706234.5,1,RSML
2026-07-16,2970.0,3035.0,2960.0,2970.0,-1.0,29513.0,88417221.6,0,RSML
2026-07-17,2940.0,3200.0,2940.0,3200.0,7.74,49947.0,156008817.4,1,RSML
2026-07-20,3150.0,3498.0,3150.0,3498.0,9.31,73255.0,244657766.0,1,RSML
2026-07-21,3460.0,3650.0,3460.0,3545.0,1.34,77289.0,273431989.6,1,RSML
2026-07-22,3450.0,3681.0,3450.0,3681.0,3.84,75158.0,263235757.1,1,RSML
2026-07-23,3510.0,3791.0,3484.9,3516.0,-4.48,80405.0,283319144.7,1,RSML
2026-07-24,3471.0,3599.0,3420.0,3494.0,-0.63,43204.0,151197048.1,1,RSML
2026-07-27,3320.0,3419.6,3200.1,3240.0,-7.27,102801.0,338666581.3,-1,RSML
2026-07-28,3401.0,3401.0,3100.0,3185.0,-1.7,51466.0,161360121.0,-1,RSML
2026-07-29,3110.0,3200.0,3080.5,3118.0,-2.1,57561.0,179134488.7,1,RSML
2026-07-30,3051.0,3134.9,2970.5,3024.0,-3.01,80858.0,243843238.7,-1,RSML
2026-07-31,3175.0,3175.0,2950.0,2999.0,-0.83,38722.0,116021764.9,-1,RSML
2026-08-03,3148.0,3148.0,2775.0,2780.0,-7.3,95826.0,276287011.9,-1,RSML
2026-08-04,2780.0,2850.0,2561.2,2705.0,-2.7,45708.0,122461606.3,-1,RSML
2026-08-05,2650.0,2699.0,2580.0,2619.0,-3.18,31835.0,84402232.0,-1,RSML
2026-08-06,2600.0,2600.0,2510.0,2541.6,-2.96,49202.0,125711542.9,-1,RSML
2026-08-07,2540.0,2640.0,2540.0,2620.0,3.08,27037.0,70254622.1,1,RSML
2026-08-10,2489.0,2699.9,2489.0,2633.5,0.52,31036.0,82282626.6,1,RSML
2026-08-11,2502.0,2690.0,2502.0,2626.0,-0.28,31269.0,82999671.6,1,RSML
2026-08-12,2600.0,2630.0,2550.1,2550.1,-2.89,23929.0,61888695.4,-1,RSML
2026-07-13,9.81,10.0,9.81,10.0,-0.99,5700.0,56942.0,1,RSY
2026-07-14,9.7,10.0,9.7,10.0,0.0,1200.0,11929.0,1,RSY
2026-07-15,9.74,10.04,9.74,10.01,0.1,2105.0,21020.2,1,RSY
2026-07-16,9.76,10.24,9.76,10.24,2.3,8910.0,90254.65,1,RSY
2026-07-17,10.2,10.24,9.9,10.0,-2.34,46100.0,470438.0,-1,RSY
2026-07-20,9.95,10.25,9.95,10.1,1.0,12000.0,121546.0,1,RSY
2026-07-21,9.95,10.39,9.8,10.1,0.0,50908.0,526102.8,1,RSY
2026-07-22,10.02,10.33,10.02,10.29,1.88,64700.0,665634.0,1,RSY
2026-07-23,10.03,10.35,10.03,10.35,0.58,1700.0,17315.0,1,RSY
2026-07-24,10.35,10.4,10.14,10.35,0.0,5150.0,53305.5,0,RSY
2026-07-27,10.05,10.41,10.05,10.2,-1.45,13319.0,137238.8,1,RSY
2026-07-28,9.91,10.49,9.91,10.2,0.0,77100.0,792814.0,1,RSY
2026-07-29,10.2,10.4,10.2,10.22,0.2,6950.0,71179.5,1,RSY
2026-07-30,9.71,10.34,9.71,10.25,0.29,83208.0,848717.08,1,RSY
2026-07-31,10.01,10.3,10.01,10.3,0.49,900.0,9135.0,1,RSY
2026-08-03,10.31,10.4,10.31,10.31,0.1,2000.0,20675.0,0,RSY
2026-08-04,10.17,10.5,10.17,10.49,1.75,11600.0,120860.6,1,RSY
2026-08-05,10.41,10.5,10.41,10.41,-0.76,80490.0,839299.4,0,RSY
2026-08-06,10.4,10.4,10.21,10.25,-1.54,11700.0,121421.0,-1,RSY
2026-08-07,10.31,10.49,10.24,10.26,0.1,5300.0,55042.0,-1,RSY
2026-08-10,10.24,10.4,10.11,10.4,1.36,2600.0,26630.0,1,RSY
2026-08-11,10.14,10.28,10.14,10.27,-1.25,2650.0,27181.0,1,RSY
2026-08-12,10.11,10.49,10.11,10.4,1.27,11300.0,116933.0,1,RSY
2026-07-13,610.0,616.0,600.0,602.5,-1.55,4144.0,2507820.9,-1,RURU
2026-07-14,591.0,616.0,591.0,615.0,2.07,3316.0,2005652.5,1,RURU
2026-07-15,623.0,623.0,603.0,603.0,-1.95,3491.0,2124574.8,-1,RURU
2026-07-16,603.2,618.0,599.0,618.0,2.49,8361.0,5073332.5,1,RURU
2026-07-17,636.5,636.5,617.5,619.0,0.16,5670.0,3530119.2,-1,RURU
2026-07-20,632.0,635.0,620.7,634.0,2.42,12374.0,7738575.0,1,RURU
2026-07-21,625.0,645.0,623.0,633.0,-0.16,7037.0,4456941.4,1,RURU
2026-07-22,621.2,633.0,621.2,626.4,-1.04,4499.0,2823252.4,1,RURU
2026-07-23,625.0,634.9,625.0,634.0,1.21,6452.0,4056081.9,1,RURU
2026-07-24,633.0,647.9,626.0,631.0,-0.47,4884.0,3079366.1,-1,RURU
2026-07-27,649.0,649.0,608.2,627.5,-0.55,8550.0,5322895.1,-1,RURU
2026-07-28,627.5,627.5,610.1,620.2,-1.16,1643.0,1018053.3,-1,RURU
2026-07-29,620.0,628.0,610.0,618.0,-0.35,1585.0,980141.0,-1,RURU
2026-07-30,629.0,630.0,612.0,614.5,-0.57,2379.0,1466723.1,-1,RURU
2026-07-31,614.0,623.9,614.0,614.1,-0.07,387.0,238347.5,1,RURU
2026-08-03,615.0,619.0,610.0,613.0,-0.18,6021.0,3695687.3,-1,RURU
2026-08-04,604.0,614.9,604.0,610.5,-0.41,1958.0,1197852.9,1,RURU
2026-08-05,603.1,619.0,603.1,615.0,0.74,3419.0,2098358.8,1,RURU
2026-08-06,615.0,619.0,610.0,612.1,-0.47,4791.0,2930867.4,-1,RURU
2026-08-07,604.0,640.6,604.0,614.0,0.31,10900.0,6812206.6,1,RURU
2026-08-10,605.0,611.0,605.0,609.0,-0.81,2780.0,1690758.6,1,RURU
2026-08-11,610.0,619.9,606.1,607.0,-0.33,3391.0,2064929.6,-1,RURU
2026-08-12,611.0,615.0,608.1,608.1,0.18,1239.0,755428.6,-1,RURU
2026-07-13,860.0,870.0,815.0,818.0,-4.88,13736.0,11466996.7,-1,SABBL
2026-07-14,806.1,860.0,802.9,841.5,2.87,12078.0,9908553.9,1,SABBL
2026-07-15,866.0,879.9,835.0,840.0,-0.18,7655.0,6469052.0,-1,SABBL
2026-07-16,830.1,856.9,830.0,835.0,-0.6,9425.0,7914914.3,1,SABBL
2026-07-17,850.0,914.0,838.0,902.0,8.02,13371.0,11837812.8,1,SABBL
2026-07-20,914.0,975.0,890.0,973.0,6.46,15428.0,14441180.2,1,SABBL
2026-07-21,996.0,1056.0,971.2,1014.0,4.21,46712.0,47074899.0,1,SABBL
2026-07-22,963.3,1094.9,963.3,1074.0,5.92,38533.0,40280925.4,1,SABBL
2026-07-23,1020.3,1133.0,1020.3,1119.0,4.19,42190.0,46402793.7,1,SABBL
2026-07-24,1063.1,1195.0,1063.1,1160.0,3.66,46161.0,52630234.2,1,SABBL
2026-07-27,1160.0,1190.0,1055.0,1065.0,-8.19,50654.0,55806457.2,-1,SABBL
2026-07-28,1055.0,1127.0,1042.0,1080.0,1.41,41057.0,44470387.0,1,SABBL
2026-07-29,1130.0,1130.0,1020.1,1099.0,1.76,21239.0,22503300.3,-1,SABBL
2026-07-30,1066.1,1080.0,1038.2,1063.0,-3.28,13608.0,14393489.9,-1,SABBL
2026-07-31,1031.3,1070.0,1020.2,1045.0,-1.69,22960.0,23883229.2,1,SABBL
2026-08-03,1085.0,1085.0,1000.0,1000.0,-4.31,20763.0,21198519.2,-1,SABBL
2026-08-04,980.0,1039.0,945.8,1010.0,1.0,38277.0,37654223.2,1,SABBL
2026-08-05,980.0,1009.0,980.0,990.0,-1.98,6498.0,6427545.6,1,SABBL
2026-08-06,980.2,1019.0,970.0,985.0,-0.51,15857.0,15694811.2,1,SABBL
2026-08-07,985.0,992.9,960.0,979.0,-0.61,24385.0,23735399.2,-1,SABBL
2026-08-10,930.1,1050.0,930.1,980.9,0.19,11587.0,11474765.2,1,SABBL
2026-08-11,970.0,1010.3,955.0,957.2,-2.42,16375.0,15955119.0,-1,SABBL
2026-08-12,930.0,1014.0,930.0,955.0,-0.23,11943.0,11391169.5,1,SABBL
2026-07-13,397.4,404.0,396.0,398.0,-0.25,8990.0,3571914.5,1,SADBL
2026-07-14,378.1,404.4,378.1,396.1,-0.48,11565.0,4597207.9,1,SADBL
2026-07-15,397.0,405.0,397.0,400.0,0.98,6211.0,2484079.7,1,SADBL
2026-07-16,420.0,420.0,390.0,404.0,1.0,9045.0,3624101.9,-1,SADBL
2026-07-17,410.0,414.0,404.0,413.7,2.4,25726.0,10578593.3,1,SADBL
2026-07-20,413.9,422.0,408.0,422.0,2.01,27336.0,11433670.4,1,SADBL
2026-07-21,422.8,425.0,413.1,425.0,0.71,36314.0,15267198.9,1,SADBL
2026-07-22,423.1,428.9,421.7,425.0,0.0,60018.0,25470124.6,1,SADBL
2026-07-23,425.0,427.0,420.0,427.0,0.47,21539.0,9121327.4,1,SADBL
2026-07-24,424.0,431.0,422.1,426.3,-0.16,48901.0,20845753.5,1,SADBL
2026-07-27,422.1,428.9,417.1,417.6,-2.04,29119.0,12276909.0,-1,SADBL
2026-07-28,417.0,420.0,414.3,416.1,-0.36,13423.0,5607234.0,-1,SADBL
2026-07-29,416.5,421.0,415.0,418.0,0.46,13565.0,5680387.5,1,SADBL
2026-07-30,415.0,419.0,413.3,413.6,-1.05,17721.0,7362386.5,-1,SADBL
2026-07-31,415.0,419.5,410.0,417.5,0.94,40797.0,16796313.7,1,SADBL
2026-08-03,420.9,424.9,416.0,416.0,-0.36,28169.0,11802300.1,-1,SADBL
2026-08-04,423.0,423.0,413.5,413.8,-0.53,30192.0,12507756.8,-1,SADBL
2026-08-05,413.8,417.6,410.1,411.0,-0.68,9807.0,4068470.9,-1,SADBL
2026-08-06,411.0,415.0,409.0,409.0,-0.49,20287.0,8336128.6,-1,SADBL
2026-08-07,411.0,411.0,408.4,408.4,-0.15,3960.0,1622990.9,-1,SADBL
2026-08-10,408.0,412.0,405.3,408.0,-0.1,15687.0,6398553.5,0,SADBL
2026-08-11,415.0,415.0,405.1,410.0,0.49,19081.0,7779910.4,-1,SADBL
2026-08-12,413.0,413.0,404.3,409.9,-0.02,25395.0,10342503.0,-1,SADBL
2026-07-13,1530.0,1569.0,1525.0,1535.0,-2.21,4633.0,7124027.0,1,SAGAR
2026-07-14,1500.0,1550.0,1500.0,1528.0,-0.46,5425.0,8291140.4,1,SAGAR
2026-07-15,1505.0,1630.0,1505.0,1620.0,6.02,21862.0,34784212.0,1,SAGAR
2026-07-16,1570.0,1660.0,1570.0,1618.0,-0.12,14532.0,23757063.6,1,SAGAR
2026-07-17,1590.0,1719.9,1590.0,1719.9,6.3,19486.0,32735179.8,1,SAGAR
2026-07-20,1719.9,1780.3,1690.1,1780.3,3.51,13838.0,23977597.8,1,SAGAR
2026-07-21,1726.9,1814.0,1726.0,1768.1,-0.69,20809.0,36831234.0,1,SAGAR
2026-07-22,1720.0,1800.0,1720.0,1795.0,1.52,23162.0,41027146.4,1,SAGAR
2026-07-23,1750.0,1850.0,1750.0,1820.0,1.39,29234.0,53151412.5,1,SAGAR
2026-07-24,1800.0,1842.0,1787.0,1792.0,-1.54,24706.0,44884539.1,-1,SAGAR
2026-07-27,1750.0,1800.0,1725.5,1743.0,-2.73,15108.0,26506737.0,-1,SAGAR
2026-07-28,1740.0,1764.9,1685.5,1755.0,0.69,23845.0,41260679.6,1,SAGAR
2026-07-29,1720.0,1759.0,1713.0,1724.0,-1.77,4608.0,7956523.0,1,SAGAR
2026-07-30,1715.0,1740.0,1690.0,1704.0,-1.16,8271.0,14199732.0,-1,SAGAR
2026-07-31,1682.0,1723.8,1682.0,1710.0,0.35,10413.0,17702620.0,1,SAGAR
2026-08-03,1700.0,1791.0,1700.0,1779.9,4.09,25363.0,44644757.4,1,SAGAR
2026-08-04,1780.0,1780.0,1733.6,1752.6,-1.53,11671.0,20499562.4,-1,SAGAR
2026-08-05,1760.0,1780.0,1740.0,1740.0,-0.72,7443.0,13081508.8,-1,SAGAR
2026-08-06,1750.0,1780.0,1726.2,1750.0,0.57,11449.0,20018687.2,0,SAGAR
2026-08-07,1725.0,1765.0,1705.0,1750.0,0.0,4058.0,7013258.2,1,SAGAR
2026-08-10,1720.0,1730.0,1708.0,1730.0,-1.14,5294.0,9080030.3,1,SAGAR
2026-08-11,1700.0,1735.0,1670.1,1700.0,-1.73,10002.0,17073059.0,0,SAGAR
2026-08-12,1700.0,1725.0,1650.0,1680.0,-1.18,7720.0,12930788.5,-1,SAGAR
2026-07-13,9.95,9.95,9.95,9.95,-2.93,1100.0,10945.0,0,SAGF
2026-07-14,10.0,10.05,10.0,10.05,1.01,300.0,3005.0,1,SAGF
2026-07-15,10.0,10.3,10.0,10.3,2.49,5790.0,58115.5,1,SAGF
2026-07-16,10.01,10.45,10.01,10.45,1.46,300.0,3047.0,1,SAGF
2026-07-17,10.49,10.49,10.49,10.49,0.38,100.0,1049.0,0,SAGF
2026-07-22,10.49,10.49,10.0,10.12,-3.53,3790.0,38112.9,-1,SAGF
2026-07-23,10.05,10.2,10.05,10.2,0.79,2440.0,24702.5,1,SAGF
2026-07-24,10.05,10.1,10.05,10.1,-0.98,1250.0,12592.5,1,SAGF
2026-07-27,10.06,10.06,10.06,10.06,-0.4,300.0,3018.0,0,SAGF
2026-07-28,10.05,10.05,10.05,10.05,-0.1,400.0,4020.0,0,SAGF
2026-07-29,10.05,10.35,10.05,10.35,2.99,700.0,7205.0,1,SAGF
2026-07-30,10.05,10.1,10.05,10.1,-2.42,1400.0,14125.0,1,SAGF
2026-07-31,10.05,10.05,10.05,10.05,-0.5,300.0,3015.0,0,SAGF
2026-08-03,10.15,10.4,10.15,10.4,3.48,16700.0,172430.0,1,SAGF
2026-08-04,10.4,10.57,10.39,10.57,1.63,10723.0,112524.5,1,SAGF
2026-08-07,10.26,10.26,10.26,10.26,-2.93,100.0,1026.0,0,SAGF
2026-08-10,10.11,10.11,10.11,10.11,-1.46,200.0,2022.0,0,SAGF
2026-08-11,10.11,10.11,10.0,10.0,-1.09,400.0,4011.0,-1,SAGF
2026-08-12,10.0,10.3,10.0,10.2,2.0,8600.0,88161.0,1,SAGF
2026-07-13,649.0,649.0,635.0,636.9,-0.81,165275.0,105504336.7,-1,SAHAS
2026-07-14,636.0,644.0,631.1,635.3,-0.25,133886.0,85107935.2,-1,SAHAS
2026-07-15,648.0,648.0,638.0,638.3,0.47,65747.0,42094474.5,-1,SAHAS
2026-07-16,637.1,644.9,635.0,636.0,-0.36,64937.0,41454051.7,-1,SAHAS
2026-07-17,667.8,667.8,636.0,658.9,3.6,87081.0,56894875.8,-1,SAHAS
2026-07-20,665.0,670.0,658.0,666.5,1.15,124831.0,83037751.1,1,SAHAS
2026-07-21,670.0,675.0,663.0,665.0,-0.23,138790.0,92823644.9,-1,SAHAS
2026-07-22,665.0,670.9,660.1,662.0,-0.45,73205.0,48629625.7,-1,SAHAS
2026-07-23,666.0,667.9,658.2,664.0,0.3,65752.0,43561334.8,-1,SAHAS
2026-07-24,661.0,667.0,660.3,662.3,-0.26,46493.0,30893626.1,1,SAHAS
2026-07-27,664.6,670.0,662.1,662.1,-0.03,88971.0,59236344.0,-1,SAHAS
2026-07-28,662.1,665.5,659.0,663.9,0.27,45440.0,30145503.8,1,SAHAS
2026-07-29,663.9,670.0,662.0,663.8,-0.02,60637.0,40300214.3,-1,SAHAS
2026-07-30,664.0,667.0,660.0,661.0,-0.42,41565.0,27526270.0,-1,SAHAS
2026-07-31,660.0,665.0,658.0,665.0,0.61,42628.0,28233271.7,1,SAHAS
2026-08-03,670.0,683.0,666.0,677.7,1.91,173114.0,116875975.0,1,SAHAS
2026-08-04,677.0,677.7,671.0,673.5,-0.62,67438.0,45507810.0,-1,SAHAS
2026-08-05,675.0,676.0,670.0,675.0,0.22,71042.0,47735344.2,0,SAHAS
2026-08-06,680.0,680.0,671.0,672.0,-0.44,49816.0,33526831.0,-1,SAHAS
2026-08-07,672.1,674.0,669.3,671.9,-0.01,46722.0,31346258.4,-1,SAHAS
2026-08-10,671.9,676.9,670.0,670.3,-0.24,58300.0,39155890.0,-1,SAHAS
2026-08-11,671.0,676.9,671.0,674.4,0.61,76201.0,51325381.8,1,SAHAS
2026-08-12,705.0,705.0,672.0,672.0,-0.36,71678.0,48362309.8,-1,SAHAS
2026-07-13,850.0,851.0,822.0,826.0,-2.82,18333.0,15342906.6,-1,SAIL
2026-07-14,829.0,841.0,800.0,841.0,1.82,15602.0,12846968.8,1,SAIL
2026-07-15,833.0,860.0,833.0,851.0,1.19,16305.0,13885805.7,1,SAIL
2026-07-16,893.5,893.5,830.0,838.0,-1.53,11597.0,9769155.1,-1,SAIL
2026-07-17,796.1,963.7,796.1,963.7,15.0,67127.0,61510149.2,1,SAIL
2026-07-20,980.0,1069.2,950.0,1069.2,10.95,78017.0,79747450.7,1,SAIL
2026-07-21,1069.0,1074.0,1021.0,1038.9,-2.83,59912.0,62394916.8,-1,SAIL
2026-07-22,1000.0,1100.0,1000.0,1083.8,4.32,88041.0,93925791.2,1,SAIL
2026-07-23,1050.0,1150.5,1050.0,1145.0,5.65,97608.0,108663415.0,1,SAIL
2026-07-24,1100.0,1179.0,1100.0,1108.0,-3.23,91423.0,103439423.6,1,SAIL
2026-07-27,1163.4,1163.4,1045.0,1093.0,-1.35,76362.0,82145297.3,-1,SAIL
2026-07-28,1045.0,1184.5,1045.0,1120.0,2.47,81614.0,89023472.0,1,SAIL
2026-07-29,1070.0,1111.0,1063.1,1080.0,-3.57,27598.0,29845274.5,1,SAIL
2026-07-30,1120.0,1120.0,1060.1,1075.0,-0.46,40817.0,43991340.1,-1,SAIL
2026-07-31,1060.0,1099.0,1053.0,1099.0,2.23,44123.0,47893107.7,1,SAIL
2026-08-03,1060.0,1229.0,1055.0,1144.4,4.13,132563.0,150538208.0,1,SAIL
2026-08-04,1112.0,1155.0,1100.1,1101.0,-3.79,53622.0,60232609.0,-1,SAIL
2026-08-05,1090.0,1129.0,1090.0,1125.8,2.25,24492.0,27070158.8,1,SAIL
2026-08-06,1085.0,1130.0,1085.0,1099.0,-2.38,40111.0,44611700.0,1,SAIL
2026-08-07,1053.9,1115.8,1053.9,1090.0,-0.82,28817.0,31269895.2,1,SAIL
2026-08-10,1050.0,1120.0,1050.0,1120.0,2.75,53380.0,58878762.7,1,SAIL
2026-08-11,1100.0,1132.0,1089.0,1100.0,-1.79,56890.0,63197037.3,0,SAIL
2026-08-12,1150.0,1150.0,1080.0,1093.0,-0.64,15742.0,17196818.5,-1,SAIL
2026-07-13,592.0,597.0,584.5,597.0,0.86,9011.0,5285401.3,1,SALICO
2026-07-14,626.8,645.0,577.0,580.0,-2.85,32695.0,20547099.0,-1,SALICO
2026-07-15,580.0,597.0,580.0,592.9,2.22,1290.0,755491.0,1,SALICO
2026-07-16,597.9,610.0,570.0,605.0,2.04,11795.0,6995030.3,1,SALICO
2026-07-17,610.0,620.0,608.9,620.0,2.48,4612.0,2839117.1,1,SALICO
2026-07-20,606.0,620.0,602.1,610.0,-1.61,4862.0,2967557.1,1,SALICO
2026-07-21,610.0,617.0,601.2,610.4,0.07,9246.0,5618064.4,1,SALICO
2026-07-22,610.0,610.0,599.0,599.0,-1.87,14126.0,8489666.3,-1,SALICO
2026-07-23,589.2,610.0,589.2,604.0,0.83,1399.0,841876.6,1,SALICO
2026-07-24,601.0,614.0,590.4,609.6,0.93,7035.0,4238340.4,1,SALICO
2026-07-27,603.0,607.8,585.1,599.3,-1.69,8955.0,5330235.3,-1,SALICO
2026-07-28,603.5,603.5,599.0,601.0,0.28,1036.0,621243.0,-1,SALICO
2026-07-29,585.0,600.0,580.0,589.0,-2.0,15345.0,8960875.0,1,SALICO
2026-07-30,606.5,606.5,590.0,593.0,0.68,5176.0,3069508.3,-1,SALICO
2026-07-31,593.0,602.7,585.2,602.7,1.64,2499.0,1486954.1,1,SALICO
2026-08-03,611.0,611.0,600.0,600.0,-0.45,4203.0,2522572.0,-1,SALICO
2026-08-04,593.0,601.0,590.0,599.6,-0.07,5586.0,3329415.5,1,SALICO
2026-08-05,599.8,617.0,592.0,598.0,-0.27,3879.0,2330046.3,-1,SALICO
2026-08-06,594.0,600.0,586.0,586.0,-2.01,4260.0,2537929.0,-1,SALICO
2026-08-07,586.0,596.0,586.0,589.0,0.51,4215.0,2487883.1,1,SALICO
2026-08-10,590.0,590.0,588.0,589.0,0.0,2932.0,1725269.5,-1,SALICO
2026-08-11,589.0,595.0,585.1,595.0,1.02,4039.0,2373861.7,1,SALICO
2026-08-12,600.0,601.5,587.3,589.0,-1.01,618.0,364276.0,-1,SALICO
2026-07-13,350.0,354.0,344.0,344.0,-1.71,124457.0,43097068.8,-1,SANIMA
2026-07-14,345.0,349.0,344.1,345.0,0.29,109853.0,37961376.1,0,SANIMA
2026-07-15,348.0,351.8,348.0,350.5,1.59,43142.0,15079635.5,1,SANIMA
2026-07-16,352.9,353.0,348.0,350.0,-0.14,50971.0,17855284.5,-1,SANIMA
2026-07-17,350.1,361.0,350.1,361.0,3.14,54196.0,19414277.1,1,SANIMA
2026-07-20,361.0,365.9,358.2,362.5,0.42,46296.0,16823233.3,1,SANIMA
2026-07-21,363.0,371.0,363.0,368.0,1.52,112394.0,41263677.9,1,SANIMA
2026-07-22,365.0,372.0,362.7,367.3,-0.19,59752.0,21949635.2,1,SANIMA
2026-07-23,367.9,367.9,363.4,366.0,-0.35,24603.0,8999682.7,-1,SANIMA
2026-07-24,366.0,372.5,365.1,372.0,1.64,100183.0,37149051.0,1,SANIMA
2026-07-27,390.6,390.6,372.2,373.0,0.27,225720.0,84951082.1,-1,SANIMA
2026-07-28,370.4,375.0,368.0,369.5,-0.94,118951.0,44184926.1,-1,SANIMA
2026-07-29,368.5,375.1,368.0,372.7,0.87,118077.0,44082849.5,1,SANIMA
2026-07-30,375.0,375.0,369.1,370.9,-0.48,58989.0,21884740.8,-1,SANIMA
2026-07-31,370.8,374.0,366.1,372.7,0.49,63629.0,23628260.0,1,SANIMA
2026-08-03,354.1,378.0,354.1,374.2,0.4,92433.0,34647052.1,1,SANIMA
2026-08-04,375.0,375.0,371.4,374.0,-0.05,84739.0,31673648.2,-1,SANIMA
2026-08-05,375.0,375.4,372.5,375.4,0.37,90544.0,33882441.8,1,SANIMA
2026-08-06,376.5,376.5,373.5,373.7,-0.45,83168.0,31173884.9,-1,SANIMA
2026-08-07,375.0,375.7,369.6,370.0,-0.99,461280.0,170881778.2,-1,SANIMA
2026-08-10,370.1,372.5,369.0,369.8,-0.05,47600.0,17614738.5,-1,SANIMA
2026-08-11,370.1,372.0,368.0,369.0,-0.22,50047.0,18496684.6,-1,SANIMA
2026-08-12,369.0,370.9,365.3,366.0,-0.81,143595.0,52806750.4,-1,SANIMA
2026-07-13,570.0,589.4,565.0,571.0,-2.89,14705.0,8373955.1,1,SANVI
2026-07-14,542.5,582.0,542.5,569.0,-0.35,16369.0,9188812.0,1,SANVI
2026-07-15,552.0,590.0,552.0,569.0,0.0,3637.0,2080644.5,1,SANVI
2026-07-16,570.0,585.0,557.1,565.0,-0.7,6167.0,3457915.2,-1,SANVI
2026-07-17,565.0,607.7,565.0,607.7,7.56,19363.0,11469064.7,1,SANVI
2026-07-20,635.0,635.0,597.0,633.0,4.16,20856.0,12931337.8,-1,SANVI
2026-07-21,640.0,641.0,611.0,618.1,-2.35,22751.0,14207138.3,-1,SANVI
2026-07-22,601.0,619.0,601.0,607.0,-1.8,15700.0,9546309.6,1,SANVI
2026-07-23,595.0,634.9,595.0,634.0,4.45,16633.0,10267000.7,1,SANVI
2026-07-24,665.7,665.7,625.7,643.0,1.42,34711.0,22430959.1,-1,SANVI
2026-07-27,635.0,640.0,612.0,616.0,-4.2,11695.0,7294419.0,-1,SANVI
2026-07-28,600.2,621.1,600.2,605.3,-1.74,12008.0,7331984.3,1,SANVI
2026-07-29,618.0,618.9,598.0,598.5,-1.12,9226.0,5574796.4,-1,SANVI
2026-07-30,582.0,601.9,582.0,593.5,-0.84,5263.0,3123578.2,1,SANVI
2026-07-31,586.0,607.0,586.0,604.0,1.77,6946.0,4134477.8,1,SANVI
2026-08-03,596.0,620.0,596.0,605.0,0.17,6953.0,4233824.8,1,SANVI
2026-08-04,600.1,600.1,590.2,599.9,-0.84,2651.0,1581297.8,-1,SANVI
2026-08-05,591.0,605.0,591.0,605.0,0.85,7780.0,4650664.0,1,SANVI
2026-08-06,600.0,604.0,596.0,597.0,-1.32,3408.0,2041219.3,-1,SANVI
2026-08-07,595.1,600.0,587.0,590.0,-1.17,10045.0,5928939.3,-1,SANVI
2026-08-10,560.5,603.0,560.5,587.0,-0.51,4175.0,2460229.0,1,SANVI
2026-08-11,580.0,603.0,580.0,598.9,2.03,9026.0,5331330.1,1,SANVI
2026-08-12,570.0,606.0,570.0,599.5,0.1,6572.0,3897179.5,1,SANVI
2026-07-13,775.0,775.0,735.0,735.0,-3.67,31862.0,23801668.2,-1,SAPDBL
2026-07-14,698.3,739.9,698.3,720.0,-2.04,29571.0,21316681.0,1,SAPDBL
2026-07-15,708.0,741.0,708.0,733.0,1.81,8980.0,6549365.6,1,SAPDBL
2026-07-16,720.1,754.8,720.1,730.1,-0.4,17409.0,12773387.0,1,SAPDBL
2026-07-17,766.6,771.0,717.0,770.7,5.56,14186.0,10750434.3,1,SAPDBL
2026-07-20,732.2,800.0,732.2,797.0,3.41,18862.0,14787739.2,1,SAPDBL
2026-07-21,800.0,805.0,776.0,790.0,-0.88,18231.0,14376111.8,-1,SAPDBL
2026-07-22,750.5,811.0,750.5,794.5,0.57,15003.0,11709169.2,1,SAPDBL
2026-07-23,754.8,796.1,754.8,791.5,-0.38,27409.0,21543853.1,1,SAPDBL
2026-07-24,752.0,818.9,752.0,806.0,1.83,41139.0,33260518.6,1,SAPDBL
2026-07-27,845.0,845.0,798.0,810.0,0.5,35966.0,29286299.1,-1,SAPDBL
2026-07-28,792.5,829.8,792.5,816.0,0.74,28841.0,23522373.1,1,SAPDBL
2026-07-29,818.0,835.0,806.4,828.0,1.47,66416.0,54668810.2,1,SAPDBL
2026-07-30,838.0,845.0,822.0,839.9,1.44,49040.0,41030060.7,1,SAPDBL
2026-07-31,798.0,940.0,798.0,858.9,2.26,47605.0,40756479.0,1,SAPDBL
2026-08-03,840.0,960.0,805.0,960.0,11.77,208760.0,176003548.5,1,SAPDBL
2026-08-04,912.0,912.0,831.1,831.1,-13.43,23862.0,20173477.7,-1,SAPDBL
2026-08-05,856.0,856.0,806.3,818.9,-1.47,25175.0,20732434.7,-1,SAPDBL
2026-08-06,818.9,818.9,809.1,817.0,-0.23,18015.0,14637623.8,-1,SAPDBL
2026-08-07,800.0,840.0,800.0,839.9,2.8,24319.0,20126444.2,1,SAPDBL
2026-08-10,825.0,935.0,777.0,835.0,-0.58,116158.0,95035238.4,1,SAPDBL
2026-08-11,835.0,835.0,786.0,802.0,-3.95,51797.0,41414720.4,-1,SAPDBL
2026-08-12,800.0,805.0,790.0,791.3,-1.33,14082.0,11179099.5,-1,SAPDBL
2026-07-13,787.0,787.0,764.0,772.0,-2.65,19557.0,15213987.5,-1,SARBTM
2026-07-14,770.1,780.0,762.0,774.9,0.38,8401.0,6487666.9,1,SARBTM
2026-07-15,775.0,784.0,770.0,774.9,0.0,13769.0,10656542.3,-1,SARBTM
2026-07-16,780.0,787.8,750.0,772.0,-0.37,15491.0,11810828.7,-1,SARBTM
2026-07-17,779.0,795.0,779.0,795.0,2.98,5780.0,4558772.6,1,SARBTM
2026-07-20,800.0,814.5,800.0,813.0,2.26,4981.0,4020605.2,1,SARBTM
2026-07-21,813.0,819.5,811.0,814.0,0.12,8330.0,6769245.6,1,SARBTM
2026-07-22,814.0,815.9,790.0,790.0,-2.95,25694.0,20500576.4,-1,SARBTM
2026-07-23,808.0,808.0,783.8,798.0,1.01,5592.0,4415943.0,-1,SARBTM
2026-07-24,795.0,810.0,795.0,805.0,0.88,4017.0,3231312.0,1,SARBTM
2026-07-27,794.1,815.0,787.0,793.0,-1.49,8689.0,6921570.3,-1,SARBTM
2026-07-28,793.0,803.0,780.0,791.0,-0.25,7566.0,5979384.5,-1,SARBTM
2026-07-29,791.0,805.0,780.0,790.0,-0.13,9288.0,7334285.0,-1,SARBTM
2026-07-30,800.0,800.0,780.5,790.0,0.0,2268.0,1779287.1,-1,SARBTM
2026-07-31,797.0,797.0,776.0,790.1,0.01,6077.0,4800253.3,-1,SARBTM
2026-08-03,799.0,799.0,790.0,795.0,0.62,4484.0,3548941.9,-1,SARBTM
2026-08-04,790.1,792.0,785.0,785.0,-1.26,11157.0,8787704.8,-1,SARBTM
2026-08-05,795.0,795.0,781.1,788.0,0.38,4010.0,3144467.7,-1,SARBTM
2026-08-06,781.0,792.0,781.0,783.0,-0.63,2374.0,1865222.0,1,SARBTM
2026-08-07,802.0,802.0,782.0,785.0,0.26,2373.0,1866993.2,-1,SARBTM
2026-08-10,782.0,785.0,780.0,780.0,-0.64,1989.0,1554415.8,-1,SARBTM
2026-08-11,783.0,798.3,783.0,788.0,1.03,9333.0,7421197.2,1,SARBTM
2026-08-12,780.0,803.4,780.0,794.9,0.88,2771.0,2207997.0,1,SARBTM
2026-07-13,9.66,9.7,9.51,9.6,-0.62,3015900.0,29133056.0,-1,SBCF
2026-07-14,9.7,9.79,9.55,9.65,0.52,189932.0,1834982.25,-1,SBCF
2026-07-15,9.65,9.73,9.65,9.65,0.0,92960.0,897135.8,0,SBCF
2026-07-16,9.37,9.79,9.37,9.75,1.04,12790.0,123332.25,1,SBCF
2026-07-17,9.75,10.19,9.75,10.19,4.51,66369.0,657797.83,1,SBCF
2026-07-20,10.11,10.15,10.11,10.15,-0.39,9100.0,92115.0,1,SBCF
2026-07-21,10.0,10.0,10.0,10.0,-1.48,400.0,4000.0,0,SBCF
2026-07-22,9.9,10.0,9.65,9.65,-3.5,6850.0,67696.0,-1,SBCF
2026-07-23,9.66,10.18,9.66,10.18,5.49,6400.0,64313.0,1,SBCF
2026-07-24,10.0,10.17,9.61,9.61,-5.6,11100.0,110425.0,-1,SBCF
2026-07-27,9.61,10.05,9.61,9.95,3.54,25450.0,252201.5,1,SBCF
2026-07-28,10.0,10.0,9.66,9.68,-2.71,20950.0,206012.5,-1,SBCF
2026-07-29,9.8,9.95,9.55,9.66,-0.21,4816.0,47472.95,-1,SBCF
2026-07-30,9.38,9.5,9.38,9.5,-1.66,3700.0,34958.0,1,SBCF
2026-07-31,9.5,9.77,9.5,9.6,1.05,11700.0,114085.0,1,SBCF
2026-08-03,9.4,9.5,9.35,9.5,-1.04,20630.0,194000.0,1,SBCF
2026-08-04,9.51,9.98,9.51,9.68,1.89,18642.0,183427.55,1,SBCF
2026-08-05,9.5,9.5,9.5,9.5,-1.86,3135.0,29782.5,0,SBCF
2026-08-06,9.3,9.5,9.3,9.5,0.0,9610.0,90616.6,1,SBCF
2026-08-07,9.4,9.45,9.3,9.45,-0.53,10900.0,102440.0,1,SBCF
2026-08-10,9.58,9.59,9.26,9.4,-0.53,9685.0,92221.25,-1,SBCF
2026-08-11,9.57,9.6,9.4,9.6,2.13,24150.0,231149.5,1,SBCF
2026-08-12,9.6,9.89,9.32,9.36,-2.5,170993.0,1670648.1,-1,SBCF
2026-07-14,1236.0,1236.0,1236.0,1236.0,0.0,25.0,30900.0,0,SBD89
2026-07-27,1245.4,1250.0,1245.4,1250.0,1.13,5014.0,6244500.0,1,SBD89
2026-08-04,1215.0,1215.0,1200.0,1200.0,-4.0,50.0,60385.0,-1,SBD89
2026-08-06,1200.0,1200.0,1200.0,1200.0,0.0,11.0,13200.0,0,SBD89
2026-07-13,390.0,390.0,383.0,389.8,-0.28,32122.0,12382911.4,-1,SBI
2026-07-14,385.0,390.0,382.1,388.9,-0.23,14388.0,5504365.5,1,SBI
2026-07-15,390.0,393.0,385.0,387.0,-0.49,20827.0,8101128.2,-1,SBI
2026-07-16,385.1,393.0,384.2,392.9,1.52,10894.0,4214250.8,1,SBI
2026-07-17,394.9,399.9,394.0,399.9,1.78,34768.0,13765021.4,1,SBI
2026-07-20,380.0,409.0,380.0,409.0,2.28,40616.0,16352495.1,1,SBI
2026-07-21,407.0,410.0,403.0,410.0,0.24,63183.0,25677206.0,1,SBI
2026-07-22,412.0,412.9,402.0,412.0,0.49,50503.0,20618844.5,0,SBI
2026-07-23,392.0,415.0,392.0,409.0,-0.73,7387.0,3002986.7,1,SBI
2026-07-24,409.4,413.5,407.0,413.5,1.1,68167.0,28084411.5,1,SBI
2026-07-27,410.0,417.9,410.0,415.0,0.36,58278.0,24134925.6,1,SBI
2026-07-28,435.0,435.0,408.1,408.1,-1.66,10946.0,4496428.5,-1,SBI
2026-07-29,408.1,412.0,402.0,409.9,0.44,14663.0,5991905.6,1,SBI
2026-07-30,389.5,419.9,389.5,406.9,-0.73,4129.0,1678629.5,1,SBI
2026-07-31,408.9,409.0,400.0,408.0,0.27,32635.0,13260905.8,-1,SBI
2026-08-03,388.0,415.0,388.0,408.0,0.0,12594.0,5144034.6,1,SBI
2026-08-04,402.0,409.0,401.0,409.0,0.25,11710.0,4727479.5,1,SBI
2026-08-05,403.0,411.8,403.0,408.7,-0.07,12697.0,5164980.1,1,SBI
2026-08-06,388.5,415.0,388.5,406.4,-0.56,2968.0,1192126.9,1,SBI
2026-08-07,401.0,405.9,400.0,405.9,-0.12,10867.0,4388143.8,1,SBI
2026-08-10,407.0,407.0,400.0,401.0,-1.21,6504.0,2605334.9,-1,SBI
2026-08-11,401.0,405.0,398.0,405.0,1.0,22384.0,8936130.9,1,SBI
2026-08-12,401.0,404.9,397.0,404.0,-0.25,23854.0,9577120.3,1,SBI
2026-07-14,1200.0,1200.0,1185.0,1185.0,-3.66,7649.0,9092745.0,-1,SBID89
2026-07-16,1149.5,1154.9,1149.5,1150.0,-2.95,125.0,143791.5,1,SBID89
2026-07-24,1176.2,1185.0,1176.2,1185.0,3.04,246.0,291276.0,1,SBID89
2026-07-27,1194.2,1194.2,1194.2,1194.2,0.78,3000.0,3582600.0,0,SBID89
2026-07-13,386.7,387.4,385.0,386.0,-1.0,92383.0,35669551.4,-1,SBL
2026-07-14,386.0,387.0,383.1,386.0,0.0,104653.0,40300647.1,0,SBL
2026-07-15,386.0,389.0,382.0,387.9,0.49,400291.0,153410431.1,1,SBL
2026-07-16,390.0,395.0,384.0,395.0,1.83,284325.0,109886105.2,1,SBL
2026-07-17,397.0,404.0,395.0,401.0,1.52,106926.0,42694849.3,1,SBL
2026-07-20,381.0,407.0,381.0,400.0,-0.25,138847.0,55845553.5,1,SBL
2026-07-21,405.0,406.0,398.0,399.0,-0.25,116064.0,46503079.4,-1,SBL
2026-07-22,400.2,403.0,396.1,400.4,0.35,77485.0,31058062.6,1,SBL
2026-07-23,380.4,407.0,380.4,406.0,1.4,113029.0,45701142.0,1,SBL
2026-07-24,402.0,410.9,402.0,410.0,0.99,123839.0,50509195.8,1,SBL
2026-07-27,410.0,416.1,407.2,409.0,-0.24,122070.0,50399573.9,-1,SBL
2026-07-28,405.1,414.0,405.0,412.5,0.86,105124.0,43196647.3,1,SBL
2026-07-29,412.4,415.0,409.0,412.9,0.1,91431.0,37675384.9,1,SBL
2026-07-30,392.3,414.0,392.3,410.7,-0.53,99488.0,40746363.0,1,SBL
2026-07-31,410.0,417.5,407.2,414.4,0.9,178151.0,73478111.9,1,SBL
2026-08-03,394.0,424.7,394.0,420.0,1.35,247131.0,103713778.9,1,SBL
2026-08-04,420.0,421.9,415.0,417.9,-0.5,402168.0,167771018.9,-1,SBL
2026-08-05,417.0,420.0,413.1,417.0,-0.22,206225.0,85684621.3,0,SBL
2026-08-06,415.0,416.0,410.5,411.0,-1.44,105901.0,43737832.3,-1,SBL
2026-08-07,411.0,412.0,407.0,410.0,-0.24,86200.0,35293380.6,-1,SBL
2026-08-10,412.9,412.9,405.0,405.1,-1.2,43011.0,17474924.3,-1,SBL
2026-08-11,405.0,410.5,401.3,410.0,1.21,74512.0,30332802.6,1,SBL
2026-08-12,411.0,414.0,408.0,410.9,0.22,44649.0,18370325.6,-1,SBL
2026-07-13,1070.0,1088.0,1070.0,1080.0,-0.18,10100.0,10898000.0,1,SBLD2091
2026-07-14,1048.9,1082.0,1037.0,1080.0,0.0,113047.0,121149051.8,1,SBLD2091
2026-07-16,1090.0,1090.0,1090.0,1090.0,0.93,15000.0,16350000.0,0,SBLD2091
2026-07-17,1080.0,1080.0,1080.0,1080.0,-0.92,10.0,10800.0,0,SBLD2091
2026-07-21,1055.0,1079.3,1055.0,1079.3,-0.06,25866.0,27912313.8,1,SBLD2091
2026-07-23,1060.0,1060.0,1060.0,1060.0,-1.79,81.0,85860.0,0,SBLD2091
2026-07-27,1082.9,1085.0,1082.9,1085.0,2.36,130.0,140930.7,1,SBLD2091
2026-07-28,1080.0,1080.0,1080.0,1080.0,-0.46,350.0,378000.0,0,SBLD2091
2026-07-29,1048.1,1048.1,1048.0,1048.0,-2.96,91.0,95376.1,-1,SBLD2091
2026-07-30,1079.4,1079.4,1065.0,1065.0,1.62,159.0,169695.0,-1,SBLD2091
2026-07-31,1065.0,1065.0,1065.0,1065.0,0.0,25.0,26625.0,0,SBLD2091
2026-08-03,1065.0,1065.0,1065.0,1065.0,0.0,25.0,26625.0,0,SBLD2091
2026-08-05,1060.0,1073.5,1060.0,1073.5,0.8,175.0,187120.0,1,SBLD2091
2026-08-11,1055.0,1055.0,1055.0,1055.0,-1.72,25.0,26375.0,0,SBLD2091
2026-08-12,1041.8,1041.8,1041.8,1041.8,-1.25,25.0,26045.0,0,SBLD2091
2026-07-13,1260.0,1270.0,1235.0,1237.1,-3.5,170682.0,211842674.5,-1,SBLD89
2026-07-14,1274.2,1300.0,1235.0,1236.0,-0.09,72102.0,89899709.5,-1,SBLD89
2026-07-16,1273.0,1300.0,1273.0,1300.0,5.18,425.0,552155.0,1,SBLD89
2026-07-17,1261.0,1261.0,1261.0,1261.0,-3.0,10.0,12610.0,0,SBLD89
2026-07-20,1265.0,1265.0,1240.0,1240.0,-1.67,45.0,56300.0,-1,SBLD89
2026-07-21,1215.0,1235.0,1213.0,1235.0,-0.4,425.0,521078.0,1,SBLD89
2026-07-22,1250.0,1251.0,1250.0,1251.0,1.3,750.0,938020.0,1,SBLD89
2026-07-23,1260.0,1270.0,1260.0,1270.0,1.52,600.0,761616.0,1,SBLD89
2026-07-27,1270.0,1271.0,1270.0,1271.0,0.08,9726.0,12357251.0,1,SBLD89
2026-07-28,1270.0,1270.0,1260.0,1260.0,-0.87,100.0,126350.0,-1,SBLD89
2026-07-29,1271.0,1271.0,1236.0,1236.0,-1.9,4520.0,5744045.0,-1,SBLD89
2026-07-30,1240.0,1240.0,1240.0,1240.0,0.32,25.0,31000.0,0,SBLD89
2026-08-03,1240.0,1240.0,1240.0,1240.0,0.0,25.0,31000.0,0,SBLD89
2026-08-04,1221.0,1221.0,1221.0,1221.0,-1.53,25.0,30525.0,0,SBLD89
2026-08-11,1225.1,1225.1,1225.1,1225.1,0.34,10.0,12251.0,0,SBLD89
2026-08-12,1228.1,1228.1,1228.1,1228.1,0.24,20.0,24562.0,0,SBLD89
2026-07-13,638.0,639.1,635.0,637.0,-0.16,20869.0,13293037.6,-1,SCB
2026-07-14,635.0,639.0,634.0,635.5,-0.24,22831.0,14524991.1,1,SCB
2026-07-15,649.0,649.0,636.0,643.5,1.26,7822.0,4993735.6,-1,SCB
2026-07-16,639.0,668.0,639.0,666.1,3.51,14522.0,9512061.9,1,SCB
2026-07-17,664.5,664.5,656.2,662.9,-0.48,7453.0,4932504.9,-1,SCB
2026-07-20,664.0,665.0,659.1,665.0,0.32,4716.0,3128885.3,1,SCB
2026-07-21,665.0,670.0,660.0,663.9,-0.17,8964.0,5969552.5,-1,SCB
2026-07-22,661.0,661.0,644.0,658.1,-0.87,3467.0,2279267.0,-1,SCB
2026-07-23,625.2,670.0,625.2,655.2,-0.44,1974.0,1291361.5,1,SCB
2026-07-24,655.09,660.0,651.0,651.0,-0.64,17211.0,11280375.05,-1,SCB
2026-07-27,618.5,662.0,618.5,654.0,0.46,17457.0,11451646.1,1,SCB
2026-07-28,656.0,660.0,650.0,655.0,0.15,5553.0,3638400.3,-1,SCB
2026-07-29,650.1,659.0,641.0,657.0,0.31,12523.0,8189469.1,1,SCB
2026-07-30,660.8,660.8,650.3,652.0,-0.76,3198.0,2099872.3,-1,SCB
2026-07-31,657.9,657.9,645.2,651.0,-0.15,10797.0,7019929.9,-1,SCB
2026-08-03,618.5,665.0,618.5,651.0,0.0,17434.0,11379156.8,1,SCB
2026-08-04,665.0,665.0,646.1,652.6,0.25,19934.0,13022985.9,-1,SCB
2026-08-05,662.0,662.0,650.1,655.9,0.51,8907.0,5849677.1,-1,SCB
2026-08-06,625.0,665.0,625.0,654.0,-0.29,15658.0,10278413.6,1,SCB
2026-08-07,663.9,663.9,647.0,648.0,-0.92,8192.0,5314880.7,-1,SCB
2026-08-10,648.1,658.0,643.2,643.2,-0.74,7703.0,4972581.2,-1,SCB
2026-08-11,653.0,653.0,642.0,649.3,0.95,12584.0,8155939.8,-1,SCB
2026-08-12,650.0,654.0,646.0,650.0,0.11,4802.0,3126494.2,0,SCB
2026-07-13,1115.0,1132.0,1100.0,1132.0,1.52,113521.0,127966813.5,1,SCBD
2026-07-14,1149.9,1149.9,1149.9,1149.9,1.58,100.0,114990.0,0,SCBD
2026-07-16,1137.0,1149.0,1137.0,1145.0,-0.43,31008.0,35481760.0,1,SCBD
2026-07-17,1130.0,1130.0,1130.0,1130.0,-1.31,88.0,99440.0,0,SCBD
2026-07-23,1135.0,1135.0,1135.0,1135.0,0.44,33.0,37455.0,0,SCBD
2026-07-24,1101.0,1101.0,1101.0,1101.0,-3.0,500.0,550500.0,0,SCBD
2026-07-28,1100.0,1100.0,1100.0,1100.0,-0.09,6166.0,6782600.0,0,SCBD
2026-08-11,1133.0,1133.0,1133.0,1133.0,3.0,10.0,11330.0,0,SCBD
2026-07-13,10.1,10.1,10.0,10.0,-2.15,15500.0,156000.0,-1,SEF
2026-07-14,9.95,10.1,9.75,10.0,0.0,30632.0,307087.02,1,SEF
2026-07-15,10.0,10.07,9.95,9.96,-0.4,34060.0,339969.4,-1,SEF
2026-07-16,10.0,10.02,9.95,10.02,0.6,10400.0,103804.0,1,SEF
2026-07-17,9.96,9.99,9.96,9.98,-0.4,8497.0,84820.03,1,SEF
2026-07-20,9.99,10.2,9.99,10.2,2.2,41510.0,422527.95,1,SEF
2026-07-21,10.2,10.2,10.1,10.1,-0.98,11000.0,111600.0,-1,SEF
2026-07-22,9.95,10.18,9.95,10.18,0.79,20177.0,201597.36,1,SEF
2026-07-23,10.18,10.38,10.1,10.38,1.96,7200.0,73738.0,1,SEF
2026-07-24,10.35,10.35,10.11,10.11,-2.6,5870.0,59585.7,-1,SEF
2026-07-27,10.4,10.4,10.4,10.4,2.87,200.0,2080.0,0,SEF
2026-07-28,10.1,10.1,9.79,9.79,-5.87,18274.0,181296.71,-1,SEF
2026-07-29,9.9,10.39,9.7,9.75,-0.41,49750.0,491335.35,-1,SEF
2026-07-30,9.75,9.9,9.65,9.81,0.62,41000.0,399359.0,1,SEF
2026-07-31,9.98,10.1,9.8,9.8,-0.1,10497.0,103218.45,-1,SEF
2026-08-03,9.8,10.09,9.7,9.79,-0.1,29870.0,296427.4,-1,SEF
2026-08-04,10.07,10.07,9.9,9.9,1.12,2200.0,21944.0,-1,SEF
2026-08-05,10.0,10.0,10.0,10.0,1.01,100.0,1000.0,0,SEF
2026-08-06,9.8,9.83,9.75,9.81,-1.9,4489.0,44043.89,1,SEF
2026-08-07,9.6,9.91,9.6,9.91,1.02,1410.0,13754.1,1,SEF
2026-08-10,9.91,9.92,9.9,9.9,-0.1,11440.0,113379.8,-1,SEF
2026-08-11,10.0,10.25,9.7,10.25,3.54,33530.0,338874.0,1,SEF
2026-08-12,10.2,10.2,9.95,10.05,-1.95,16500.0,164930.0,-1,SEF
2026-07-13,10.0,10.01,10.0,10.0,0.0,6000.0,60010.0,0,SFEF
2026-07-14,10.05,10.05,10.0,10.0,0.0,18560.0,186498.0,-1,SFEF
2026-07-15,10.0,10.0,10.0,10.0,0.0,700.0,7000.0,0,SFEF
2026-07-16,9.95,10.2,9.95,10.19,1.9,12800.0,129199.0,1,SFEF
2026-07-17,9.95,9.95,9.95,9.95,-2.36,200.0,1990.0,0,SFEF
2026-07-20,9.96,10.0,9.96,10.0,0.5,500.0,4988.0,1,SFEF
2026-07-21,10.0,10.1,10.0,10.1,1.0,1400.0,14100.0,1,SFEF
2026-07-22,10.0,10.0,10.0,10.0,-0.99,1860.0,18600.0,0,SFEF
2026-07-23,10.0,10.0,10.0,10.0,0.0,900.0,9000.0,0,SFEF
2026-07-24,10.0,10.1,9.95,9.95,-0.5,700.0,6995.0,-1,SFEF
2026-07-27,10.16,10.16,10.16,10.16,2.11,12200.0,123952.0,0,SFEF
2026-07-28,10.0,10.12,10.0,10.0,-1.57,5990.0,60191.5,0,SFEF
2026-07-29,10.0,10.02,10.0,10.02,0.2,1600.0,16030.0,1,SFEF
2026-07-30,10.0,10.1,10.0,10.0,-0.2,41100.0,412830.0,0,SFEF
2026-07-31,10.0,10.0,10.0,10.0,0.0,500.0,5000.0,0,SFEF
2026-08-03,10.0,10.1,10.0,10.1,1.0,12300.0,123959.92,1,SFEF
2026-08-04,9.8,10.15,9.8,9.85,-2.48,6900.0,69970.0,1,SFEF
2026-08-05,10.0,10.0,9.84,9.84,-0.1,12620.0,124396.0,-1,SFEF
2026-08-06,9.85,9.85,9.85,9.85,0.1,300.0,2955.0,0,SFEF
2026-08-07,9.8,10.08,9.8,9.98,1.32,33700.0,337280.0,1,SFEF
2026-08-10,9.91,9.91,9.91,9.91,-0.7,100.0,991.0,0,SFEF
2026-08-11,9.8,9.8,9.8,9.8,-1.11,100.0,980.0,0,SFEF
2026-08-12,10.0,10.0,9.8,9.8,0.0,49410.0,484709.0,-1,SFEF
2026-07-13,10.2,10.2,10.2,10.2,0.0,30740.0,313548.0,0,SFMF
2026-07-14,10.5,10.5,10.19,10.3,0.98,3800.0,39050.0,-1,SFMF
2026-07-15,10.1,10.3,10.1,10.18,-1.17,5700.0,57705.0,1,SFMF
2026-07-16,10.1,10.1,10.0,10.0,-1.77,10000.0,100494.0,-1,SFMF
2026-07-17,10.2,10.2,10.2,10.2,2.0,5000.0,51000.0,0,SFMF
2026-07-20,10.5,10.5,10.5,10.5,2.94,150.0,1575.0,0,SFMF
2026-07-21,10.3,10.31,10.3,10.3,-1.9,91560.0,943160.5,0,SFMF
2026-07-23,10.5,10.5,10.5,10.5,1.94,11786.0,123753.0,0,SFMF
2026-07-24,10.3,10.3,10.03,10.03,-4.48,700.0,7117.84,-1,SFMF
2026-07-27,10.06,10.06,10.05,10.05,0.2,7500.0,75427.0,-1,SFMF
2026-07-28,10.06,10.11,10.06,10.11,0.6,600.0,6061.0,1,SFMF
2026-07-30,10.15,10.15,10.15,10.15,0.4,905.0,9185.75,0,SFMF
2026-07-31,10.2,10.2,10.15,10.15,0.0,19920.0,202440.0,-1,SFMF
2026-08-03,10.25,10.25,10.25,10.25,0.99,4832.0,49528.0,0,SFMF
2026-08-04,10.28,10.28,10.25,10.25,0.0,5048.0,51889.0,-1,SFMF
2026-08-05,10.15,10.15,10.11,10.11,-1.37,31556.0,320231.16,-1,SFMF
2026-08-06,10.01,10.2,10.01,10.2,0.89,2345.0,23886.0,1,SFMF
2026-08-07,10.2,10.2,10.2,10.2,0.0,1460.0,14892.0,0,SFMF
2026-08-10,10.01,10.01,10.01,10.01,-1.86,150.0,1501.5,0,SFMF
2026-08-11,10.02,10.3,10.02,10.3,2.9,11125.0,111925.5,1,SFMF
2026-08-12,10.2,10.3,10.2,10.3,0.0,2519.0,25895.7,1,SFMF
2026-07-13,325.0,333.0,320.1,322.0,-1.53,1690.0,546757.9,-1,SGHC
2026-07-14,316.0,345.9,315.1,328.0,1.86,8951.0,2891906.9,1,SGHC
2026-07-15,320.3,337.0,320.3,334.0,1.83,14648.0,4839674.6,1,SGHC
2026-07-16,330.0,335.0,320.0,320.0,-4.19,16020.0,5225058.0,-1,SGHC
2026-07-17,328.0,337.0,326.9,330.0,3.13,31842.0,10501016.0,1,SGHC
2026-07-20,338.0,338.9,330.0,338.8,2.67,44352.0,14855621.0,1,SGHC
2026-07-21,339.0,344.0,330.0,332.0,-2.01,67420.0,22571053.6,-1,SGHC
2026-07-22,316.0,340.0,316.0,333.0,0.3,69010.0,22714273.6,1,SGHC
2026-07-23,330.0,330.0,324.1,325.0,-2.4,61027.0,19856142.1,-1,SGHC
2026-07-24,326.0,330.0,323.3,325.0,0.0,46724.0,15224599.2,-1,SGHC
2026-07-27,329.0,333.9,319.7,320.0,-1.54,39421.0,12708332.0,-1,SGHC
2026-07-28,318.0,323.0,314.0,318.0,-0.63,28212.0,8974095.6,0,SGHC
2026-07-29,315.0,331.8,315.0,324.8,2.14,171460.0,55227421.3,1,SGHC
2026-07-30,324.8,329.9,317.0,318.0,-2.09,50539.0,16164780.4,-1,SGHC
2026-07-31,310.0,325.0,310.0,317.0,-0.31,20293.0,6472729.3,1,SGHC
2026-08-03,317.0,322.9,312.0,316.9,-0.03,49048.0,15515813.8,-1,SGHC
2026-08-04,314.0,317.9,310.2,313.3,-1.14,34842.0,10882704.1,-1,SGHC
2026-08-05,312.0,319.7,310.5,318.0,1.5,25603.0,8105247.2,1,SGHC
2026-08-06,321.8,326.0,317.0,318.5,0.16,77022.0,24730434.7,-1,SGHC
2026-08-07,321.1,322.5,315.3,315.3,-1.0,38765.0,12290001.4,-1,SGHC
2026-08-10,315.0,318.0,311.0,312.5,-0.89,41548.0,13028997.8,-1,SGHC
2026-08-11,315.0,315.1,309.1,310.0,-0.8,62019.0,19277574.9,-1,SGHC
2026-08-12,310.0,314.0,306.2,306.9,-1.0,56056.0,17287423.6,-1,SGHC
2026-07-13,455.0,458.5,451.6,452.1,-1.72,4331.0,1973527.9,-1,SGIC
2026-07-14,450.0,460.0,448.0,455.4,0.73,4344.0,1969997.6,1,SGIC
2026-07-15,457.1,473.8,455.0,473.8,4.04,14485.0,6648628.8,1,SGIC
2026-07-16,497.4,497.4,460.0,469.0,-1.01,13349.0,6236570.0,-1,SGIC
2026-07-17,469.5,485.0,469.5,485.0,3.41,23801.0,11283040.6,1,SGIC
2026-07-20,475.0,487.0,470.2,485.0,0.0,9884.0,4770879.1,1,SGIC
2026-07-21,480.0,486.4,472.0,480.0,-1.03,17911.0,8584326.3,0,SGIC
2026-07-22,471.3,475.0,470.2,472.0,-1.67,4866.0,2297204.1,1,SGIC
2026-07-23,470.0,478.8,470.0,478.8,1.44,6542.0,3089362.9,1,SGIC
2026-07-24,478.0,479.9,470.0,478.0,-0.17,8890.0,4217341.0,0,SGIC
2026-07-27,475.1,478.0,468.2,468.2,-2.05,5283.0,2493143.3,-1,SGIC
2026-07-28,470.0,470.0,463.7,464.2,-0.85,4839.0,2254921.5,-1,SGIC
2026-07-29,464.0,469.6,460.0,460.0,-0.9,6341.0,2938083.8,-1,SGIC
2026-07-30,458.1,465.4,453.0,459.8,-0.04,11872.0,5436732.2,1,SGIC
2026-07-31,465.0,465.0,456.0,465.0,1.13,8092.0,3729642.6,0,SGIC
2026-08-03,469.0,469.0,459.1,463.0,-0.43,8193.0,3781009.2,-1,SGIC
2026-08-04,458.2,460.0,456.3,460.0,-0.65,7497.0,3431000.5,1,SGIC
2026-08-05,458.0,460.0,456.3,459.8,-0.04,1214.0,555013.2,1,SGIC
2026-08-06,456.7,459.0,456.0,456.3,-0.76,9121.0,4166779.9,-1,SGIC
2026-08-07,455.4,458.0,452.0,452.0,-0.94,10822.0,4914328.1,-1,SGIC
2026-08-10,452.1,455.0,450.0,450.4,-0.35,5603.0,2530631.2,-1,SGIC
2026-08-11,430.0,455.0,430.0,453.0,0.58,4655.0,2105271.5,1,SGIC
2026-08-12,453.0,453.0,449.1,452.8,-0.04,7484.0,3372345.5,-1,SGIC
2026-07-13,295.0,295.0,290.0,290.0,-1.69,70178.0,20468556.8,-1,SHEL
2026-07-14,290.0,296.0,287.0,292.0,0.69,378434.0,110435879.7,1,SHEL
2026-07-15,293.0,300.0,293.0,298.9,2.36,185382.0,54489412.0,1,SHEL
2026-07-16,299.0,304.0,296.1,302.9,1.34,821873.0,247429293.2,1,SHEL
2026-07-17,308.5,312.0,305.1,311.8,2.94,105952.0,32741294.9,1,SHEL
2026-07-20,312.0,316.0,309.0,316.0,1.35,68754.0,21536407.0,1,SHEL
2026-07-21,316.0,317.5,310.0,311.0,-1.58,92747.0,28967726.9,-1,SHEL
2026-07-22,311.0,313.0,307.4,308.9,-0.68,90562.0,28001063.0,-1,SHEL
2026-07-23,306.0,312.5,306.0,312.5,1.17,58597.0,18099183.7,1,SHEL
2026-07-24,310.0,315.0,309.0,309.7,-0.9,38004.0,11845428.1,-1,SHEL
2026-07-27,310.0,311.5,303.0,305.0,-1.52,73957.0,22613735.2,-1,SHEL
2026-07-28,307.9,307.9,302.0,306.5,0.49,110117.0,33511102.6,-1,SHEL
2026-07-29,307.0,307.0,304.1,305.0,-0.49,48396.0,14786002.4,-1,SHEL
2026-07-30,304.0,307.5,304.0,305.0,0.0,57162.0,17449421.7,1,SHEL
2026-07-31,305.0,308.0,302.7,307.7,0.89,49839.0,15251848.6,1,SHEL
2026-08-03,307.0,309.0,306.6,307.0,-0.23,45753.0,14078483.3,0,SHEL
2026-08-04,307.0,308.4,304.2,305.2,-0.59,71014.0,21715141.7,-1,SHEL
2026-08-05,302.2,308.0,302.2,306.9,0.56,27377.0,8396994.2,1,SHEL
2026-08-06,305.0,311.6,305.0,306.9,0.0,78427.0,24078415.4,1,SHEL
2026-08-07,305.0,307.7,301.8,307.0,0.03,47541.0,14476047.9,1,SHEL
2026-08-10,305.1,308.0,303.3,304.2,-0.91,40875.0,12449317.4,-1,SHEL
2026-08-11,309.0,309.0,303.0,305.9,0.56,44730.0,13647552.8,-1,SHEL
2026-08-12,303.3,309.0,303.3,305.0,-0.29,26751.0,8148187.1,1,SHEL
2026-07-13,398.0,399.4,396.0,397.0,-0.25,15517.0,6160025.0,-1,SHINE
2026-07-14,397.0,398.9,395.3,396.9,-0.03,21030.0,8344958.1,-1,SHINE
2026-07-15,397.5,402.3,397.0,397.5,0.15,14499.0,5777047.2,0,SHINE
2026-07-16,417.3,417.3,395.0,415.0,4.4,22436.0,9085960.9,-1,SHINE
2026-07-17,412.5,413.9,407.0,413.9,-0.27,18100.0,7448786.1,1,SHINE
2026-07-20,414.0,425.0,412.0,419.0,1.23,33213.0,13891193.0,1,SHINE
2026-07-21,416.0,423.0,412.0,415.9,-0.74,22547.0,9401450.4,-1,SHINE
2026-07-22,415.9,415.9,412.0,414.0,-0.46,22529.0,9321601.8,-1,SHINE
2026-07-23,414.0,417.0,410.0,417.0,0.72,11786.0,4871299.8,1,SHINE
2026-07-24,420.0,421.7,417.0,417.5,0.12,23905.0,10017289.6,-1,SHINE
2026-07-27,420.9,420.9,414.0,415.0,-0.6,23408.0,9753117.8,-1,SHINE
2026-07-28,414.0,415.0,410.0,414.5,-0.12,24040.0,9921398.4,1,SHINE
2026-07-29,414.5,414.9,411.6,412.4,-0.51,6351.0,2620721.9,-1,SHINE
2026-07-30,410.0,414.5,407.0,410.0,-0.58,13148.0,5384487.0,0,SHINE
2026-07-31,410.0,413.0,406.0,413.0,0.73,10540.0,4331621.0,1,SHINE
2026-08-03,407.4,415.0,407.4,411.9,-0.27,8517.0,3502623.0,1,SHINE
2026-08-04,415.0,416.0,411.0,412.7,0.19,19847.0,8193015.4,-1,SHINE
2026-08-05,415.0,415.0,409.1,411.5,-0.29,22342.0,9193862.0,-1,SHINE
2026-08-06,410.2,413.0,408.1,408.2,-0.8,20045.0,8214474.2,-1,SHINE
2026-08-07,408.5,410.0,407.0,407.2,-0.24,7440.0,3039092.5,-1,SHINE
2026-08-10,408.0,410.0,406.0,407.0,-0.05,13248.0,5401600.2,-1,SHINE
2026-08-11,418.1,418.1,406.0,410.0,0.74,14469.0,5904835.3,-1,SHINE
2026-08-12,410.0,410.0,405.0,410.0,0.0,15638.0,6395765.8,0,SHINE
2026-07-13,1140.0,1140.0,1140.0,1140.0,0.0,10000.0,11400000.0,0,SHINED
2026-07-14,1105.8,1105.8,1105.0,1105.0,-3.07,35611.0,39350246.5,-1,SHINED
2026-07-15,1138.0,1145.0,1138.0,1145.0,3.62,185.0,211630.0,1,SHINED
2026-07-16,1145.0,1145.0,1145.0,1144.0,-0.09,7.0,8008.0,-1,SHINED
2026-07-27,1144.0,1144.0,1079.1,1079.1,-5.67,101.0,109022.3,-1,SHINED
2026-07-29,1105.6,1109.0,1105.6,1109.0,2.77,450.0,498138.5,1,SHINED
2026-07-31,1092.0,1092.0,1092.0,1092.0,-1.53,25.0,27300.0,0,SHINED
2026-08-04,1080.1,1080.1,1076.2,1076.2,-1.45,150.0,161910.0,-1,SHINED
2026-08-05,1084.0,1084.0,1084.0,1084.0,0.72,25.0,27100.0,0,SHINED
2026-08-07,1095.0,1095.0,1095.0,1095.0,1.01,50.0,54750.0,0,SHINED
2026-08-10,1098.0,1100.0,1090.0,1090.0,-0.46,130.0,142600.0,-1,SHINED
2026-07-13,629.0,629.0,615.0,619.9,-0.26,67449.0,41715900.7,-1,SHIVM
2026-07-14,625.0,657.0,612.0,619.0,-0.15,134658.0,84747012.8,-1,SHIVM
2026-07-15,630.0,630.0,618.2,620.8,0.29,87046.0,54063975.8,-1,SHIVM
2026-07-16,627.5,627.5,620.0,621.0,0.03,58274.0,36285190.6,-1,SHIVM
2026-07-17,600.0,652.0,600.0,652.0,4.99,108959.0,69789604.8,1,SHIVM
2026-07-20,653.5,663.7,640.0,663.0,1.69,150670.0,98990198.1,1,SHIVM
2026-07-21,666.0,668.0,653.1,663.1,0.02,152420.0,100482010.1,-1,SHIVM
2026-07-22,657.1,664.9,652.0,656.0,-1.07,112792.0,74083985.1,-1,SHIVM
2026-07-23,650.0,660.0,648.1,660.0,0.61,58438.0,38256887.7,1,SHIVM
2026-07-24,638.0,665.0,638.0,655.0,-0.76,64040.0,42193015.3,1,SHIVM
2026-07-27,655.0,658.0,643.0,643.5,-1.76,88207.0,57383666.3,-1,SHIVM
2026-07-28,642.0,646.0,636.6,641.0,-0.39,77097.0,49388710.9,-1,SHIVM
2026-07-29,641.5,644.0,637.0,639.2,-0.28,40521.0,25938615.0,-1,SHIVM
2026-07-30,626.4,674.0,626.4,636.0,-0.5,71068.0,46039942.4,1,SHIVM
2026-07-31,635.0,644.0,633.0,642.0,0.94,69233.0,44235457.6,1,SHIVM
2026-08-03,642.0,650.0,642.0,646.5,0.7,71310.0,46089393.4,1,SHIVM
2026-08-04,678.5,678.5,646.5,648.0,0.23,116651.0,77082634.4,-1,SHIVM
2026-08-05,680.3,680.3,645.09,649.0,0.15,69463.0,45044913.1,-1,SHIVM
2026-08-06,646.0,651.0,645.0,645.0,-0.62,46373.0,30005399.8,-1,SHIVM
2026-08-07,646.0,646.0,637.0,637.7,-1.13,44267.0,28347551.5,-1,SHIVM
2026-08-10,638.7,643.9,633.3,633.3,-0.69,63736.0,40526244.5,-1,SHIVM
2026-08-11,603.5,638.0,603.5,636.0,0.43,46483.0,29543735.4,1,SHIVM
2026-08-12,640.0,640.0,630.0,632.1,-0.61,61657.0,39036071.3,-1,SHIVM
2026-07-13,490.5,492.0,486.4,486.4,-0.84,29566.0,14428062.5,-1,SHL
2026-07-14,486.5,490.0,474.4,486.0,-0.08,45360.0,22037922.4,-1,SHL
2026-07-15,496.0,496.0,487.0,487.0,0.21,21524.0,10521638.0,-1,SHL
2026-07-16,496.0,496.0,488.6,489.5,0.51,14876.0,7295352.9,-1,SHL
2026-07-17,492.0,500.0,490.2,499.5,2.04,17187.0,8543621.5,1,SHL
2026-07-20,499.0,510.0,499.0,503.8,0.86,15033.0,7533616.3,1,SHL
2026-07-21,503.9,510.0,500.0,505.0,0.24,31042.0,15602092.0,1,SHL
2026-07-22,505.0,505.0,497.7,502.0,-0.59,18022.0,9013671.3,-1,SHL
2026-07-23,498.0,504.4,496.4,499.6,-0.48,9794.0,4895109.6,1,SHL
2026-07-24,504.9,505.0,499.0,503.0,0.68,15100.0,7578356.3,-1,SHL
2026-07-27,502.0,505.5,499.1,502.0,-0.2,25899.0,13011503.2,0,SHL
2026-07-28,505.0,508.0,495.0,500.9,-0.22,25363.0,12722770.0,-1,SHL
2026-07-29,499.0,502.0,498.2,500.0,-0.18,10770.0,5388888.0,1,SHL
2026-07-30,500.0,501.4,498.3,500.0,0.0,6446.0,3219978.4,0,SHL
2026-07-31,496.0,501.0,496.0,501.0,0.2,9444.0,4709150.4,1,SHL
2026-08-03,500.0,504.0,498.0,500.0,-0.2,23716.0,11890689.3,0,SHL
2026-08-04,500.0,513.4,496.0,500.0,0.0,5881.0,2933315.0,0,SHL
2026-08-05,499.0,505.0,497.0,501.0,0.2,10373.0,5181083.5,1,SHL
2026-08-06,500.0,502.0,498.0,498.6,-0.48,16007.0,7994298.2,-1,SHL
2026-08-07,498.6,502.0,497.3,499.1,0.1,16785.0,8387335.0,1,SHL
2026-08-10,499.0,501.0,497.3,498.0,-0.22,12145.0,6054138.5,-1,SHL
2026-08-11,502.0,519.1,489.5,503.0,1.0,19086.0,9558970.1,1,SHL
2026-08-12,502.0,508.0,502.0,508.0,0.99,23413.0,11822596.1,1,SHL
2026-07-13,1405.0,1409.7,1401.0,1409.7,-0.52,90.0,126291.0,1,SHLB
2026-07-14,1400.0,1445.0,1400.0,1445.0,2.5,610.0,856822.0,1,SHLB
2026-07-15,1445.0,1479.9,1410.0,1436.0,-0.62,200.0,288399.0,-1,SHLB
2026-07-16,1479.0,1479.0,1479.0,1479.0,2.99,10.0,14790.0,0,SHLB
2026-07-17,1500.0,1500.0,1455.0,1500.0,1.42,490.0,727516.0,0,SHLB
2026-07-20,1520.0,1520.0,1475.1,1475.1,-1.66,70.0,103902.0,-1,SHLB
2026-07-21,1472.0,1560.0,1467.9,1540.0,4.4,430.0,653064.1,1,SHLB
2026-07-22,1495.0,1524.0,1450.0,1524.0,-1.04,295.0,431654.0,1,SHLB
2026-07-23,1480.0,1498.0,1456.0,1498.0,-1.71,70.0,102870.0,1,SHLB
2026-07-24,1453.2,1513.0,1453.2,1513.0,1.0,169.0,249052.0,1,SHLB
2026-07-27,1467.7,1470.0,1450.0,1470.0,-2.84,52.0,75777.0,1,SHLB
2026-07-28,1435.0,1513.9,1433.2,1513.9,2.99,210.0,309001.0,1,SHLB
2026-07-29,1468.5,1505.0,1460.0,1502.9,-0.73,89.0,131437.2,1,SHLB
2026-07-30,1458.0,1475.0,1433.4,1475.0,-1.86,70.0,101982.0,1,SHLB
2026-07-31,1460.0,1474.0,1438.0,1474.0,-0.07,100.0,144608.0,1,SHLB
2026-08-03,1474.0,1511.0,1430.0,1489.8,1.07,1192.0,1714046.0,1,SHLB
2026-08-04,1445.3,1446.5,1445.3,1446.0,-2.94,188.0,271866.0,1,SHLB
2026-08-05,1446.0,1450.0,1446.0,1450.0,0.28,30.0,43460.0,1,SHLB
2026-08-06,1440.0,1476.9,1432.0,1476.9,1.86,74.0,107017.0,1,SHLB
2026-08-07,1451.0,1475.0,1433.0,1475.0,-0.13,108.0,156700.0,1,SHLB
2026-08-10,1474.0,1474.0,1434.0,1434.0,-2.78,49.0,71199.0,-1,SHLB
2026-08-11,1434.0,1474.0,1415.1,1474.0,2.79,150.0,213250.0,1,SHLB
2026-08-12,1430.0,1456.0,1403.0,1456.0,-1.22,431.0,607446.7,1,SHLB
2026-07-13,500.0,500.0,485.0,485.0,-1.02,29983.0,14597332.0,-1,SHPC
2026-07-14,482.1,488.0,482.1,484.5,-0.1,25857.0,12550237.2,1,SHPC
2026-07-15,495.0,495.0,486.2,489.0,0.93,21804.0,10705558.9,-1,SHPC
2026-07-16,489.0,492.0,488.0,490.0,0.2,44711.0,21876836.5,1,SHPC
2026-07-17,499.0,519.9,492.0,513.0,4.69,55253.0,28100089.2,1,SHPC
2026-07-20,515.0,523.0,508.5,522.9,1.93,30319.0,15744981.9,1,SHPC
2026-07-21,522.0,528.0,515.0,517.0,-1.13,26580.0,13857054.4,-1,SHPC
2026-07-22,517.1,519.0,509.5,512.6,-0.85,14476.0,7439521.65,-1,SHPC
2026-07-23,538.0,538.0,507.5,515.9,0.64,42994.0,22519829.7,-1,SHPC
2026-07-24,520.0,525.0,512.1,518.6,0.52,38788.0,20124059.1,-1,SHPC
2026-07-27,515.0,521.0,509.0,509.0,-1.85,18199.0,9329178.3,-1,SHPC
2026-07-28,512.0,514.0,508.0,511.0,0.39,12002.0,6127198.4,-1,SHPC
2026-07-29,507.0,514.0,505.3,508.0,-0.59,9281.0,4728395.4,1,SHPC
2026-07-30,506.0,510.0,502.0,505.0,-0.59,22396.0,11299987.2,-1,SHPC
2026-07-31,500.0,506.0,498.1,501.0,-0.79,35056.0,17535443.8,1,SHPC
2026-08-03,504.0,508.0,500.3,503.0,0.4,29198.0,14666639.5,-1,SHPC
2026-08-04,502.1,508.0,501.2,502.1,-0.18,14913.0,7497100.7,0,SHPC
2026-08-05,500.0,505.0,498.0,502.0,-0.02,21976.0,10999382.6,1,SHPC
2026-08-06,501.0,503.0,498.0,499.9,-0.42,12802.0,6401656.7,-1,SHPC
2026-08-07,505.0,505.0,496.3,498.5,-0.28,12536.0,6248058.9,-1,SHPC
2026-08-10,497.0,499.0,494.0,495.0,-0.7,22792.0,11277829.0,-1,SHPC
2026-08-11,495.0,500.0,495.0,498.0,0.61,32659.0,16201329.6,1,SHPC
2026-08-12,498.0,503.9,493.2,494.9,-0.62,10919.0,5403015.7,-1,SHPC
2026-07-13,612.0,615.0,608.0,608.0,-0.65,4332.0,2646319.0,-1,SICL
2026-07-14,605.0,613.0,605.0,608.6,0.1,3257.0,1982593.7,1,SICL
2026-07-15,608.6,614.7,608.1,610.0,0.23,10214.0,6243005.2,1,SICL
2026-07-16,613.0,615.0,609.0,615.0,0.82,3805.0,2329409.7,1,SICL
2026-07-17,625.0,638.0,623.0,629.0,2.28,6446.0,4034447.6,1,SICL
2026-07-20,620.0,635.0,620.0,634.0,0.79,5785.0,3656309.1,1,SICL
2026-07-21,639.9,639.9,625.0,638.0,0.63,4345.0,2749391.3,-1,SICL
2026-07-22,635.0,635.0,621.0,635.0,-0.47,8698.0,5475253.1,0,SICL
2026-07-23,645.8,645.8,623.0,634.0,-0.16,3608.0,2272016.3,-1,SICL
2026-07-24,639.8,639.8,629.2,633.7,-0.05,3100.0,1959872.7,-1,SICL
2026-07-27,635.0,635.0,618.0,618.0,-2.48,6926.0,4320116.9,-1,SICL
2026-07-28,615.0,620.0,605.0,614.0,-0.65,5788.0,3554592.5,-1,SICL
2026-07-29,614.0,625.0,609.1,611.1,-0.47,9181.0,5620519.8,-1,SICL
2026-07-30,620.0,620.0,610.0,613.0,0.31,6079.0,3734677.7,-1,SICL
2026-07-31,605.5,620.0,605.5,613.0,0.0,2202.0,1355231.9,1,SICL
2026-08-03,620.0,629.9,616.1,617.0,0.65,11375.0,7040291.0,-1,SICL
2026-08-04,617.0,618.0,610.1,611.1,-0.96,5436.0,3341361.4,-1,SICL
2026-08-05,611.3,617.7,610.0,617.5,1.05,2144.0,1314190.8,1,SICL
2026-08-06,610.5,618.0,605.8,616.9,-0.1,1397.0,854358.3,1,SICL
2026-08-07,610.1,614.0,609.0,609.1,-1.26,10149.0,6192593.7,-1,SICL
2026-08-10,610.0,620.0,610.0,610.2,0.18,4185.0,2563392.7,1,SICL
2026-08-11,610.0,620.0,610.0,611.4,0.2,4788.0,2929322.6,1,SICL
2026-08-12,612.4,618.4,612.2,615.0,0.59,5969.0,3670728.6,1,SICL
2026-07-13,511.1,511.5,500.0,500.0,-3.85,11936.0,6049706.2,-1,SIFC
2026-07-14,501.0,510.0,500.0,507.0,1.4,5153.0,2597014.0,1,SIFC
2026-07-15,520.0,520.0,510.0,510.0,0.59,5368.0,2752773.3,-1,SIFC
2026-07-16,505.0,511.0,500.0,509.0,-0.2,2114.0,1063108.9,1,SIFC
2026-07-17,523.0,529.9,514.1,525.0,3.14,8988.0,4700196.8,1,SIFC
2026-07-20,525.0,540.7,525.0,533.9,1.7,13965.0,7406278.0,1,SIFC
2026-07-21,532.0,537.6,521.0,527.9,-1.12,10811.0,5694859.4,-1,SIFC
2026-07-22,522.0,540.0,520.0,527.0,-0.17,18006.0,9484975.7,1,SIFC
2026-07-23,520.0,535.0,520.0,533.0,1.14,7222.0,3794657.1,1,SIFC
2026-07-24,530.0,535.0,526.1,529.0,-0.75,6762.0,3594363.0,-1,SIFC
2026-07-27,521.0,536.0,515.0,520.0,-1.7,9051.0,4772015.8,-1,SIFC
2026-07-28,520.0,526.0,520.0,520.0,0.0,7712.0,4024841.8,0,SIFC
2026-07-29,505.1,526.0,505.1,518.1,-0.37,3492.0,1815259.8,1,SIFC
2026-07-30,520.0,520.0,514.0,517.8,-0.06,3324.0,1713343.5,-1,SIFC
2026-07-31,520.0,520.9,508.0,519.0,0.23,2223.0,1145620.9,-1,SIFC
2026-08-03,510.0,525.0,510.0,514.2,-0.92,24228.0,12432545.0,1,SIFC
2026-08-04,521.0,521.0,509.2,517.0,0.54,5592.0,2859434.3,-1,SIFC
2026-08-05,517.0,518.5,508.0,510.0,-1.35,5279.0,2702540.8,-1,SIFC
2026-08-06,503.0,512.0,503.0,510.0,0.0,5130.0,2610875.5,1,SIFC
2026-08-07,510.0,510.9,505.4,505.5,-0.88,7215.0,3659397.9,-1,SIFC
2026-08-10,504.1,509.0,499.0,503.0,-0.49,9194.0,4605572.0,-1,SIFC
2026-08-11,505.0,510.0,505.0,505.6,0.52,2727.0,1380527.0,1,SIFC
2026-08-12,504.0,507.9,503.0,503.2,-0.47,3182.0,1603418.3,-1,SIFC
2026-07-15,10.2,10.2,10.1,10.1,-0.98,1500.0,15220.0,-1,SIGS2
2026-07-16,10.4,11.0,10.4,11.0,8.91,7000.0,74741.0,1,SIGS2
2026-07-17,10.67,10.67,10.67,10.67,-3.0,110.0,1173.7,0,SIGS2
2026-07-20,10.5,10.5,10.5,10.5,-1.59,300.0,3150.0,0,SIGS2
2026-07-21,10.35,10.35,10.35,10.35,-1.43,1000.0,10350.0,0,SIGS2
2026-07-22,10.04,10.04,10.04,10.04,-3.0,100.0,1004.0,0,SIGS2
2026-07-24,10.15,10.2,10.15,10.2,1.59,4100.0,41790.0,1,SIGS2
2026-07-27,10.1,10.5,10.1,10.5,2.94,1900.0,19470.0,1,SIGS2
2026-07-28,10.3,10.5,10.3,10.5,0.0,3000.0,31400.0,1,SIGS2
2026-07-29,10.3,10.5,10.3,10.5,0.0,2350.0,24425.0,1,SIGS2
2026-08-03,10.8,10.81,10.8,10.81,2.95,10000.0,108020.5,1,SIGS2
2026-08-05,10.8,10.8,10.8,10.8,-0.09,200.0,2160.0,0,SIGS2
2026-08-11,10.5,10.7,10.5,10.7,-0.93,10800.0,114960.0,1,SIGS2
2026-07-13,10.5,10.6,10.47,10.5,-0.94,67791.0,711432.77,0,SIGS3
2026-07-14,10.19,10.49,10.01,10.49,-0.1,505100.0,5071769.42,1,SIGS3
2026-07-15,10.5,10.5,10.5,10.5,0.1,100.0,1050.0,0,SIGS3
2026-07-16,10.2,10.5,10.2,10.5,0.0,1830.0,19095.0,1,SIGS3
2026-07-17,10.25,10.7,10.25,10.7,1.9,460.0,4831.5,1,SIGS3
2026-07-20,10.38,10.38,10.11,10.37,-3.08,1900.0,19403.0,-1,SIGS3
2026-07-21,10.37,10.6,10.37,10.5,1.25,102400.0,1078221.0,1,SIGS3
2026-07-22,10.56,10.59,10.46,10.5,0.0,27008.0,284233.48,-1,SIGS3
2026-07-23,10.5,10.6,10.35,10.6,0.95,376585.0,3991711.0,1,SIGS3
2026-07-24,10.42,10.6,10.42,10.5,-0.94,25177.0,264612.5,1,SIGS3
2026-07-27,10.36,10.5,10.36,10.5,0.0,600.0,6242.0,1,SIGS3
2026-07-28,10.81,10.81,10.49,10.6,0.95,47650.0,501722.5,-1,SIGS3
2026-07-29,10.63,10.77,10.63,10.77,1.6,10900.0,117190.0,1,SIGS3
2026-07-30,10.7,10.7,10.7,10.7,-0.65,8400.0,89880.0,0,SIGS3
2026-07-31,10.71,10.71,10.42,10.42,-2.62,4900.0,51356.0,-1,SIGS3
2026-08-03,10.47,10.78,10.47,10.55,1.25,2056.0,22011.68,1,SIGS3
2026-08-04,10.56,10.7,10.56,10.58,0.28,800.0,8464.0,1,SIGS3
2026-08-05,10.47,10.6,10.47,10.6,0.19,400.0,4223.0,1,SIGS3
2026-08-06,10.65,10.65,10.5,10.5,-0.94,400.0,4245.0,-1,SIGS3
2026-08-07,10.5,10.55,10.47,10.55,0.48,535.0,5624.5,1,SIGS3
2026-08-10,10.6,10.89,10.6,10.89,3.22,26335.0,282040.5,1,SIGS3
2026-08-11,10.95,10.95,10.66,10.85,-0.37,20200.0,219882.0,-1,SIGS3
2026-08-12,10.6,10.6,10.6,10.6,-2.3,1140.0,12084.0,0,SIGS3
2026-07-13,545.2,550.0,543.0,545.0,-0.91,3923.0,2137822.6,-1,SIKLES
2026-07-14,541.3,554.0,541.0,544.0,-0.18,14937.0,8107932.5,1,SIKLES
2026-07-15,559.0,560.0,547.2,552.0,1.47,3028.0,1680087.8,-1,SIKLES
2026-07-16,553.1,554.9,548.0,554.9,0.53,5087.0,2804443.0,1,SIKLES
2026-07-17,555.0,571.0,555.0,570.0,2.72,11901.0,6731934.9,1,SIKLES
2026-07-20,565.0,584.0,565.0,576.0,1.05,6941.0,4004953.5,1,SIKLES
2026-07-21,576.0,580.0,568.7,570.0,-1.04,16584.0,9524833.6,-1,SIKLES
2026-07-22,573.0,573.0,555.0,564.0,-1.05,15618.0,8759748.1,-1,SIKLES
2026-07-23,555.1,570.0,555.1,567.0,0.53,6009.0,3378994.2,1,SIKLES
2026-07-24,559.0,573.7,559.0,572.0,0.88,5993.0,3419342.1,1,SIKLES
2026-07-27,565.0,575.0,558.4,563.9,-1.42,8682.0,4886428.5,-1,SIKLES
2026-07-28,558.1,561.9,552.0,559.1,-0.85,31137.0,17309167.0,1,SIKLES
2026-07-29,555.0,562.0,555.0,557.0,-0.38,8229.0,4593898.4,1,SIKLES
2026-07-30,556.0,569.9,555.2,558.6,0.29,29707.0,16606794.0,1,SIKLES
2026-07-31,558.6,559.0,555.4,559.0,0.07,9589.0,5346386.1,1,SIKLES
2026-08-03,569.9,569.9,556.3,560.0,0.18,11913.0,6651990.9,-1,SIKLES
2026-08-04,560.0,568.0,557.0,561.0,0.18,6596.0,3692894.9,1,SIKLES
2026-08-05,555.7,562.7,555.6,560.0,-0.18,15123.0,8479879.3,1,SIKLES
2026-08-06,558.3,561.9,558.3,560.0,0.0,8631.0,4831945.9,1,SIKLES
2026-08-07,555.5,575.0,555.5,559.0,-0.18,5586.0,3114256.7,1,SIKLES
2026-08-10,559.0,559.1,555.2,555.2,-0.68,2935.0,1633734.6,-1,SIKLES
2026-08-11,555.0,557.0,553.2,555.3,0.02,5433.0,3016600.8,1,SIKLES
2026-08-12,553.1,557.0,553.1,555.9,0.11,3588.0,1991743.6,1,SIKLES
2026-07-13,683.1,690.0,673.0,673.1,-2.87,2675.0,1817506.0,-1,SINDU
2026-07-14,639.5,690.9,639.5,678.9,0.86,5350.0,3575396.3,1,SINDU
2026-07-15,670.1,694.0,666.0,680.0,0.16,4847.0,3301986.2,1,SINDU
2026-07-16,714.0,714.0,670.0,670.0,-1.47,6146.0,4168334.7,-1,SINDU
2026-07-17,688.9,704.8,673.5,700.0,4.48,12796.0,8893603.5,1,SINDU
2026-07-20,700.0,730.0,700.0,716.0,2.29,10748.0,7715335.6,1,SINDU
2026-07-21,703.0,730.0,703.0,719.0,0.42,7424.0,5309925.9,1,SINDU
2026-07-22,683.1,800.0,683.1,729.3,1.43,18145.0,13080155.4,1,SINDU
2026-07-23,692.9,733.8,692.9,719.0,-1.41,3025.0,2162784.4,1,SINDU
2026-07-24,683.1,723.0,683.1,719.0,0.0,12801.0,9155610.8,1,SINDU
2026-07-27,754.9,754.9,700.0,710.0,-1.25,20353.0,14398247.9,-1,SINDU
2026-07-28,702.0,714.7,695.0,709.5,-0.07,7508.0,5280120.4,1,SINDU
2026-07-29,720.0,720.0,699.0,710.0,0.07,17345.0,12245546.0,-1,SINDU
2026-07-30,700.1,711.0,700.1,701.0,-1.27,16145.0,11382696.9,1,SINDU
2026-07-31,714.0,725.0,695.8,723.9,3.27,48851.0,34939030.5,1,SINDU
2026-08-03,716.3,729.9,716.3,721.9,-0.28,11190.0,8091928.7,1,SINDU
2026-08-04,716.1,721.0,700.0,701.0,-2.9,19493.0,13872254.0,-1,SINDU
2026-08-05,717.0,717.0,700.0,704.0,0.43,9890.0,6959476.6,-1,SINDU
2026-08-06,700.0,709.9,692.0,700.0,-0.57,12222.0,8545765.1,0,SINDU
2026-08-07,690.1,699.9,685.0,691.0,-1.29,9207.0,6361749.8,1,SINDU
2026-08-10,691.0,699.7,685.0,691.0,0.0,8020.0,5531041.7,0,SINDU
2026-08-11,666.0,695.0,666.0,686.0,-0.72,6159.0,4235181.1,1,SINDU
2026-08-12,704.9,704.9,676.1,684.6,-0.2,8940.0,6100410.6,-1,SINDU
2026-07-13,596.0,600.0,558.2,574.8,-3.41,11523.0,6551789.6,-1,SIPD
2026-07-14,575.0,575.0,550.1,569.9,-0.85,9433.0,5292111.9,-1,SIPD
2026-07-15,597.0,597.0,553.1,565.0,-0.86,6589.0,3721538.0,-1,SIPD
2026-07-16,565.0,574.0,552.6,558.9,-1.08,10156.0,5667314.8,-1,SIPD
2026-07-17,574.9,630.0,558.9,626.0,12.01,25904.0,15570747.0,1,SIPD
2026-07-20,625.0,700.0,607.3,675.0,7.83,27332.0,17601657.7,1,SIPD
2026-07-21,675.0,695.0,660.0,685.0,1.48,37278.0,25267698.6,1,SIPD
2026-07-22,670.0,710.0,655.5,686.9,0.28,29651.0,20227850.0,1,SIPD
2026-07-23,668.1,745.0,668.1,745.0,8.46,51184.0,36224648.9,1,SIPD
2026-07-24,750.0,757.0,713.0,727.0,-2.42,51208.0,37583094.8,-1,SIPD
2026-07-27,725.0,740.0,681.0,681.0,-6.33,35961.0,25185076.2,-1,SIPD
2026-07-28,715.0,715.0,660.0,696.0,2.2,30875.0,21208356.0,-1,SIPD
2026-07-29,716.0,716.0,675.2,680.0,-2.3,10073.0,6944132.1,-1,SIPD
2026-07-30,682.0,682.0,651.0,678.9,-0.16,24436.0,16262650.1,-1,SIPD
2026-07-31,661.0,685.0,648.0,680.0,0.16,22151.0,14837824.9,1,SIPD
2026-08-03,661.0,709.6,661.0,697.0,2.5,46085.0,32043492.4,1,SIPD
2026-08-04,731.0,731.0,660.0,660.0,-5.31,10170.0,6858397.1,-1,SIPD
2026-08-05,646.0,708.0,646.0,699.0,5.91,80355.0,54876971.6,1,SIPD
2026-08-06,681.0,739.0,670.1,690.0,-1.29,16708.0,11527961.8,1,SIPD
2026-08-07,690.0,690.0,660.0,680.0,-1.45,15418.0,10336452.4,-1,SIPD
2026-08-10,660.0,685.0,660.0,678.9,-0.16,30604.0,20711371.7,1,SIPD
2026-08-11,679.0,690.0,661.0,680.0,0.16,17493.0,11778690.3,1,SIPD
2026-08-12,678.0,680.0,661.3,675.0,-0.74,7484.0,4998762.3,-1,SIPD
2026-07-13,263.2,270.0,263.2,268.0,-0.37,6577.0,1749834.0,1,SJCL
2026-07-14,268.0,270.0,264.0,266.0,-0.75,12572.0,3344603.9,-1,SJCL
2026-07-15,264.0,270.9,264.0,269.0,1.13,12158.0,3272010.8,1,SJCL
2026-07-16,269.0,274.0,268.0,272.9,1.45,8303.0,2235127.5,1,SJCL
2026-07-17,279.0,285.0,271.0,284.1,4.1,12448.0,3500931.5,1,SJCL
2026-07-20,285.0,290.0,277.8,285.3,0.42,10633.0,3035956.1,1,SJCL
2026-07-21,280.0,290.0,280.0,285.0,-0.11,12773.0,3652696.1,1,SJCL
2026-07-22,285.0,285.0,281.2,283.0,-0.7,7046.0,1985765.6,-1,SJCL
2026-07-23,276.3,284.0,276.0,284.0,0.35,9553.0,2668485.0,1,SJCL
2026-07-24,281.0,285.0,278.0,285.0,0.35,5913.0,1669144.3,1,SJCL
2026-07-27,270.8,284.9,270.8,276.4,-3.02,8294.0,2313465.0,1,SJCL
2026-07-28,276.0,283.0,273.3,277.0,0.22,9773.0,2684759.6,1,SJCL
2026-07-29,270.8,280.0,270.8,275.0,-0.72,4205.0,1148586.5,1,SJCL
2026-07-30,270.0,274.0,270.0,274.0,-0.36,4932.0,1341005.8,1,SJCL
2026-07-31,266.0,275.0,266.0,275.0,0.36,9243.0,2516705.7,1,SJCL
2026-08-03,272.0,276.0,271.0,273.0,-0.73,4175.0,1143404.2,1,SJCL
2026-08-04,271.0,273.0,271.0,272.0,-0.37,5110.0,1387195.5,1,SJCL
2026-08-05,272.0,279.0,270.3,277.8,2.13,5226.0,1424203.2,1,SJCL
2026-08-06,274.0,276.0,271.6,272.5,-1.91,4683.0,1277282.4,-1,SJCL
2026-08-07,269.0,273.5,269.0,273.5,0.37,6788.0,1844106.5,1,SJCL
2026-08-10,270.0,270.0,267.9,270.0,-1.28,6627.0,1783432.4,0,SJCL
2026-08-11,270.0,273.0,269.0,270.0,0.0,4195.0,1132366.2,0,SJCL
2026-08-12,267.1,272.0,267.1,271.0,0.37,3396.0,913934.6,1,SJCL
2026-07-13,415.0,415.0,401.0,405.2,-2.36,33043.0,13533036.5,-1,SJLIC
2026-07-14,404.0,412.0,402.3,407.2,0.49,10119.0,4125500.9,1,SJLIC
2026-07-15,410.0,414.3,408.0,410.0,0.69,4925.0,2018565.5,0,SJLIC
2026-07-16,418.0,419.0,407.0,413.0,0.73,5855.0,2395587.8,-1,SJLIC
2026-07-17,395.0,425.0,395.0,425.0,2.91,12428.0,5218346.9,1,SJLIC
2026-07-20,424.0,431.6,418.7,426.0,0.24,22968.0,9754624.8,1,SJLIC
2026-07-21,426.0,429.9,422.0,424.9,-0.26,12357.0,5251023.9,-1,SJLIC
2026-07-22,418.0,425.0,416.2,421.9,-0.71,10327.0,4342537.9,1,SJLIC
2026-07-23,416.0,427.0,416.0,424.9,0.71,12230.0,5172089.5,1,SJLIC
2026-07-24,420.0,429.0,420.0,427.9,0.71,13468.0,5717527.0,1,SJLIC
2026-07-27,421.5,428.5,419.0,419.0,-2.08,13067.0,5538332.8,-1,SJLIC
2026-07-28,419.0,424.0,415.4,417.9,-0.26,7941.0,3314309.8,-1,SJLIC
2026-07-29,417.0,420.0,414.5,415.0,-0.69,14893.0,6202412.9,-1,SJLIC
2026-07-30,415.0,418.0,413.0,417.7,0.65,3984.0,1657884.1,1,SJLIC
2026-07-31,415.0,419.0,414.0,419.0,0.31,6837.0,2839880.0,1,SJLIC
2026-08-03,412.0,422.0,412.0,417.0,-0.48,14940.0,6251200.2,1,SJLIC
2026-08-04,412.2,415.5,412.2,413.2,-0.91,6720.0,2785078.0,1,SJLIC
2026-08-05,411.5,414.9,411.5,413.0,-0.05,12708.0,5250420.8,1,SJLIC
2026-08-06,412.5,415.5,411.5,414.2,0.29,8389.0,3472433.1,1,SJLIC
2026-08-07,412.0,417.0,411.6,412.6,-0.39,6494.0,2684563.0,1,SJLIC
2026-08-10,411.4,413.0,405.2,410.0,-0.63,18094.0,7426845.9,-1,SJLIC
2026-08-11,422.0,422.0,406.3,409.0,-0.24,17436.0,7140700.4,-1,SJLIC
2026-08-12,405.2,412.0,405.2,412.0,0.73,14107.0,5762575.7,1,SJLIC
2026-07-13,746.0,756.8,740.2,744.0,-0.27,24433.0,18201333.7,-1,SKBBL
2026-07-14,742.1,746.9,740.0,745.0,0.13,20634.0,15321285.0,1,SKBBL
2026-07-15,755.0,756.0,745.0,745.0,0.0,15390.0,11549827.9,-1,SKBBL
2026-07-16,745.0,752.0,745.0,751.9,0.93,14872.0,11132263.9,1,SKBBL
2026-07-17,758.0,764.0,757.0,763.8,1.58,5098.0,3881153.8,1,SKBBL
2026-07-20,760.0,766.0,756.5,765.0,0.16,7794.0,5951319.4,1,SKBBL
2026-07-21,803.2,803.2,761.1,769.0,0.52,7696.0,5920064.2,-1,SKBBL
2026-07-22,769.0,770.2,763.0,767.5,-0.2,2377.0,1821688.2,-1,SKBBL
2026-07-23,762.0,770.0,760.0,767.0,-0.07,6698.0,5130602.7,1,SKBBL
2026-07-24,755.1,771.0,755.1,766.0,-0.13,9366.0,7196630.9,1,SKBBL
2026-07-27,770.1,771.0,762.0,765.0,-0.13,10866.0,8331052.3,-1,SKBBL
2026-07-28,765.0,765.0,755.1,761.0,-0.52,4245.0,3221571.5,-1,SKBBL
2026-07-29,768.0,768.0,758.0,758.0,-0.39,5455.0,4139624.6,-1,SKBBL
2026-07-30,769.0,769.0,751.6,757.9,-0.01,7715.0,5830565.2,-1,SKBBL
2026-07-31,768.0,768.0,751.6,757.0,-0.12,7076.0,5334209.8,-1,SKBBL
2026-08-03,757.0,761.1,756.5,759.1,0.28,14511.0,11016501.2,1,SKBBL
2026-08-04,765.0,765.0,752.1,753.3,-0.76,4048.0,3056571.9,-1,SKBBL
2026-08-05,765.0,765.0,750.0,752.0,-0.17,9107.0,6858596.1,-1,SKBBL
2026-08-06,755.0,755.0,750.3,750.5,-0.2,6771.0,5090114.3,-1,SKBBL
2026-08-07,752.0,752.0,747.0,749.9,-0.08,5056.0,3787317.5,-1,SKBBL
2026-08-10,753.9,753.9,743.0,747.0,-0.39,8895.0,6634450.5,-1,SKBBL
2026-08-11,745.0,749.9,744.0,747.1,0.01,8975.0,6698339.5,1,SKBBL
2026-08-12,750.0,753.9,744.2,746.2,-0.12,5261.0,3923151.4,-1,SKBBL
2026-07-13,924.0,924.0,855.6,862.0,-3.51,6452.0,5678712.5,-1,SKHEL
2026-07-14,845.0,879.0,845.0,873.9,1.38,7591.0,6547547.0,1,SKHEL
2026-07-15,898.5,900.0,866.3,889.0,1.73,3328.0,2927401.4,-1,SKHEL
2026-07-16,868.1,899.0,868.1,874.3,-1.65,1920.0,1693768.3,1,SKHEL
2026-07-17,900.5,1004.0,890.0,1004.0,14.83,14021.0,13315022.3,1,SKHEL
2026-07-20,1000.0,1050.0,981.0,1029.8,2.57,5311.0,5436374.0,1,SKHEL
2026-07-21,1028.0,1050.0,986.0,999.8,-2.91,5627.0,5674977.3,-1,SKHEL
2026-07-22,970.3,1008.0,970.3,1008.0,0.82,2903.0,2881625.7,1,SKHEL
2026-07-23,980.0,1087.0,960.0,1060.0,5.16,12382.0,12714673.5,1,SKHEL
2026-07-24,1007.0,1120.0,1007.0,1077.9,1.69,8890.0,9712410.0,1,SKHEL
2026-07-27,1075.0,1075.0,999.9,999.9,-7.24,4178.0,4293651.9,-1,SKHEL
2026-07-28,999.9,1014.0,946.0,979.3,-2.06,5199.0,5136314.0,-1,SKHEL
2026-07-29,930.4,1007.0,930.4,988.0,0.89,4249.0,4184768.0,1,SKHEL
2026-07-30,971.0,998.0,950.2,976.0,-1.21,4074.0,3932380.8,1,SKHEL
2026-07-31,976.0,997.0,952.0,978.0,0.2,2859.0,2766940.6,1,SKHEL
2026-08-03,965.0,1023.0,945.0,993.0,1.53,1821.0,1790892.2,1,SKHEL
2026-08-04,943.4,1020.0,943.4,985.0,-0.81,6012.0,5842335.7,1,SKHEL
2026-08-05,957.0,990.0,957.0,986.1,0.11,1492.0,1466429.0,1,SKHEL
2026-08-06,986.0,995.0,970.3,989.0,0.29,2791.0,2746330.5,1,SKHEL
2026-08-07,960.3,990.0,960.3,990.0,0.1,1482.0,1458694.7,1,SKHEL
2026-08-10,970.0,980.0,966.0,980.0,-1.01,1155.0,1120747.0,1,SKHEL
2026-08-11,960.0,991.0,960.0,971.1,-0.91,2794.0,2724081.9,1,SKHEL
2026-08-12,975.0,990.0,960.0,970.0,-0.11,1381.0,1341058.0,-1,SKHEL
2026-07-13,883.0,883.0,830.0,837.6,-5.14,12275.0,10487727.7,-1,SKHL
2026-07-14,845.0,845.0,775.0,807.0,-3.65,26367.0,21294076.6,-1,SKHL
2026-07-15,847.3,847.3,802.1,820.0,1.61,9333.0,7637452.6,-1,SKHL
2026-07-16,844.0,844.0,785.1,818.0,-0.24,7013.0,5655635.5,-1,SKHL
2026-07-17,858.9,887.0,802.5,887.0,8.44,26143.0,22215273.6,1,SKHL
2026-07-20,931.3,931.3,846.9,920.0,3.72,18051.0,16174969.8,-1,SKHL
2026-07-21,892.4,921.9,865.6,899.0,-2.28,22590.0,20540693.1,1,SKHL
2026-07-22,881.2,907.0,873.0,905.0,0.67,11903.0,10636681.4,1,SKHL
2026-07-23,904.0,929.9,881.2,929.0,2.65,17258.0,15774369.2,1,SKHL
2026-07-24,944.0,970.0,920.1,935.0,0.65,28833.0,26977209.0,-1,SKHL
2026-07-27,907.1,930.0,891.0,915.0,-2.14,10125.0,9198281.2,1,SKHL
2026-07-28,890.1,910.0,873.0,905.0,-1.09,5564.0,4953669.4,1,SKHL
2026-07-29,903.0,903.0,878.0,894.0,-1.22,5088.0,4516420.0,-1,SKHL
2026-07-30,885.0,891.0,855.2,871.0,-2.57,11782.0,10259268.0,-1,SKHL
2026-07-31,870.0,900.0,847.0,884.0,1.49,29377.0,25948020.8,1,SKHL
2026-08-03,884.0,980.0,857.5,914.0,3.39,15442.0,14013497.5,1,SKHL
2026-08-04,885.0,935.0,880.0,904.0,-1.09,17707.0,15845952.3,1,SKHL
2026-08-05,880.0,910.0,880.0,910.0,0.66,7276.0,6494959.8,1,SKHL
2026-08-06,906.0,920.0,862.0,890.0,-2.2,6582.0,5903862.9,-1,SKHL
2026-08-07,870.1,897.9,868.0,890.0,0.0,7040.0,6203718.5,1,SKHL
2026-08-10,880.0,950.0,840.0,896.0,0.67,13557.0,11903625.5,1,SKHL
2026-08-11,890.0,894.5,870.1,892.9,-0.35,7045.0,6230371.1,1,SKHL
2026-08-12,870.2,893.0,852.0,883.0,-1.11,8193.0,7121931.4,1,SKHL
2026-07-13,780.2,795.0,775.0,786.0,-0.51,3918.0,3047387.7,1,SLBBL
2026-07-14,794.0,797.9,775.0,783.2,-0.36,3962.0,3102697.2,-1,SLBBL
2026-07-15,786.0,799.0,770.1,794.5,1.44,7943.0,6201958.1,1,SLBBL
2026-07-16,781.0,788.9,780.1,788.9,-0.7,787.0,615060.3,1,SLBBL
2026-07-17,800.0,817.5,792.1,817.0,3.56,2386.0,1924237.7,1,SLBBL
2026-07-20,826.0,826.9,803.3,820.0,0.37,2183.0,1783765.2,-1,SLBBL
2026-07-21,810.0,830.0,810.0,820.1,0.01,2773.0,2277137.3,1,SLBBL
2026-07-22,820.0,820.0,805.0,811.3,-1.07,3364.0,2725129.1,-1,SLBBL
2026-07-23,802.1,820.0,802.1,814.0,0.33,2409.0,1953258.2,1,SLBBL
2026-07-24,788.0,832.0,788.0,823.0,1.11,3942.0,3244712.1,1,SLBBL
2026-07-27,822.0,822.0,806.2,818.0,-0.61,2196.0,1790475.1,-1,SLBBL
2026-07-28,818.0,818.0,805.1,815.0,-0.37,2542.0,2056673.3,-1,SLBBL
2026-07-29,815.0,816.0,806.0,806.6,-1.03,2899.0,2357222.8,-1,SLBBL
2026-07-30,806.1,810.0,806.1,809.0,0.3,1495.0,1206643.2,1,SLBBL
2026-07-31,810.0,810.0,801.0,803.0,-0.74,1894.0,1530456.4,-1,SLBBL
2026-08-03,815.0,815.0,808.0,809.0,0.75,3294.0,2668920.4,-1,SLBBL
2026-08-04,802.0,803.0,792.0,800.1,-1.1,2668.0,2130076.2,-1,SLBBL
2026-08-05,793.5,802.0,790.0,802.0,0.24,3877.0,3092203.2,1,SLBBL
2026-08-06,802.0,802.0,798.0,798.3,-0.46,2203.0,1763614.5,-1,SLBBL
2026-08-07,793.0,802.0,792.1,802.0,0.46,1646.0,1310518.1,1,SLBBL
2026-08-10,814.9,814.9,793.1,799.0,-0.37,1206.0,959262.6,-1,SLBBL
2026-08-11,790.1,800.0,790.1,794.0,-0.63,4911.0,3901167.8,1,SLBBL
2026-08-12,794.0,803.9,790.3,797.0,0.38,3175.0,2530458.6,1,SLBBL
2026-07-22,443.0,443.0,443.0,443.0,-2.85,14000.0,6202000.0,0,SLBBLP
2026-07-24,443.0,443.0,443.0,443.0,0.0,20000.0,8860000.0,0,SLBBLP
2026-07-27,443.0,443.0,443.0,443.0,0.0,4314.0,1911102.0,0,SLBBLP
2026-07-13,1100.0,1197.0,1093.0,1197.0,5.37,10929.0,12136664.5,1,SLBSL
2026-07-14,1161.1,1161.1,1098.1,1100.0,-8.1,2776.0,3069238.9,-1,SLBSL
2026-07-15,1110.0,1133.0,1100.0,1103.0,0.27,3478.0,3882010.5,-1,SLBSL
2026-07-16,1103.0,1110.0,1082.0,1100.0,-0.27,1986.0,2170333.0,-1,SLBSL
2026-07-17,1123.69,1157.0,1099.6,1115.0,1.36,7854.0,8694470.4,-1,SLBSL
2026-07-20,1138.0,1138.0,1093.0,1104.5,-0.94,1622.0,1799073.4,-1,SLBSL
2026-07-21,1150.0,1150.0,1096.1,1120.0,1.4,4265.0,4713347.4,-1,SLBSL
2026-07-22,1110.0,1120.0,1097.0,1109.0,-0.98,1975.0,2170921.2,-1,SLBSL
2026-07-23,1100.0,1110.0,1081.1,1092.0,-1.53,2568.0,2808985.0,-1,SLBSL
2026-07-24,1082.0,1147.8,1082.0,1126.0,3.11,5231.0,5808517.4,1,SLBSL
2026-07-27,1103.0,1118.9,1090.0,1105.0,-1.87,1920.0,2109294.5,1,SLBSL
2026-07-28,1090.0,1155.0,1090.0,1099.9,-0.46,2210.0,2428184.0,1,SLBSL
2026-07-29,1075.0,1110.0,1075.0,1077.3,-2.05,4347.0,4718193.5,1,SLBSL
2026-07-30,1131.1,1131.1,1071.0,1090.0,1.18,978.0,1056639.0,-1,SLBSL
2026-07-31,1090.0,1090.0,1070.0,1085.0,-0.46,2655.0,2875502.5,-1,SLBSL
2026-08-03,1100.0,1100.0,1060.0,1060.0,-2.3,2121.0,2268170.0,-1,SLBSL
2026-08-04,1081.0,1081.0,1000.0,1023.0,-3.49,5021.0,5154903.9,-1,SLBSL
2026-08-05,1011.1,1040.0,990.0,990.0,-3.23,3276.0,3280291.6,-1,SLBSL
2026-08-06,990.0,1004.9,975.0,999.1,0.92,1012.0,1002023.9,1,SLBSL
2026-08-07,995.0,999.0,980.0,982.1,-1.7,1298.0,1278826.0,-1,SLBSL
2026-08-10,965.0,990.0,950.0,970.0,-1.23,4044.0,3888709.3,1,SLBSL
2026-08-11,962.1,970.0,925.0,949.0,-2.16,5113.0,4807662.5,-1,SLBSL
2026-08-12,925.0,938.1,925.0,927.0,-2.32,2356.0,2187464.0,1,SLBSL
2026-07-13,10.0,10.0,9.9,9.9,-1.0,21000.0,208950.0,-1,SLCF
2026-07-14,9.9,10.01,9.9,10.0,1.01,365650.0,3657490.0,1,SLCF
2026-07-15,10.0,10.06,10.0,10.0,0.0,147419.0,1474910.1,0,SLCF
2026-07-16,9.7,10.55,9.7,10.55,5.5,5500.0,56139.5,1,SLCF
2026-07-17,10.54,10.55,10.24,10.24,-2.94,8100.0,83811.0,-1,SLCF
2026-07-20,10.2,10.25,10.0,10.0,-2.34,3038.0,31058.5,-1,SLCF
2026-07-21,10.0,10.0,9.95,9.95,-0.5,11920.0,118907.5,-1,SLCF
2026-07-22,10.0,10.1,9.95,10.1,1.51,1700.0,17049.5,1,SLCF
2026-07-23,9.95,10.24,9.95,10.24,1.39,400.0,4013.0,1,SLCF
2026-07-24,10.0,10.3,10.0,10.2,-0.39,3242.0,32726.02,1,SLCF
2026-07-27,10.26,10.3,9.7,9.7,-4.9,515.0,5165.5,-1,SLCF
2026-07-28,9.99,10.25,9.97,9.97,2.78,13050.0,130669.5,-1,SLCF
2026-07-29,9.8,10.09,9.8,10.05,0.8,4150.0,41457.5,1,SLCF
2026-07-30,9.75,10.0,9.7,9.99,-0.6,16700.0,165106.0,1,SLCF
2026-07-31,9.7,9.89,9.7,9.89,-1.0,500.0,4869.0,1,SLCF
2026-08-03,9.6,10.4,9.4,9.61,-2.83,26711.0,261464.59,1,SLCF
2026-08-04,9.89,9.89,9.6,9.6,-0.1,4940.0,48241.8,-1,SLCF
2026-08-05,9.6,9.7,9.4,9.7,1.04,15600.0,149919.5,1,SLCF
2026-08-06,9.5,9.5,9.45,9.49,-2.16,1488.0,14112.68,-1,SLCF
2026-08-07,9.25,9.52,9.25,9.52,0.32,325.0,3067.0,1,SLCF
2026-08-10,9.36,9.5,9.26,9.5,-0.21,900.0,8405.0,1,SLCF
2026-08-11,9.22,9.35,9.22,9.33,-1.79,1200.0,11134.0,1,SLCF
2026-08-12,9.21,9.75,9.21,9.72,4.18,8100.0,78534.0,1,SLCF
2026-07-13,730.0,733.0,730.0,732.0,-0.54,2347.0,1714129.6,1,SMATA
2026-07-14,727.0,730.0,713.5,730.0,-0.27,2620.0,1900289.2,1,SMATA
2026-07-15,716.1,743.9,716.1,726.2,-0.52,1380.0,1008085.6,1,SMATA
2026-07-16,720.0,739.0,720.0,730.0,0.52,1828.0,1334550.0,1,SMATA
2026-07-17,729.0,773.0,729.0,754.9,3.41,2137.0,1588764.4,1,SMATA
2026-07-20,760.0,763.0,755.0,761.0,0.81,2029.0,1541759.3,1,SMATA
2026-07-21,775.0,776.9,753.0,760.5,-0.07,2083.0,1585106.8,-1,SMATA
2026-07-22,748.2,766.9,748.2,751.1,-1.24,446.0,338012.6,1,SMATA
2026-07-23,740.0,759.7,740.0,759.7,1.14,572.0,428534.7,1,SMATA
2026-07-24,741.0,769.0,741.0,754.0,-0.75,2237.0,1694209.3,1,SMATA
2026-07-27,754.0,760.0,735.1,742.0,-1.59,2471.0,1834846.2,-1,SMATA
2026-07-28,742.0,750.0,742.0,742.0,0.0,544.0,404423.2,0,SMATA
2026-07-29,720.1,748.9,720.1,740.0,-0.27,525.0,388201.8,1,SMATA
2026-07-30,740.0,753.0,728.0,740.0,0.0,2496.0,1847887.8,0,SMATA
2026-07-31,732.0,737.5,721.0,731.0,-1.22,3028.0,2212032.0,-1,SMATA
2026-08-03,731.0,740.0,731.0,735.0,0.55,1732.0,1275233.0,1,SMATA
2026-08-04,735.0,738.0,730.0,731.0,-0.54,1015.0,741960.1,-1,SMATA
2026-08-05,720.0,749.0,720.0,730.0,-0.14,1225.0,893998.3,1,SMATA
2026-08-06,721.2,744.9,721.2,732.0,0.27,468.0,343253.6,1,SMATA
2026-08-07,725.5,732.0,725.5,728.0,-0.55,1029.0,751191.0,1,SMATA
2026-08-10,728.0,730.0,721.0,730.0,0.27,1719.0,1247401.9,1,SMATA
2026-08-11,730.0,730.0,721.0,729.0,-0.14,775.0,563007.7,-1,SMATA
2026-08-12,720.6,732.9,720.6,724.5,-0.62,799.0,578397.6,1,SMATA
2026-07-13,1854.0,1854.0,1799.1,1800.0,-2.91,1557.0,2840633.8,-1,SMB
2026-07-14,1775.0,1823.2,1768.3,1784.3,-0.87,2043.0,3648075.7,1,SMB
2026-07-15,1837.7,1837.8,1782.7,1794.0,0.54,1191.0,2139929.9,-1,SMB
2026-07-16,1800.0,1887.0,1800.0,1827.0,1.84,3704.0,6813917.8,1,SMB
2026-07-17,1869.0,1928.9,1851.1,1890.0,3.45,2351.0,4426350.0,1,SMB
2026-07-20,1947.0,1947.0,1867.2,1900.0,0.53,3048.0,5813235.2,-1,SMB
2026-07-21,1900.0,1900.0,1853.0,1890.0,-0.53,559.0,1041983.5,-1,SMB
2026-07-22,1895.0,1895.0,1811.0,1844.1,-2.43,1353.0,2507277.7,-1,SMB
2026-07-23,1878.8,1878.8,1822.0,1848.0,0.21,2058.0,3764445.3,-1,SMB
2026-07-24,1850.0,1915.0,1848.0,1915.0,3.63,4959.0,9297452.8,1,SMB
2026-07-27,1915.0,1915.0,1860.0,1860.0,-2.87,1626.0,3039950.8,-1,SMB
2026-07-28,1860.0,1860.0,1835.0,1835.0,-1.34,1391.0,2556963.0,-1,SMB
2026-07-29,1816.1,1849.9,1816.0,1849.9,0.81,952.0,1735497.0,1,SMB
2026-07-30,1840.0,1840.0,1811.0,1816.0,-1.83,750.0,1364872.1,-1,SMB
2026-07-31,1817.1,1847.9,1817.1,1835.0,1.05,1046.0,1906677.2,1,SMB
2026-08-03,1860.0,1860.0,1836.0,1845.0,0.54,176.0,324550.0,-1,SMB
2026-08-04,1835.1,1839.0,1806.1,1839.0,-0.33,851.0,1549353.3,1,SMB
2026-08-05,1820.0,1820.0,1785.0,1785.0,-2.94,1215.0,2195296.2,-1,SMB
2026-08-06,1800.0,1810.0,1799.9,1800.0,0.84,902.0,1625654.2,0,SMB
2026-08-07,1830.0,1860.0,1810.0,1820.0,1.11,889.0,1622150.3,-1,SMB
2026-08-10,1820.0,1854.0,1812.0,1848.0,1.54,1003.0,1835534.1,1,SMB
2026-08-11,1825.0,1855.7,1810.0,1855.7,0.42,1579.0,2875159.0,1,SMB
2026-08-12,1855.7,1855.7,1807.0,1807.0,-2.62,146.0,265172.4,-1,SMB
2026-07-13,1646.4,1646.4,1420.0,1580.0,0.77,3061.0,4527869.4,-1,SMFBS
2026-07-14,1635.3,1635.3,1485.0,1529.0,-3.23,1009.0,1522675.8,-1,SMFBS
2026-07-15,1529.0,1549.0,1484.0,1520.0,-0.59,538.0,819581.0,-1,SMFBS
2026-07-16,1520.0,1520.0,1455.0,1480.0,-2.63,2147.0,3171538.2,-1,SMFBS
2026-07-17,1524.4,1570.0,1507.0,1565.0,5.74,879.0,1355259.6,1,SMFBS
2026-07-20,1643.2,1643.2,1526.0,1555.0,-0.64,532.0,819172.0,-1,SMFBS
2026-07-21,1555.0,1560.0,1520.0,1543.9,-0.71,820.0,1257279.5,-1,SMFBS
2026-07-22,1621.0,1621.0,1526.0,1575.0,2.01,845.0,1311497.0,-1,SMFBS
2026-07-23,1567.0,1578.9,1550.0,1578.0,0.19,735.0,1144169.0,1,SMFBS
2026-07-24,1535.0,1600.0,1532.0,1554.0,-1.52,3316.0,5205400.3,1,SMFBS
2026-07-27,1545.1,1560.0,1533.0,1560.0,0.39,1085.0,1668413.6,1,SMFBS
2026-07-28,1560.0,1560.0,1521.0,1521.0,-2.5,164.0,250921.5,-1,SMFBS
2026-07-29,1515.2,1536.9,1515.0,1536.9,1.05,326.0,498285.4,1,SMFBS
2026-07-30,1537.0,1537.0,1500.0,1500.0,-2.4,458.0,693425.0,-1,SMFBS
2026-07-31,1500.0,1539.0,1490.0,1539.0,2.6,357.0,535365.0,1,SMFBS
2026-08-03,1525.0,1544.0,1502.0,1544.0,0.32,299.0,456001.0,1,SMFBS
2026-08-04,1544.0,1544.0,1506.0,1506.0,-2.46,221.0,333214.5,-1,SMFBS
2026-08-05,1581.0,1581.0,1488.1,1535.0,1.93,643.0,988630.5,-1,SMFBS
2026-08-06,1535.0,1535.0,1497.1,1525.0,-0.65,390.0,584927.9,-1,SMFBS
2026-08-07,1585.0,1585.0,1493.1,1493.1,-2.09,374.0,561692.8,-1,SMFBS
2026-08-10,1493.1,1500.0,1493.1,1500.0,0.46,106.0,158569.5,1,SMFBS
2026-08-11,1538.0,1544.0,1526.0,1527.0,1.8,607.0,929629.9,-1,SMFBS
2026-08-12,1603.3,1603.3,1464.7,1499.0,-1.83,660.0,976236.5,-1,SMFBS
2026-07-13,498.0,499.0,490.0,490.0,-1.41,13845.0,6828103.1,-1,SMH
2026-07-14,489.0,499.9,482.6,497.0,1.43,8245.0,4055242.1,1,SMH
2026-07-15,490.5,510.0,490.2,502.0,1.01,7303.0,3677556.8,1,SMH
2026-07-16,507.0,508.0,495.0,504.8,0.56,8435.0,4221549.1,-1,SMH
2026-07-17,509.0,518.0,500.0,512.0,1.43,36777.0,18654378.3,1,SMH
2026-07-20,518.0,520.0,512.0,513.2,0.23,35811.0,18446702.4,-1,SMH
2026-07-21,519.0,541.7,510.0,521.9,1.7,75905.0,39409472.0,1,SMH
2026-07-22,518.0,523.0,510.0,514.0,-1.51,12605.0,6475131.7,-1,SMH
2026-07-23,515.0,516.0,509.0,514.9,0.18,22173.0,11332608.2,-1,SMH
2026-07-24,511.1,519.0,511.1,517.1,0.43,31697.0,16337248.1,1,SMH
2026-07-27,517.1,519.7,508.0,510.0,-1.37,15979.0,8201502.9,-1,SMH
2026-07-28,506.0,514.0,501.0,511.0,0.2,6534.0,3325523.3,1,SMH
2026-07-29,506.0,510.0,506.0,506.0,-0.98,4422.0,2243468.2,0,SMH
2026-07-30,507.0,510.0,500.0,502.9,-0.61,8196.0,4122803.7,-1,SMH
2026-07-31,515.0,515.0,497.0,498.0,-0.97,13751.0,6975016.9,-1,SMH
2026-08-03,509.9,510.9,505.0,505.5,1.51,15962.0,8072548.3,-1,SMH
2026-08-04,503.0,506.0,499.1,500.0,-1.09,11461.0,5742179.2,-1,SMH
2026-08-05,497.1,515.0,497.1,514.0,2.8,10011.0,5064773.9,1,SMH
2026-08-06,512.0,516.0,501.0,509.0,-0.97,10300.0,5271730.3,-1,SMH
2026-08-07,534.0,534.0,505.3,506.0,-0.59,6919.0,3507837.7,-1,SMH
2026-08-10,503.7,508.0,498.0,507.0,0.2,9191.0,4610868.9,1,SMH
2026-08-11,514.0,514.0,508.0,511.9,0.97,4007.0,2044146.4,-1,SMH
2026-08-12,512.0,516.0,505.0,509.4,-0.49,7468.0,3813115.3,-1,SMH
2026-07-13,460.0,478.4,452.0,455.0,-1.09,69229.0,32031133.1,-1,SMHL
2026-07-14,455.0,473.0,452.1,466.2,2.46,22459.0,10317640.4,1,SMHL
2026-07-15,474.9,474.9,465.0,472.9,1.44,15425.0,7251637.5,-1,SMHL
2026-07-16,474.0,485.0,468.0,485.0,2.56,68832.0,32699698.0,1,SMHL
2026-07-17,485.0,498.0,480.0,492.0,1.44,43806.0,21515375.7,1,SMHL
2026-07-20,495.0,500.0,485.0,497.0,1.02,30292.0,14973089.1,1,SMHL
2026-07-21,498.5,500.0,487.6,491.0,-1.21,34365.0,16975271.2,-1,SMHL
2026-07-22,491.0,491.0,482.6,484.5,-1.32,19125.0,9286707.0,-1,SMHL
2026-07-23,481.1,490.0,481.1,488.0,0.72,24159.0,11735283.3,1,SMHL
2026-07-24,495.0,498.9,488.0,490.0,0.41,38221.0,18740639.7,-1,SMHL
2026-07-27,487.0,491.0,483.0,486.5,-0.71,85568.0,41718902.4,-1,SMHL
2026-07-28,482.2,502.0,482.1,499.9,2.75,125870.0,62447596.3,1,SMHL
2026-07-29,500.0,507.0,492.5,498.0,-0.38,108803.0,54446609.8,-1,SMHL
2026-07-30,510.0,510.0,495.1,496.0,-0.4,92151.0,46169390.3,-1,SMHL
2026-07-31,493.0,498.9,489.0,498.9,0.58,42099.0,20734113.6,1,SMHL
2026-08-03,507.0,507.0,491.2,492.0,-1.38,39945.0,19940389.6,-1,SMHL
2026-08-04,490.2,496.0,490.2,493.0,0.2,61525.0,30304873.1,1,SMHL
2026-08-05,493.0,498.7,491.0,497.0,0.81,23996.0,11870264.5,1,SMHL
2026-08-06,500.0,507.0,493.0,493.1,-0.78,62515.0,31152959.7,-1,SMHL
2026-08-07,499.0,499.0,492.1,494.0,0.18,19476.0,9616338.5,-1,SMHL
2026-08-10,494.0,495.0,492.7,493.0,-0.2,34085.0,16823298.2,-1,SMHL
2026-08-11,493.0,501.0,492.7,494.0,0.2,29826.0,14764239.3,1,SMHL
2026-08-12,496.0,496.0,489.0,492.9,-0.22,48400.0,23759320.3,-1,SMHL
2026-07-13,440.1,440.1,426.0,429.9,-1.62,10403.0,4480632.9,-1,SMJC
2026-07-14,425.0,436.0,422.1,436.0,1.42,6399.0,2736525.3,1,SMJC
2026-07-15,425.0,440.0,425.0,440.0,0.92,7898.0,3421456.0,1,SMJC
2026-07-16,439.9,447.8,426.3,426.3,-3.11,20465.0,8819354.1,-1,SMJC
2026-07-17,428.1,449.0,428.1,449.0,5.32,10557.0,4661106.7,1,SMJC
2026-07-20,449.9,458.9,441.0,452.0,0.67,17260.0,7785488.1,1,SMJC
2026-07-21,429.4,455.4,429.4,450.0,-0.44,11674.0,5246912.3,1,SMJC
2026-07-22,439.1,450.0,439.0,449.8,-0.04,21736.0,9593580.0,1,SMJC
2026-07-23,438.0,447.0,435.0,440.0,-2.18,9714.0,4262711.6,1,SMJC
2026-07-24,448.5,474.8,441.1,470.0,6.82,99658.0,46367533.9,1,SMJC
2026-07-27,473.9,479.9,454.0,458.9,-2.36,33299.0,15424857.6,-1,SMJC
2026-07-28,452.0,464.8,447.0,460.0,0.24,18320.0,8317288.6,1,SMJC
2026-07-29,461.0,461.0,444.0,444.6,-3.35,19125.0,8567118.0,-1,SMJC
2026-07-30,444.6,457.0,441.1,442.0,-0.58,7500.0,3326895.5,-1,SMJC
2026-07-31,438.1,446.6,438.1,444.0,0.45,4112.0,1818494.9,1,SMJC
2026-08-03,445.0,448.5,440.0,446.8,0.63,11665.0,5167276.9,1,SMJC
2026-08-04,440.1,442.1,438.2,439.0,-1.75,19614.0,8632082.0,-1,SMJC
2026-08-05,460.0,460.0,438.0,440.0,0.23,8526.0,3752095.5,-1,SMJC
2026-08-06,418.0,452.0,418.0,449.9,2.25,17151.0,7679338.5,1,SMJC
2026-08-07,467.0,467.0,448.3,458.0,1.8,212329.0,97734980.7,-1,SMJC
2026-08-10,450.0,450.0,441.2,445.0,-2.84,23287.0,10358192.7,-1,SMJC
2026-08-11,445.0,449.0,438.0,444.9,-0.02,23322.0,10272300.2,-1,SMJC
2026-08-12,450.0,450.0,435.0,442.0,-0.65,9512.0,4157694.4,-1,SMJC
2026-07-13,752.0,788.0,747.1,748.9,-2.99,1810.0,1361999.6,-1,SMPDA
2026-07-14,735.2,750.0,730.0,749.0,0.01,3875.0,2852242.3,1,SMPDA
2026-07-15,770.0,770.0,739.9,740.0,-1.2,1853.0,1379247.3,-1,SMPDA
2026-07-16,755.0,755.0,733.1,748.9,1.2,1270.0,934358.2,-1,SMPDA
2026-07-17,735.0,780.0,735.0,780.0,4.15,2093.0,1593731.7,1,SMPDA
2026-07-20,803.0,804.0,781.0,795.0,1.92,1646.0,1294457.1,-1,SMPDA
2026-07-21,775.0,814.0,772.0,800.0,0.63,1767.0,1386016.9,1,SMPDA
2026-07-22,800.0,805.0,781.1,792.0,-1.0,716.0,568521.9,-1,SMPDA
2026-07-23,800.0,800.0,777.0,785.0,-0.88,415.0,326685.8,-1,SMPDA
2026-07-24,785.0,794.0,775.2,794.0,1.15,971.0,758697.3,1,SMPDA
2026-07-27,773.0,789.0,755.0,760.5,-4.22,1588.0,1226292.0,-1,SMPDA
2026-07-28,783.0,830.0,750.0,766.8,0.83,1190.0,905369.0,-1,SMPDA
2026-07-29,757.1,779.0,757.0,770.0,0.42,523.0,401397.7,1,SMPDA
2026-07-30,770.0,780.0,760.0,768.9,-0.14,450.0,343819.5,-1,SMPDA
2026-07-31,759.0,769.0,750.1,762.0,-0.9,677.0,513506.0,1,SMPDA
2026-08-03,775.0,775.0,745.0,760.0,-0.26,1063.0,802219.1,-1,SMPDA
2026-08-04,750.3,769.9,745.1,769.9,1.3,1885.0,1414251.6,1,SMPDA
2026-08-05,747.0,766.5,747.0,755.0,-1.94,2254.0,1688948.6,1,SMPDA
2026-08-06,775.0,775.0,750.0,750.0,-0.66,2936.0,2206913.1,-1,SMPDA
2026-08-07,755.0,755.0,743.5,745.0,-0.67,564.0,421984.6,-1,SMPDA
2026-08-10,767.3,767.3,743.2,750.0,0.67,830.0,623526.3,-1,SMPDA
2026-08-11,750.0,760.0,740.0,749.9,-0.01,1220.0,905718.1,-1,SMPDA
2026-08-12,748.0,748.0,739.0,746.0,-0.52,833.0,616722.0,-1,SMPDA
2026-07-13,422.0,424.9,418.2,422.0,-0.71,7977.0,3351164.9,0,SNLI
2026-07-14,420.0,426.0,415.0,422.0,0.0,9739.0,4091187.3,1,SNLI
2026-07-15,416.0,430.0,416.0,424.0,0.47,4205.0,1785276.2,1,SNLI
2026-07-16,419.0,427.0,419.0,422.1,-0.45,4151.0,1758975.0,1,SNLI
2026-07-17,423.0,436.0,423.0,436.0,3.29,7675.0,3329298.3,1,SNLI
2026-07-20,433.0,450.0,433.0,442.5,1.49,8954.0,3968295.5,1,SNLI
2026-07-21,442.5,450.0,432.0,445.0,0.56,16324.0,7197829.5,1,SNLI
2026-07-22,433.1,445.0,433.1,440.0,-1.12,3703.0,1622026.2,1,SNLI
2026-07-23,435.0,440.0,433.5,438.1,-0.43,6454.0,2816910.2,1,SNLI
2026-07-24,438.1,447.0,436.1,441.0,0.66,5147.0,2259892.1,1,SNLI
2026-07-27,433.0,445.0,433.0,437.0,-0.91,7308.0,3203114.4,1,SNLI
2026-07-28,436.0,438.0,430.0,431.7,-1.21,15476.0,6689688.4,-1,SNLI
2026-07-29,430.0,439.0,430.0,430.1,-0.37,5050.0,2176765.4,1,SNLI
2026-07-30,430.1,434.0,427.0,428.0,-0.49,5359.0,2300913.0,-1,SNLI
2026-07-31,428.0,428.0,425.0,428.0,0.0,4394.0,1873753.8,0,SNLI
2026-08-03,428.0,430.0,424.1,424.1,-0.91,14043.0,5979218.1,-1,SNLI
2026-08-04,424.5,424.5,419.5,420.0,-0.97,16678.0,7020489.3,-1,SNLI
2026-08-05,419.0,422.0,418.2,419.0,-0.24,10385.0,4360433.1,0,SNLI
2026-08-06,419.0,420.0,415.3,415.3,-0.88,15725.0,6563464.9,-1,SNLI
2026-08-07,416.0,416.1,413.0,414.0,-0.31,11773.0,4875052.1,-1,SNLI
2026-08-10,414.0,415.0,411.1,412.0,-0.48,11302.0,4662506.1,-1,SNLI
2026-08-11,410.0,416.0,410.0,412.0,0.0,11999.0,4943108.6,1,SNLI
2026-08-12,412.0,412.0,406.0,409.0,-0.73,20127.0,8227729.1,-1,SNLI
2026-07-13,810.0,815.0,777.0,780.0,-4.88,28359.0,22528401.8,-1,SNORL
2026-07-14,770.0,794.9,745.0,769.0,-1.41,26377.0,20202737.7,-1,SNORL
2026-07-15,769.0,790.0,763.0,771.0,0.26,12249.0,9534059.7,1,SNORL
2026-07-16,771.0,784.9,769.0,779.0,1.04,16511.0,12822973.0,1,SNORL
2026-07-17,779.1,815.0,779.1,803.0,3.08,25341.0,20374792.6,1,SNORL
2026-07-20,810.0,835.0,792.1,830.0,3.36,26070.0,21253242.3,1,SNORL
2026-07-21,850.0,903.0,807.0,880.0,6.02,45822.0,39530558.0,1,SNORL
2026-07-22,860.0,884.9,840.1,875.0,-0.57,24582.0,21260675.5,1,SNORL
2026-07-23,851.0,1006.2,851.0,995.0,13.71,44496.0,41242041.5,1,SNORL
2026-07-24,989.0,1017.1,970.0,979.0,-1.61,41940.0,41379907.0,-1,SNORL
2026-07-27,979.0,1010.0,907.0,910.0,-7.05,34165.0,32480722.4,-1,SNORL
2026-07-28,893.5,955.0,887.0,926.0,1.76,43061.0,40035588.1,1,SNORL
2026-07-29,925.0,975.0,925.0,971.4,4.9,36032.0,34689482.6,1,SNORL
2026-07-30,972.0,985.0,935.0,938.0,-3.44,31452.0,30074499.5,-1,SNORL
2026-07-31,925.0,996.0,912.0,926.1,-1.27,23492.0,22088309.3,1,SNORL
2026-08-03,925.0,989.8,921.0,944.0,1.93,39699.0,37801619.9,1,SNORL
2026-08-04,901.2,953.0,901.2,929.9,-1.49,13212.0,12305733.8,1,SNORL
2026-08-05,911.0,946.0,910.0,928.0,-0.2,14428.0,13310852.8,1,SNORL
2026-08-06,916.0,925.0,880.6,881.6,-5.0,20417.0,18457667.1,-1,SNORL
2026-08-07,837.6,921.0,837.6,906.0,2.77,22802.0,20629257.1,1,SNORL
2026-08-10,951.3,951.3,920.0,926.1,2.22,48245.0,45148334.2,-1,SNORL
2026-08-11,879.8,945.0,879.8,914.9,-1.21,19214.0,17720544.5,1,SNORL
2026-08-12,901.1,920.0,890.1,903.0,-1.3,8916.0,8026760.2,1,SNORL
2026-07-13,526.0,553.6,525.2,528.0,-4.62,66804.0,35755874.4,1,SOHL
2026-07-14,501.6,538.0,501.6,530.0,0.38,49488.0,26066660.9,1,SOHL
2026-07-15,530.0,540.0,521.0,523.4,-1.25,43571.0,23085517.9,-1,SOHL
2026-07-16,520.0,531.8,500.0,509.0,-2.75,107520.0,55198370.6,-1,SOHL
2026-07-17,500.1,546.0,500.1,544.0,6.88,66962.0,35669962.1,1,SOHL
2026-07-20,544.0,602.0,534.0,596.0,9.56,130044.0,74185570.7,1,SOHL
2026-07-21,570.0,615.0,570.0,592.0,-0.67,135872.0,80990069.8,1,SOHL
2026-07-22,600.0,600.0,575.0,584.0,-1.35,64375.0,37746509.8,-1,SOHL
2026-07-23,584.0,627.2,571.0,623.0,6.68,284258.0,171969426.0,1,SOHL
2026-07-24,627.0,633.4,599.0,605.0,-2.89,135996.0,83666703.0,-1,SOHL
2026-07-27,600.0,618.0,581.1,591.0,-2.31,94026.0,55907366.0,-1,SOHL
2026-07-28,561.5,619.0,561.5,606.3,2.59,318237.0,190916615.4,1,SOHL
2026-07-29,605.0,614.0,589.0,593.7,-2.08,73945.0,44273097.7,-1,SOHL
2026-07-30,564.1,600.0,564.1,571.0,-3.82,143962.0,83865787.1,1,SOHL
2026-07-31,571.0,589.4,566.2,583.9,2.26,179906.0,104488334.3,1,SOHL
2026-08-03,583.9,595.0,571.1,577.0,-1.18,77231.0,44849291.0,-1,SOHL
2026-08-04,570.0,588.0,567.0,585.0,1.39,108738.0,62951934.3,1,SOHL
2026-08-05,585.0,672.7,576.5,672.7,14.99,909305.0,581080486.7,1,SOHL
2026-08-06,672.7,702.0,656.0,662.0,-1.59,350719.0,237906322.8,-1,SOHL
2026-08-07,662.0,720.0,646.7,688.0,3.93,578177.0,392554054.0,1,SOHL
2026-08-10,688.0,724.4,688.0,711.0,3.34,651181.0,463706120.5,1,SOHL
2026-08-11,680.0,725.0,680.0,695.0,-2.25,632667.0,448760589.7,1,SOHL
2026-08-12,670.0,700.2,670.0,690.0,-0.72,319127.0,220659992.0,1,SOHL
2026-07-13,405.2,410.0,400.1,400.1,-2.18,26467.0,10672550.2,-1,SONA
2026-07-14,399.0,408.0,399.0,400.0,-0.02,29034.0,11685832.4,1,SONA
2026-07-15,404.0,412.0,401.0,407.0,1.75,13686.0,5545812.7,1,SONA
2026-07-16,401.0,408.0,401.0,401.3,-1.4,11930.0,4822420.5,1,SONA
2026-07-17,401.5,419.9,401.5,417.1,3.94,23789.0,9868119.7,1,SONA
2026-07-20,418.0,427.4,418.0,425.0,1.89,25975.0,10976491.7,1,SONA
2026-07-21,424.0,428.0,418.0,425.0,0.0,22728.0,9607691.1,1,SONA
2026-07-22,417.0,423.0,417.0,419.1,-1.39,14123.0,5923636.2,1,SONA
2026-07-23,419.1,423.0,415.1,422.0,0.69,16385.0,6866708.5,1,SONA
2026-07-24,422.0,428.0,415.0,419.9,-0.5,18074.0,7593228.1,-1,SONA
2026-07-27,419.5,421.0,413.6,413.6,-1.5,19252.0,8019478.5,-1,SONA
2026-07-28,410.0,413.0,409.0,410.0,-0.87,12499.0,5131648.2,0,SONA
2026-07-29,407.2,419.9,407.2,407.7,-0.56,15755.0,6455380.0,1,SONA
2026-07-30,428.0,428.0,405.0,408.8,0.27,17828.0,7261201.4,-1,SONA
2026-07-31,405.0,410.0,404.0,410.0,0.29,14952.0,6083886.5,1,SONA
2026-08-03,408.0,416.9,401.0,405.0,-1.22,15492.0,6325222.0,-1,SONA
2026-08-04,400.0,408.0,400.0,405.0,0.0,26355.0,10671140.6,1,SONA
2026-08-05,405.0,410.0,403.0,405.0,0.0,21536.0,8718561.7,0,SONA
2026-08-06,403.0,406.0,400.0,403.0,-0.49,18577.0,7476410.5,0,SONA
2026-08-07,401.2,409.0,401.1,408.0,1.24,23274.0,9427349.6,1,SONA
2026-08-10,405.0,408.0,403.0,407.0,-0.25,8324.0,3364896.4,1,SONA
2026-08-11,403.0,407.0,402.0,403.1,-0.96,13067.0,5288227.4,1,SONA
2026-08-12,405.0,406.0,402.0,402.4,-0.17,12928.0,5204186.8,-1,SONA
2026-07-13,790.0,809.0,750.0,751.0,-4.94,49560.0,37960086.3,-1,SOPL
2026-07-14,750.0,789.0,745.0,765.0,1.86,45784.0,34939493.6,1,SOPL
2026-07-15,765.0,790.0,765.0,771.0,0.78,36729.0,28608969.8,1,SOPL
2026-07-16,732.5,799.0,732.5,780.0,1.17,51223.0,40143306.2,1,SOPL
2026-07-17,780.0,835.0,780.0,823.1,5.53,56949.0,46541995.4,1,SOPL
2026-07-20,823.1,850.0,820.0,848.0,3.03,49405.0,41423909.3,1,SOPL
2026-07-21,848.0,879.6,833.2,845.0,-0.35,70713.0,60354952.5,-1,SOPL
2026-07-22,845.0,861.1,835.0,842.1,-0.34,41452.0,35015549.5,-1,SOPL
2026-07-23,833.0,915.0,833.0,905.0,7.47,82670.0,72325100.3,1,SOPL
2026-07-24,905.0,948.0,893.0,893.0,-1.33,93889.0,86354656.9,-1,SOPL
2026-07-27,893.0,913.0,845.2,858.9,-3.82,79971.0,70530987.9,-1,SOPL
2026-07-28,901.0,901.0,836.1,848.0,-1.27,45383.0,38840679.9,-1,SOPL
2026-07-29,848.0,869.0,834.0,836.0,-1.42,28683.0,24334618.7,-1,SOPL
2026-07-30,794.2,852.0,794.2,825.0,-1.32,59270.0,48843630.2,1,SOPL
2026-07-31,783.8,840.0,783.8,827.0,0.24,31094.0,25700306.3,1,SOPL
2026-08-03,825.0,850.9,820.0,823.1,-0.47,28239.0,23537416.9,-1,SOPL
2026-08-04,820.0,830.0,806.3,808.0,-1.83,32485.0,26463650.7,-1,SOPL
2026-08-05,810.0,825.0,807.2,815.0,0.87,23188.0,18879908.5,1,SOPL
2026-08-06,807.2,826.0,800.0,800.0,-1.84,36365.0,29516697.6,-1,SOPL
2026-08-07,760.0,810.0,760.0,792.0,-1.0,33277.0,26511193.8,1,SOPL
2026-08-10,792.0,804.0,790.0,796.0,0.51,18146.0,14462217.6,1,SOPL
2026-08-11,792.0,824.0,790.2,814.0,2.26,34655.0,28173412.0,1,SOPL
2026-08-12,810.0,820.0,800.1,801.1,-1.58,21064.0,17020654.4,-1,SOPL
2026-07-13,412.0,419.0,410.1,415.0,-1.19,1000.0,411810.0,1,SPC
2026-07-14,420.0,420.0,408.0,420.0,1.2,5399.0,2251156.5,0,SPC
2026-07-15,408.0,420.0,408.0,420.0,0.0,2500.0,1048638.4,1,SPC
2026-07-16,410.1,420.9,410.1,420.9,0.21,1085.0,455428.5,1,SPC
2026-07-17,425.9,438.0,420.0,435.0,3.35,7389.0,3193208.0,1,SPC
2026-07-20,446.0,446.0,425.8,439.8,1.1,5615.0,2451756.9,-1,SPC
2026-07-21,417.9,447.0,417.9,436.3,-0.8,5319.0,2338083.8,1,SPC
2026-07-22,425.4,434.7,425.4,434.7,-0.37,2086.0,900584.0,1,SPC
2026-07-23,425.5,434.0,425.5,430.0,-1.08,3060.0,1311135.4,1,SPC
2026-07-24,430.0,432.0,421.0,426.0,-0.93,5197.0,2222028.5,-1,SPC
2026-07-27,424.0,432.9,418.0,418.0,-1.88,3709.0,1563733.8,-1,SPC
2026-07-28,410.5,425.4,410.5,420.0,0.48,3222.0,1345127.6,1,SPC
2026-07-29,420.0,424.8,412.5,417.1,-0.69,2099.0,878047.4,-1,SPC
2026-07-30,427.9,427.9,411.1,415.0,-0.5,2448.0,1017322.8,-1,SPC
2026-07-31,412.0,422.0,407.0,421.0,1.45,8408.0,3503706.8,1,SPC
2026-08-03,419.0,432.0,419.0,427.0,1.43,4720.0,2014249.5,1,SPC
2026-08-04,419.0,427.0,419.0,424.9,-0.49,1311.0,552135.9,1,SPC
2026-08-05,416.0,422.8,416.0,422.7,-0.52,3826.0,1603437.7,1,SPC
2026-08-06,422.0,422.0,415.0,420.0,-0.64,3894.0,1623100.5,-1,SPC
2026-08-07,411.0,421.7,410.1,419.0,-0.24,3743.0,1558104.9,1,SPC
2026-08-10,411.0,422.0,411.0,418.0,-0.24,970.0,401790.5,1,SPC
2026-08-11,417.0,420.0,412.0,416.2,-0.43,3944.0,1644159.4,-1,SPC
2026-08-12,414.0,417.8,410.0,417.8,0.38,1106.0,454802.3,1,SPC
2026-07-13,365.0,367.0,356.9,360.0,-2.15,18675.0,6717257.8,-1,SPDL
2026-07-14,364.0,370.0,355.0,359.2,-0.22,22838.0,8261520.5,-1,SPDL
2026-07-15,369.0,369.0,353.1,361.0,0.5,27047.0,9741981.2,-1,SPDL
2026-07-16,367.0,382.9,355.3,382.9,6.07,62421.0,22925205.0,1,SPDL
2026-07-17,372.0,401.0,372.0,394.7,3.08,117709.0,45695425.1,1,SPDL
2026-07-20,394.7,406.0,372.0,393.3,-0.35,37456.0,14907148.4,-1,SPDL
2026-07-21,412.9,412.9,389.0,402.0,2.21,140886.0,55900221.7,-1,SPDL
2026-07-22,398.0,411.0,392.1,399.9,-0.52,130096.0,52349643.8,1,SPDL
2026-07-23,380.0,398.8,380.0,396.0,-0.98,76025.0,29734131.5,1,SPDL
2026-07-24,392.0,399.9,384.0,389.0,-1.77,91184.0,35525662.2,-1,SPDL
2026-07-27,396.5,396.5,376.1,383.0,-1.54,44293.0,16939108.3,-1,SPDL
2026-07-28,402.0,402.0,372.3,378.0,-1.31,94930.0,35673697.8,-1,SPDL
2026-07-29,384.0,395.0,369.0,385.0,1.85,112049.0,42088025.0,1,SPDL
2026-07-30,376.0,385.0,370.0,374.9,-2.62,25621.0,9538208.9,-1,SPDL
2026-07-31,370.1,374.0,365.2,372.1,-0.75,34892.0,12884400.6,1,SPDL
2026-08-03,375.0,376.6,365.0,365.0,-1.91,94413.0,34805869.7,-1,SPDL
2026-08-04,365.2,370.0,356.1,356.1,-2.44,66102.0,24124299.0,-1,SPDL
2026-08-05,362.0,374.9,361.2,371.0,4.18,98435.0,36508639.9,1,SPDL
2026-08-06,389.0,389.0,362.1,362.4,-2.32,34094.0,12548015.1,-1,SPDL
2026-08-07,345.0,369.9,345.0,368.0,1.55,27048.0,9865047.5,1,SPDL
2026-08-10,358.0,375.0,358.0,372.0,1.09,54800.0,20352695.8,1,SPDL
2026-08-11,368.0,379.8,368.0,379.8,2.1,47077.0,17684114.5,1,SPDL
2026-08-12,360.9,381.0,360.9,370.5,-2.45,31236.0,11669985.5,1,SPDL
2026-07-13,540.0,541.0,525.0,534.8,-2.05,3561.0,1883405.0,-1,SPHL
2026-07-14,520.0,544.9,519.0,534.0,-0.15,17583.0,9504361.5,1,SPHL
2026-07-15,526.0,544.0,513.0,530.0,-0.75,4451.0,2374784.9,1,SPHL
2026-07-16,515.4,593.0,490.0,575.3,8.55,12638.0,6565961.7,1,SPHL
2026-07-17,547.0,592.0,515.0,560.8,-2.52,11799.0,6507293.8,1,SPHL
2026-07-20,550.0,554.0,537.0,554.0,-1.21,6374.0,3461721.0,1,SPHL
2026-07-21,550.0,552.0,536.1,545.0,-1.62,9824.0,5334868.1,-1,SPHL
2026-07-22,535.0,546.0,527.0,546.0,0.18,5232.0,2802125.2,1,SPHL
2026-07-23,520.0,558.0,520.0,553.7,1.41,12034.0,6536767.2,1,SPHL
2026-07-24,538.3,556.0,530.0,544.0,-1.75,7475.0,4036723.4,1,SPHL
2026-07-27,533.0,545.0,522.0,535.0,-1.65,4940.0,2620538.0,1,SPHL
2026-07-28,520.1,540.0,520.1,536.9,0.36,18969.0,10210901.0,1,SPHL
2026-07-29,522.5,543.0,522.5,528.0,-1.66,1446.0,767211.0,1,SPHL
2026-07-30,520.1,556.2,520.1,536.0,1.52,2890.0,1530672.7,1,SPHL
2026-07-31,520.0,565.0,515.0,539.6,0.67,5770.0,3085077.0,1,SPHL
2026-08-03,525.0,548.0,520.0,539.5,-0.02,5739.0,3053613.3,1,SPHL
2026-08-04,522.0,590.0,522.0,539.0,-0.09,4028.0,2149895.5,1,SPHL
2026-08-05,523.0,538.0,523.0,533.0,-1.11,4656.0,2446060.5,1,SPHL
2026-08-06,522.1,532.0,520.0,520.0,-2.44,2656.0,1384815.2,-1,SPHL
2026-08-07,520.0,524.9,511.0,524.0,0.77,8181.0,4275110.0,1,SPHL
2026-08-10,510.0,526.8,510.0,520.0,-0.76,1328.0,680962.1,1,SPHL
2026-08-11,506.0,524.0,506.0,521.7,0.33,6183.0,3214158.0,1,SPHL
2026-08-12,517.0,522.9,510.5,519.9,-0.35,3101.0,1593435.0,1,SPHL
2026-07-13,685.0,689.8,685.0,689.8,0.48,11675.0,8002975.3,1,SPIL
2026-07-14,685.0,698.8,680.1,684.1,-0.83,12308.0,8426742.4,-1,SPIL
2026-07-15,684.0,700.0,677.1,700.0,2.32,15422.0,10524687.5,1,SPIL
2026-07-16,690.1,741.0,682.5,741.0,5.86,7889.0,5586435.1,1,SPIL
2026-07-17,719.0,730.0,705.0,725.0,-2.16,448.0,319854.7,1,SPIL
2026-07-20,710.0,724.0,705.0,724.0,-0.14,4367.0,3109048.4,1,SPIL
2026-07-21,725.0,725.0,711.0,715.0,-1.24,2068.0,1481450.5,-1,SPIL
2026-07-22,715.0,720.0,700.1,715.0,0.0,12469.0,8843285.8,0,SPIL
2026-07-23,715.0,715.0,707.0,710.0,-0.7,533.0,379873.6,-1,SPIL
2026-07-24,703.0,714.4,703.0,710.0,0.0,2443.0,1733554.9,1,SPIL
2026-07-27,704.5,711.0,704.0,705.0,-0.7,5332.0,3758990.9,1,SPIL
2026-07-28,710.0,718.0,684.3,718.0,1.84,3006.0,2115477.3,1,SPIL
2026-07-29,697.0,760.1,680.0,700.0,-2.51,17007.0,11996079.7,1,SPIL
2026-07-30,699.0,704.0,690.0,700.0,0.0,2709.0,1876505.1,1,SPIL
2026-07-31,690.0,707.0,685.3,705.9,0.84,597.0,412009.9,1,SPIL
2026-08-03,715.0,720.0,699.0,700.0,-0.84,883.0,620668.0,-1,SPIL
2026-08-04,683.4,695.0,683.4,695.0,-0.71,7943.0,5482786.3,1,SPIL
2026-08-05,695.0,695.0,687.7,693.9,-0.16,653.0,450863.3,-1,SPIL
2026-08-06,682.1,697.0,680.0,687.0,-0.99,1689.0,1155523.0,1,SPIL
2026-08-07,685.1,690.0,685.0,690.0,0.44,7183.0,4931872.1,1,SPIL
2026-08-10,685.0,686.0,685.0,685.5,-0.65,358.0,245303.5,1,SPIL
2026-08-11,674.0,695.0,674.0,683.1,-0.35,7935.0,5457675.2,1,SPIL
2026-08-12,677.0,694.0,677.0,694.0,1.6,3464.0,2373941.0,1,SPIL
2026-07-13,669.9,670.0,632.0,649.8,-0.18,19435.0,12373894.0,-1,SPL
2026-07-14,630.4,649.0,630.4,641.1,-1.34,1488.0,959082.3,1,SPL
2026-07-15,637.3,660.0,637.2,650.0,1.39,5000.0,3248858.0,1,SPL
2026-07-16,618.0,711.0,618.0,662.0,1.85,6146.0,4024792.3,1,SPL
2026-07-17,673.0,679.9,652.2,674.0,1.81,1282.0,859821.0,1,SPL
2026-07-20,692.0,692.0,641.2,684.0,1.48,3997.0,2710756.0,-1,SPL
2026-07-21,695.0,695.0,666.0,679.0,-0.73,2290.0,1535265.5,-1,SPL
2026-07-22,660.3,677.9,660.0,677.9,-0.16,3050.0,2019335.4,1,SPL
2026-07-23,677.0,680.0,660.0,680.0,0.31,4550.0,3013942.0,1,SPL
2026-07-24,678.0,679.8,663.2,675.0,-0.74,1481.0,990032.2,-1,SPL
2026-07-27,665.0,676.0,650.0,665.0,-1.48,4535.0,2966354.5,0,SPL
2026-07-28,665.0,678.9,650.6,678.9,2.09,500.0,327128.0,1,SPL
2026-07-29,658.7,678.9,640.9,650.0,-4.26,5481.0,3565356.6,-1,SPL
2026-07-30,661.0,664.0,650.0,664.0,2.15,940.0,617593.0,1,SPL
2026-07-31,651.0,663.8,651.0,663.4,-0.09,1940.0,1270527.0,1,SPL
2026-08-03,675.0,675.0,650.0,659.9,-0.53,710.0,463062.5,-1,SPL
2026-08-04,651.2,657.9,642.1,657.9,-0.3,2022.0,1314276.9,1,SPL
2026-08-05,650.0,666.9,650.0,662.0,0.62,339.0,222609.1,1,SPL
2026-08-06,680.0,680.0,645.0,663.0,0.15,700.0,460288.0,-1,SPL
2026-08-07,647.0,670.0,645.0,652.0,-1.66,2378.0,1538337.5,1,SPL
2026-08-10,632.6,651.9,632.6,638.3,-2.1,1010.0,646966.7,1,SPL
2026-08-11,606.4,653.0,606.4,636.1,-0.34,1020.0,648030.0,1,SPL
2026-08-12,630.0,640.0,630.0,640.0,0.61,380.0,241205.0,1,SPL
2026-07-13,373.0,378.0,367.0,367.0,-2.63,38900.0,14408898.9,-1,SRLI
2026-07-14,367.0,374.0,367.0,370.9,1.06,21876.0,8081884.1,1,SRLI
2026-07-15,366.5,380.0,366.5,373.0,0.57,13193.0,4946415.2,1,SRLI
2026-07-16,370.0,378.8,370.0,378.8,1.55,10384.0,3894982.5,1,SRLI
2026-07-17,375.0,386.9,374.3,386.9,2.14,11142.0,4275526.0,1,SRLI
2026-07-20,386.0,391.8,382.0,391.4,1.16,15067.0,5867636.9,1,SRLI
2026-07-21,394.9,394.9,386.5,390.0,-0.36,18697.0,7275158.3,-1,SRLI
2026-07-22,385.3,389.0,385.0,386.7,-0.85,5898.0,2279634.8,1,SRLI
2026-07-23,386.0,386.4,382.4,384.8,-0.49,15884.0,6096864.9,-1,SRLI
2026-07-24,385.0,388.0,383.5,386.0,0.31,10494.0,4053523.4,1,SRLI
2026-07-27,381.0,390.0,381.0,385.0,-0.26,23129.0,8918927.7,1,SRLI
2026-07-28,381.0,385.0,381.0,382.6,-0.62,5804.0,2222994.2,1,SRLI
2026-07-29,380.5,384.9,380.5,381.2,-0.37,7546.0,2876247.7,1,SRLI
2026-07-30,380.0,384.0,378.0,381.5,0.08,7432.0,2829416.7,1,SRLI
2026-07-31,381.5,381.5,376.1,379.4,-0.55,4482.0,1697624.8,-1,SRLI
2026-08-03,379.4,383.0,379.4,381.9,0.66,10752.0,4097936.4,1,SRLI
2026-08-04,370.0,380.0,370.0,377.8,-1.07,14032.0,5288671.5,1,SRLI
2026-08-05,375.0,377.5,375.0,376.0,-0.48,9359.0,3518494.8,1,SRLI
2026-08-06,373.1,378.6,373.1,375.0,-0.27,8668.0,3255587.7,1,SRLI
2026-08-07,372.0,374.0,370.0,374.0,-0.27,17635.0,6549081.3,1,SRLI
2026-08-10,370.1,373.7,366.1,368.6,-1.44,36694.0,13496940.9,-1,SRLI
2026-08-11,368.0,373.6,368.0,370.0,0.38,12977.0,4814925.0,1,SRLI
2026-08-12,368.0,370.0,366.3,370.0,0.0,5232.0,1929959.7,1,SRLI
2026-07-13,195.0,198.8,192.0,192.2,-1.44,78046.0,15119045.9,-1,SSHL
2026-07-14,185.0,200.0,185.0,195.0,1.46,103608.0,20251696.7,1,SSHL
2026-07-15,195.0,199.9,195.0,195.3,0.15,69210.0,13587413.2,1,SSHL
2026-07-16,190.0,198.9,189.0,194.9,-0.2,74593.0,14532060.9,1,SSHL
2026-07-17,199.0,209.9,197.9,207.5,6.46,191735.0,39208207.2,1,SSHL
2026-07-20,207.0,215.0,203.0,213.0,2.65,161561.0,34291209.0,1,SSHL
2026-07-21,223.6,223.6,210.0,214.0,0.47,178577.0,38187361.8,-1,SSHL
2026-07-22,210.2,214.0,209.0,211.0,-1.4,117892.0,24852716.1,1,SSHL
2026-07-23,211.0,212.0,207.9,211.7,0.33,91952.0,19294590.1,1,SSHL
2026-07-24,221.1,221.1,209.0,209.5,-1.04,92395.0,19594752.6,-1,SSHL
2026-07-27,212.0,212.0,205.0,205.0,-2.15,83463.0,17368229.7,-1,SSHL
2026-07-28,207.9,207.9,203.0,205.0,0.0,105583.0,21717323.0,-1,SSHL
2026-07-29,203.4,207.9,203.0,204.5,-0.24,91386.0,18714925.0,1,SSHL
2026-07-30,205.0,206.8,201.5,203.0,-0.73,49737.0,10118838.0,-1,SSHL
2026-07-31,203.5,206.0,202.3,205.0,0.99,93044.0,19010077.1,1,SSHL
2026-08-03,208.0,208.0,203.0,205.0,0.0,72751.0,14969321.8,-1,SSHL
2026-08-04,205.0,205.9,203.1,203.4,-0.78,58809.0,11996142.9,-1,SSHL
2026-08-05,205.0,206.0,202.0,203.0,-0.2,74213.0,15136060.5,-1,SSHL
2026-08-06,205.0,206.0,202.5,202.5,-0.25,71658.0,14618961.6,-1,SSHL
2026-08-07,205.0,205.0,200.1,200.3,-1.09,78553.0,15806982.1,-1,SSHL
2026-08-10,205.0,205.0,200.0,200.5,0.1,57281.0,11508640.6,-1,SSHL
2026-08-11,191.0,204.8,191.0,201.7,0.6,56990.0,11551914.9,1,SSHL
2026-08-12,200.0,203.7,199.6,200.0,-0.84,53949.0,10810869.4,0,SSHL
2026-07-13,5150.0,5150.0,5050.0,5050.0,-1.85,1060.0,5404970.0,-1,STC
2026-07-14,5052.0,5150.0,5000.1,5150.0,1.98,1487.0,7538981.6,1,STC
2026-07-15,5155.0,5170.0,5014.1,5170.0,0.39,5240.0,26726191.0,1,STC
2026-07-16,5100.0,5169.0,5100.0,5169.0,-0.02,56.0,287650.0,1,STC
2026-07-17,5249.0,5344.0,5200.0,5259.0,1.74,657.0,3444622.0,1,STC
2026-07-20,5279.0,5300.0,5251.0,5295.0,0.68,359.0,1897439.0,1,STC
2026-07-21,5378.0,5399.0,5250.0,5250.0,-0.85,481.0,2531908.0,-1,STC
2026-07-22,5250.0,5250.0,5190.0,5200.0,-0.95,1220.0,6345630.0,-1,STC
2026-07-23,5200.0,5201.0,5200.0,5200.0,0.0,1206.0,6270920.0,0,STC
2026-07-24,5102.0,5250.0,5102.0,5175.0,-0.48,1310.0,6807982.0,1,STC
2026-07-27,5210.0,5210.0,5150.0,5200.0,0.48,1345.0,6995148.8,-1,STC
2026-07-28,5200.0,5200.0,5125.5,5200.0,0.0,3227.0,16579625.0,0,STC
2026-07-29,5130.0,5199.0,5130.0,5190.0,-0.19,1491.0,7665448.2,1,STC
2026-07-30,5190.0,5190.0,5122.1,5189.0,-0.02,346.0,1779046.5,-1,STC
2026-07-31,5200.0,5200.0,5150.0,5150.0,-0.75,289.0,1495546.0,-1,STC
2026-08-03,5200.0,5200.0,5160.0,5160.0,0.19,195.0,1009280.0,-1,STC
2026-08-04,5160.0,5200.0,5150.0,5150.0,-0.19,221.0,1139520.0,-1,STC
2026-08-05,5160.0,5200.0,5150.0,5200.0,0.97,230.0,1189810.0,1,STC
2026-08-06,5200.0,5200.0,5200.0,5200.0,0.0,20.0,104000.0,0,STC
2026-08-07,5250.0,5250.0,5125.0,5180.0,-0.38,515.0,2660551.0,-1,STC
2026-08-10,5170.0,5170.0,5150.0,5170.0,-0.19,180.0,929280.0,0,STC
2026-08-11,5151.0,5200.0,5135.0,5200.0,0.58,1402.0,7219507.0,1,STC
2026-08-12,5210.0,5210.0,5140.2,5200.0,0.0,896.0,4626746.2,-1,STC
2026-07-13,1992.5,2000.0,1986.0,1986.0,-2.36,245.0,488310.1,-1,SWASTIK
2026-07-14,2000.0,2000.0,1920.9,1980.0,-0.3,704.0,1381574.0,-1,SWASTIK
2026-07-15,1934.1,2000.0,1934.1,1997.0,0.86,573.0,1139435.0,1,SWASTIK
2026-07-16,1950.2,2006.0,1950.2,1960.0,-1.85,384.0,754820.0,1,SWASTIK
2026-07-17,1950.0,2075.0,1950.0,2075.0,5.87,578.0,1185753.7,1,SWASTIK
2026-07-20,2090.0,2180.0,2090.0,2180.0,5.06,960.0,2061795.8,1,SWASTIK
2026-07-21,2145.0,2205.0,2127.0,2142.0,-1.74,882.0,1909882.0,-1,SWASTIK
2026-07-22,2120.0,2164.0,2105.0,2105.0,-1.73,956.0,2038708.5,-1,SWASTIK
2026-07-23,2130.0,2130.0,2053.0,2098.0,-0.33,858.0,1780486.0,-1,SWASTIK
2026-07-24,2145.0,2154.9,2098.0,2098.0,0.0,845.0,1785355.0,-1,SWASTIK
2026-07-27,2061.5,2132.0,2061.5,2098.0,0.0,857.0,1802229.0,1,SWASTIK
2026-07-28,2056.0,2100.0,2000.0,2080.0,-0.86,499.0,1013499.0,1,SWASTIK
2026-07-29,2070.0,2099.0,2027.0,2031.0,-2.36,390.0,802214.0,-1,SWASTIK
2026-07-30,2011.1,2045.0,2011.1,2011.1,-0.98,430.0,868673.0,0,SWASTIK
2026-07-31,2023.0,2026.0,2005.0,2020.0,0.44,170.0,343050.0,-1,SWASTIK
2026-08-03,2052.0,2052.0,2026.3,2045.0,1.24,580.0,1183261.0,-1,SWASTIK
2026-08-04,2070.0,2070.0,2011.1,2011.1,-1.66,240.0,488097.0,-1,SWASTIK
2026-08-05,1985.0,2030.0,1985.0,2030.0,0.94,367.0,737745.0,1,SWASTIK
2026-08-06,2040.0,2049.0,2015.0,2025.0,-0.25,190.0,387044.2,-1,SWASTIK
2026-08-07,2020.0,2040.0,2010.0,2040.0,0.74,441.0,889079.0,1,SWASTIK
2026-08-10,2010.0,2035.0,1986.0,2015.0,-1.23,491.0,981836.0,1,SWASTIK
2026-08-11,2023.0,2023.0,1992.0,1999.0,-0.79,391.0,782223.0,-1,SWASTIK
2026-08-12,1980.0,2015.0,1980.0,2015.0,0.8,345.0,688908.0,1,SWASTIK
2026-07-13,662.1,666.0,655.0,660.0,-1.68,9075.0,6000240.9,-1,SWBBL
2026-07-14,655.4,664.7,630.5,630.5,-4.47,140967.0,91154436.7,-1,SWBBL
2026-07-15,643.0,659.5,642.0,650.0,3.09,12841.0,8387915.8,1,SWBBL
2026-07-16,651.0,668.0,642.1,643.0,-1.08,53284.0,34381157.9,-1,SWBBL
2026-07-17,655.0,680.0,655.0,677.0,5.29,9522.0,6389334.9,1,SWBBL
2026-07-20,688.0,688.0,677.8,682.9,0.87,18663.0,12691508.6,-1,SWBBL
2026-07-21,690.0,702.8,681.0,688.0,0.75,23136.0,16037707.6,-1,SWBBL
2026-07-22,694.0,696.0,681.2,690.0,0.29,17605.0,12105923.3,-1,SWBBL
2026-07-23,676.0,694.0,676.0,693.0,0.43,65300.0,44765353.8,1,SWBBL
2026-07-24,658.4,703.0,658.4,693.0,0.0,13156.0,9136402.4,1,SWBBL
2026-07-27,675.0,694.0,675.0,689.0,-0.58,8391.0,5772629.0,1,SWBBL
2026-07-28,668.5,695.0,668.5,688.0,-0.15,17148.0,11786307.4,1,SWBBL
2026-07-29,669.2,691.0,669.2,680.0,-1.16,3942.0,2690179.3,1,SWBBL
2026-07-30,685.0,685.0,671.1,673.0,-1.03,4763.0,3237387.0,-1,SWBBL
2026-07-31,683.0,684.0,673.0,681.9,1.32,3994.0,2710374.3,-1,SWBBL
2026-08-03,682.0,689.9,676.0,685.0,0.45,7632.0,5188606.4,1,SWBBL
2026-08-04,685.0,685.0,667.4,681.9,-0.45,5629.0,3776727.1,-1,SWBBL
2026-08-05,705.0,705.0,663.0,678.0,-0.57,9539.0,6429949.6,-1,SWBBL
2026-08-06,711.9,711.9,669.1,673.0,-0.74,7175.0,4839433.5,-1,SWBBL
2026-08-07,665.0,675.0,662.3,665.0,-1.19,4356.0,2903287.6,0,SWBBL
2026-08-10,672.5,672.5,656.0,670.0,0.75,8339.0,5512997.9,-1,SWBBL
2026-08-11,672.0,679.9,661.0,670.0,0.0,7694.0,5115709.0,-1,SWBBL
2026-08-12,701.0,701.0,662.0,676.0,0.9,1383.0,925694.2,-1,SWBBL
2026-07-13,603.0,608.9,600.0,608.9,-1.14,1412.0,848788.6,1,SWMF
2026-07-14,608.9,613.7,591.0,612.4,0.57,2456.0,1491771.8,1,SWMF
2026-07-15,612.0,630.0,612.0,628.8,2.68,6442.0,3989828.2,1,SWMF
2026-07-16,629.0,629.0,610.0,618.0,-1.72,3436.0,2103690.0,-1,SWMF
2026-07-17,629.0,641.9,622.0,638.0,3.24,6117.0,3853059.3,1,SWMF
2026-07-20,640.0,645.0,634.0,644.9,1.08,4457.0,2851228.9,1,SWMF
2026-07-21,647.0,648.8,632.0,644.9,0.0,5096.0,3257549.2,-1,SWMF
2026-07-22,643.0,643.0,626.0,639.0,-0.91,4912.0,3086922.2,-1,SWMF
2026-07-23,629.0,638.9,629.0,638.9,-0.02,2596.0,1643298.0,1,SWMF
2026-07-24,625.1,646.0,625.1,642.0,0.49,4913.0,3142625.8,1,SWMF
2026-07-27,635.0,635.0,630.1,631.0,-1.71,1176.0,744465.0,-1,SWMF
2026-07-28,627.2,635.0,626.0,635.0,0.63,2004.0,1258044.4,1,SWMF
2026-07-29,633.0,635.0,620.1,621.1,-2.19,2606.0,1629217.3,-1,SWMF
2026-07-30,619.0,630.0,619.0,627.0,0.95,4664.0,2911759.9,1,SWMF
2026-07-31,616.0,629.0,615.4,617.0,-1.59,3215.0,1983001.7,1,SWMF
2026-08-03,586.2,630.0,586.2,627.0,1.62,4624.0,2886833.4,1,SWMF
2026-08-04,619.0,620.0,590.3,619.0,-1.28,4847.0,2948780.1,0,SWMF
2026-08-05,610.0,618.0,606.0,618.0,-0.16,3820.0,2327103.6,1,SWMF
2026-08-06,605.2,615.0,605.2,610.0,-1.29,3929.0,2399144.0,1,SWMF
2026-08-07,606.0,619.0,599.2,619.0,1.48,7161.0,4310848.9,1,SWMF
2026-08-10,603.5,619.0,603.5,619.0,0.0,738.0,449685.2,1,SWMF
2026-08-11,649.9,649.9,604.1,612.0,-1.13,1348.0,823958.2,-1,SWMF
2026-08-12,606.0,615.0,605.2,615.0,0.49,2435.0,1482135.4,1,SWMF
2026-07-13,1330.0,1357.0,1282.1,1289.0,-5.15,54123.0,71034116.6,-1,SYPNL
2026-07-14,1224.6,1330.0,1224.6,1277.0,-0.93,46271.0,59104397.7,1,SYPNL
2026-07-15,1301.0,1310.0,1262.0,1299.8,1.79,31623.0,41015646.0,-1,SYPNL
2026-07-16,1282.0,1305.0,1226.1,1255.0,-3.45,37066.0,47070536.4,-1,SYPNL
2026-07-17,1192.3,1338.0,1192.3,1338.0,6.61,56308.0,74239187.4,1,SYPNL
2026-07-20,1350.0,1411.0,1338.0,1397.5,4.45,108582.0,150852842.0,1,SYPNL
2026-07-21,1327.7,1448.0,1327.7,1405.0,0.54,96349.0,136397739.4,1,SYPNL
2026-07-22,1334.8,1430.0,1334.8,1408.9,0.28,69705.0,98090710.3,1,SYPNL
2026-07-23,1400.0,1429.5,1385.2,1426.9,1.28,75287.0,106090378.7,1,SYPNL
2026-07-24,1360.0,1463.0,1360.0,1424.0,-0.2,75872.0,109451109.5,1,SYPNL
2026-07-27,1352.8,1432.0,1352.8,1365.0,-4.14,61654.0,85791405.6,1,SYPNL
2026-07-28,1297.0,1392.0,1297.0,1360.0,-0.37,42583.0,58337824.6,1,SYPNL
2026-07-29,1350.0,1379.0,1333.0,1334.0,-1.91,28991.0,39079806.6,-1,SYPNL
2026-07-30,1335.0,1364.0,1310.0,1331.0,-0.22,30930.0,41033491.7,-1,SYPNL
2026-07-31,1264.5,1355.0,1264.5,1350.0,1.43,44453.0,59284285.2,1,SYPNL
2026-08-03,1282.5,1375.0,1282.5,1342.1,-0.59,52381.0,70986141.9,1,SYPNL
2026-08-04,1381.0,1381.0,1315.0,1320.0,-1.65,21415.0,28502513.5,-1,SYPNL
2026-08-05,1254.0,1340.0,1254.0,1317.0,-0.23,24063.0,31663111.8,1,SYPNL
2026-08-06,1251.2,1350.0,1251.2,1280.0,-2.81,61852.0,80010554.8,1,SYPNL
2026-08-07,1242.0,1299.0,1242.0,1284.0,0.31,22646.0,29027925.4,1,SYPNL
2026-08-10,1219.8,1350.0,1219.8,1334.0,3.89,48549.0,63995021.2,1,SYPNL
2026-08-11,1277.0,1355.9,1277.0,1321.0,-0.97,19605.0,26030266.5,1,SYPNL
2026-08-12,1322.0,1330.0,1298.0,1298.0,-1.74,32019.0,42042316.4,-1,SYPNL
2026-07-13,439.0,439.0,431.0,432.0,-1.59,25691.0,11130336.7,-1,TAMOR
2026-07-14,430.1,450.1,430.1,435.1,0.72,17543.0,7616073.6,1,TAMOR
2026-07-15,431.3,444.0,431.3,436.5,0.32,8678.0,3793604.6,1,TAMOR
2026-07-16,458.3,458.3,432.0,437.0,0.11,35199.0,15433601.7,-1,TAMOR
2026-07-17,441.0,458.0,438.0,448.1,2.54,14552.0,6528032.0,1,TAMOR
2026-07-20,455.2,455.2,444.4,452.1,0.89,21223.0,9571011.6,-1,TAMOR
2026-07-21,456.0,460.0,452.1,454.0,0.42,50356.0,22917836.0,-1,TAMOR
2026-07-22,447.0,454.0,447.0,452.0,-0.44,22745.0,10269508.2,1,TAMOR
2026-07-23,460.0,463.7,446.0,451.5,-0.11,24468.0,11060385.3,-1,TAMOR
2026-07-24,451.0,456.0,450.0,452.6,0.24,27528.0,12508837.3,1,TAMOR
2026-07-27,451.0,455.0,448.6,451.0,-0.35,43431.0,19583297.7,0,TAMOR
2026-07-28,450.0,459.0,448.7,456.0,1.11,26914.0,12183281.3,1,TAMOR
2026-07-29,451.0,457.0,449.1,453.9,-0.46,24714.0,11195704.6,1,TAMOR
2026-07-30,449.2,456.9,448.1,451.0,-0.64,34393.0,15606136.5,1,TAMOR
2026-07-31,448.1,453.0,445.0,449.3,-0.38,27003.0,12135028.3,1,TAMOR
2026-08-03,449.0,455.0,449.0,449.5,0.04,28438.0,12852742.9,1,TAMOR
2026-08-04,428.6,458.0,428.6,449.2,-0.07,34970.0,15721030.7,1,TAMOR
2026-08-05,446.0,453.0,446.0,453.0,0.85,12052.0,5429025.0,1,TAMOR
2026-08-06,448.2,454.9,445.1,450.0,-0.66,23440.0,10567965.0,1,TAMOR
2026-08-07,446.0,449.9,445.1,445.1,-1.09,9540.0,4255420.5,-1,TAMOR
2026-08-10,446.0,450.0,446.0,450.0,1.1,14927.0,6695102.9,1,TAMOR
2026-08-11,440.1,453.2,440.1,449.2,-0.18,21063.0,9485397.8,1,TAMOR
2026-08-12,451.1,455.5,450.0,451.0,0.4,46091.0,20897906.8,-1,TAMOR
2026-07-13,363.5,363.5,343.6,346.2,-1.93,10784.0,3741369.7,-1,TPC
2026-07-14,342.0,351.6,342.0,344.0,-0.64,15155.0,5233052.0,1,TPC
2026-07-15,344.2,351.0,344.2,349.0,1.45,4312.0,1504235.6,1,TPC
2026-07-16,357.0,357.0,341.3,349.0,0.0,11409.0,3974094.7,-1,TPC
2026-07-17,357.0,365.0,349.2,360.0,3.15,16713.0,6035017.3,1,TPC
2026-07-20,368.0,370.8,360.1,367.0,1.94,10946.0,3999380.1,-1,TPC
2026-07-21,372.5,372.5,362.1,366.8,-0.05,10638.0,3883779.3,-1,TPC
2026-07-22,358.2,366.8,358.2,363.0,-1.04,11270.0,4088318.0,1,TPC
2026-07-23,357.0,364.9,355.0,361.0,-0.55,12649.0,4538801.6,1,TPC
2026-07-24,370.0,370.0,362.0,369.5,2.35,9455.0,3439066.1,-1,TPC
2026-07-27,364.0,369.2,359.0,360.0,-2.57,12855.0,4663092.8,-1,TPC
2026-07-28,354.0,367.9,354.0,360.0,0.0,15673.0,5639827.6,1,TPC
2026-07-29,360.3,365.4,358.0,359.0,-0.28,10655.0,3826707.8,-1,TPC
2026-07-30,360.0,363.8,355.3,357.9,-0.31,7495.0,2677456.6,-1,TPC
2026-07-31,363.8,363.8,353.2,358.5,0.17,5940.0,2116565.6,-1,TPC
2026-08-03,360.0,369.2,358.9,360.0,0.42,26328.0,9546129.2,0,TPC
2026-08-04,358.0,370.0,357.1,368.0,2.22,25546.0,9311192.4,1,TPC
2026-08-05,370.0,370.0,364.0,369.6,0.43,19583.0,7188354.9,-1,TPC
2026-08-06,363.0,370.9,360.1,360.3,-2.52,44556.0,16240573.2,-1,TPC
2026-08-07,357.0,365.0,357.0,359.5,-0.22,10040.0,3619427.6,1,TPC
2026-08-10,377.4,377.4,360.0,361.5,0.56,29948.0,10847554.0,-1,TPC
2026-08-11,361.5,369.0,360.5,361.3,-0.06,11589.0,4195919.7,-1,TPC
2026-08-12,368.0,368.0,361.0,363.0,0.47,12403.0,4484363.7,-1,TPC
2026-07-13,520.0,520.0,493.0,493.0,-6.24,25046.0,12627679.2,-1,TPKHL
2026-07-14,500.0,504.9,480.2,496.0,0.61,31104.0,15344898.4,-1,TPKHL
2026-07-15,494.0,506.0,492.0,494.0,-0.4,17167.0,8554860.4,0,TPKHL
2026-07-16,496.0,506.8,477.0,494.8,0.16,29596.0,14518554.3,-1,TPKHL
2026-07-17,494.0,524.0,494.0,516.0,4.28,44421.0,22733296.8,1,TPKHL
2026-07-20,516.0,546.5,504.0,536.1,3.9,44722.0,23694974.1,1,TPKHL
2026-07-21,536.1,585.0,531.0,563.0,5.02,72970.0,40727849.2,1,TPKHL
2026-07-22,561.0,570.0,551.0,565.0,0.36,44494.0,24916039.1,1,TPKHL
2026-07-23,565.0,595.0,551.0,590.0,4.42,62548.0,35909280.6,1,TPKHL
2026-07-24,581.0,610.0,573.0,574.0,-2.71,57766.0,33986268.3,-1,TPKHL
2026-07-27,570.0,580.0,547.0,553.0,-3.66,55680.0,31359380.7,-1,TPKHL
2026-07-28,553.0,568.0,540.4,560.0,1.27,46693.0,25790025.2,1,TPKHL
2026-07-29,560.0,569.0,551.0,557.9,-0.38,24588.0,13768452.0,-1,TPKHL
2026-07-30,557.9,565.0,535.0,539.0,-3.39,38317.0,20924487.4,-1,TPKHL
2026-07-31,530.0,548.9,520.0,548.9,1.84,39253.0,21039172.9,1,TPKHL
2026-08-03,542.0,561.0,542.0,550.0,0.2,31896.0,17537901.5,1,TPKHL
2026-08-04,550.0,554.0,538.0,548.0,-0.36,31301.0,16965418.1,-1,TPKHL
2026-08-05,520.6,560.0,520.6,545.0,-0.55,28402.0,15342814.5,1,TPKHL
2026-08-06,533.0,565.0,533.0,552.0,1.28,76497.0,42615758.4,1,TPKHL
2026-08-07,529.9,570.0,529.9,554.0,0.36,37966.0,21082316.1,1,TPKHL
2026-08-10,527.0,562.9,527.0,560.0,1.08,39899.0,22250838.9,1,TPKHL
2026-08-11,532.5,570.0,532.5,556.8,-0.57,38961.0,21808793.7,1,TPKHL
2026-08-12,550.0,556.0,542.2,550.0,-1.22,19197.0,10504299.4,0,TPKHL
2026-07-13,783.0,787.9,766.0,774.0,-0.13,1982.0,1540532.0,-1,TRH
2026-07-14,752.0,775.0,752.0,766.0,-1.03,10226.0,7864788.0,1,TRH
2026-07-16,760.1,785.0,760.0,785.0,2.48,1675.0,1282547.0,1,TRH
2026-07-17,767.1,801.9,766.1,780.0,-0.64,2081.0,1632529.5,1,TRH
2026-07-20,768.0,799.0,766.0,789.9,1.27,1480.0,1146049.0,1,TRH
2026-07-21,788.1,788.1,767.0,788.0,-0.24,3391.0,2612624.0,-1,TRH
2026-07-22,799.0,801.9,773.1,793.0,0.63,2520.0,1973326.5,-1,TRH
2026-07-23,793.0,793.0,775.0,791.7,-0.16,827.0,650724.0,-1,TRH
2026-07-24,785.0,792.0,776.0,785.0,-0.85,270.0,213356.0,0,TRH
2026-07-27,785.0,785.0,770.0,771.0,-1.78,767.0,594629.0,-1,TRH
2026-07-28,770.0,780.0,770.0,780.0,1.17,800.0,621790.0,1,TRH
2026-07-29,780.0,780.0,770.0,770.4,-1.23,544.0,419854.2,-1,TRH
2026-07-30,771.2,786.0,771.2,785.9,2.01,788.0,615076.5,1,TRH
2026-07-31,770.1,788.0,769.3,782.0,-0.5,1222.0,953463.2,1,TRH
2026-08-03,772.1,790.0,772.0,786.0,0.51,1446.0,1120314.2,1,TRH
2026-08-04,765.1,789.0,765.0,789.0,0.38,623.0,482131.0,1,TRH
2026-08-05,784.8,789.0,778.0,789.0,0.0,3494.0,2731400.8,1,TRH
2026-08-06,779.0,794.0,779.0,792.0,0.38,4398.0,3482328.0,1,TRH
2026-08-07,792.0,796.0,790.0,790.0,-0.25,2221.0,1764356.0,-1,TRH
2026-08-10,789.0,793.5,783.1,792.0,0.25,2207.0,1743782.0,1,TRH
2026-08-11,783.1,800.0,783.1,795.1,0.39,11635.0,9209225.1,1,TRH
2026-08-12,799.0,844.0,797.0,825.0,3.76,8206.0,6703685.0,1,TRH
2026-07-13,350.0,350.0,311.4,329.0,-3.24,18504.0,6070682.0,-1,TSHL
2026-07-14,324.1,364.0,308.1,330.0,0.3,26493.0,8559932.5,1,TSHL
2026-07-15,339.8,358.4,339.0,350.5,6.21,19262.0,6735673.3,1,TSHL
2026-07-16,367.9,371.0,354.8,365.0,4.14,22855.0,8369155.6,-1,TSHL
2026-07-17,365.0,415.0,365.0,405.0,10.96,33801.0,13478752.4,1,TSHL
2026-07-20,413.0,420.0,405.0,411.0,1.48,21029.0,8660464.9,-1,TSHL
2026-07-21,412.0,413.0,392.9,398.0,-3.16,13800.0,5544530.4,-1,TSHL
2026-07-22,390.0,398.0,386.1,392.9,-1.28,7781.0,3037378.5,1,TSHL
2026-07-23,393.0,393.0,382.0,385.0,-2.01,4613.0,1778904.9,-1,TSHL
2026-07-24,385.0,406.8,385.0,400.0,3.9,23022.0,9165510.9,1,TSHL
2026-07-27,401.0,406.0,387.0,390.0,-2.5,7554.0,2991134.5,-1,TSHL
2026-07-28,390.0,393.0,380.0,382.0,-2.05,8256.0,3164658.3,-1,TSHL
2026-07-29,379.0,388.0,377.0,383.0,0.26,4284.0,1645628.3,1,TSHL
2026-07-30,375.5,386.7,372.0,372.0,-2.87,5485.0,2068040.9,-1,TSHL
2026-07-31,381.0,381.0,368.0,374.0,0.54,3561.0,1324483.7,-1,TSHL
2026-08-03,380.0,393.0,380.0,385.1,2.97,9387.0,3646304.3,1,TSHL
2026-08-04,385.0,390.0,378.0,378.3,-1.77,4677.0,1786184.0,-1,TSHL
2026-08-05,389.0,389.0,373.0,380.0,0.45,2204.0,836663.4,-1,TSHL
2026-08-06,372.0,390.0,372.0,372.2,-2.05,7072.0,2705609.0,1,TSHL
2026-08-07,383.3,383.3,365.0,369.9,-0.62,6016.0,2220987.0,-1,TSHL
2026-08-10,378.0,378.0,361.1,363.0,-1.87,8569.0,3131508.6,-1,TSHL
2026-08-11,363.5,370.0,353.0,361.7,-0.36,8670.0,3135345.9,-1,TSHL
2026-08-12,362.0,375.0,362.0,369.0,2.02,2458.0,908848.1,1,TSHL
2026-07-13,715.1,720.0,690.0,699.0,-2.24,14760.0,10311248.2,-1,TTL
2026-07-14,700.0,705.7,670.0,700.0,0.14,14606.0,10009474.7,0,TTL
2026-07-15,695.0,715.0,695.0,700.0,0.0,7627.0,5379049.0,1,TTL
2026-07-16,700.0,708.0,695.2,696.5,-0.5,7422.0,5195753.3,-1,TTL
2026-07-17,714.9,740.0,707.0,736.0,5.67,12846.0,9310826.5,1,TTL
2026-07-20,736.0,760.0,728.2,758.0,2.99,11720.0,8800299.1,1,TTL
2026-07-21,758.0,773.5,745.0,754.0,-0.53,20306.0,15316857.5,-1,TTL
2026-07-22,747.0,748.0,735.0,735.0,-2.52,10097.0,7476318.1,-1,TTL
2026-07-23,726.7,760.0,725.1,756.0,2.86,10131.0,7558412.0,1,TTL
2026-07-24,756.0,785.0,756.0,773.0,2.25,28478.0,22006465.9,1,TTL
2026-07-27,765.0,780.0,744.5,746.0,-3.49,13884.0,10511744.0,-1,TTL
2026-07-28,750.0,758.9,730.0,731.0,-2.01,10410.0,7669281.0,-1,TTL
2026-07-29,724.0,749.9,724.0,730.0,-0.14,9862.0,7216214.4,1,TTL
2026-07-30,735.0,740.0,720.0,720.4,-1.32,8053.0,5841127.7,-1,TTL
2026-07-31,702.0,731.0,702.0,730.0,1.33,6475.0,4700621.9,1,TTL
2026-08-03,730.0,744.0,725.0,730.0,0.0,14520.0,10661517.9,0,TTL
2026-08-04,730.0,732.9,715.1,720.0,-1.37,14528.0,10471861.7,-1,TTL
2026-08-05,716.0,726.5,715.2,715.2,-0.67,7076.0,5087297.5,-1,TTL
2026-08-06,715.2,724.9,712.0,716.1,0.13,6563.0,4699421.0,1,TTL
2026-08-07,710.5,719.9,705.0,710.0,-0.85,16478.0,11708314.9,-1,TTL
2026-08-10,710.0,731.0,700.4,731.0,2.96,9300.0,6618311.7,1,TTL
2026-08-11,726.3,730.0,711.1,720.0,-1.5,8667.0,6263804.7,-1,TTL
2026-08-12,715.0,727.9,710.0,714.9,-0.71,5674.0,4044618.5,-1,TTL
2026-07-13,484.0,485.0,461.0,461.1,-1.89,3239.0,1504385.0,-1,TVCL
2026-07-14,451.0,471.0,451.0,462.3,0.26,6338.0,2924536.4,1,TVCL
2026-07-15,476.1,476.1,463.0,469.9,1.64,1420.0,665576.4,-1,TVCL
2026-07-16,465.0,497.0,458.2,469.0,-0.19,3379.0,1568737.0,1,TVCL
2026-07-17,461.0,496.0,461.0,490.0,4.48,3133.0,1520924.0,1,TVCL
2026-07-20,510.0,511.0,482.2,490.0,0.0,4323.0,2131962.6,-1,TVCL
2026-07-21,481.1,493.0,481.1,489.9,-0.02,8013.0,3885872.0,1,TVCL
2026-07-22,475.3,509.9,475.3,495.0,1.04,17705.0,8793689.1,1,TVCL
2026-07-23,495.0,504.0,483.0,486.5,-1.72,2785.0,1356853.0,-1,TVCL
2026-07-24,486.0,499.0,484.0,485.0,-0.31,8980.0,4425743.0,-1,TVCL
2026-07-27,485.0,490.0,475.0,483.0,-0.41,3550.0,1725594.0,-1,TVCL
2026-07-28,483.2,491.0,475.3,490.0,1.45,3962.0,1909353.0,1,TVCL
2026-07-29,514.5,514.5,476.1,489.4,-0.12,1028.0,496287.3,-1,TVCL
2026-07-30,477.5,489.2,476.2,476.2,-2.7,1884.0,899626.9,-1,TVCL
2026-07-31,476.0,489.0,476.0,489.0,2.69,2210.0,1069002.6,1,TVCL
2026-08-03,481.1,489.0,480.5,480.7,-1.7,1410.0,678409.0,-1,TVCL
2026-08-04,470.1,480.0,470.1,473.2,-1.56,590.0,279523.0,1,TVCL
2026-08-05,473.0,475.0,473.0,473.1,-0.02,2270.0,1074041.0,1,TVCL
2026-08-06,471.0,494.4,471.0,475.1,0.42,10049.0,4854615.3,1,TVCL
2026-08-07,475.0,482.0,468.0,482.0,1.45,2631.0,1259567.0,1,TVCL
2026-08-10,483.0,485.0,468.1,468.1,-2.88,27033.0,12905742.8,-1,TVCL
2026-08-11,470.0,484.1,470.0,480.0,2.54,3238.0,1546532.5,1,TVCL
2026-08-12,475.1,480.0,473.5,474.0,-1.25,2990.0,1419987.0,-1,TVCL
2026-07-13,429.2,431.0,424.4,427.0,-1.39,5172.0,2202294.8,-1,UAIL
2026-07-14,427.0,435.0,422.3,433.0,1.41,9723.0,4143175.2,1,UAIL
2026-07-15,422.0,434.0,422.0,434.0,0.23,6438.0,2772696.5,1,UAIL
2026-07-16,431.1,441.6,431.0,433.0,-0.23,3229.0,1397949.2,1,UAIL
2026-07-17,445.5,475.9,434.0,475.9,9.91,52661.0,24270349.0,1,UAIL
2026-07-20,469.9,485.0,461.2,474.0,-0.4,20357.0,9709501.5,1,UAIL
2026-07-21,470.2,471.0,461.3,468.7,-1.12,12044.0,5617198.6,-1,UAIL
2026-07-22,460.0,465.0,455.0,456.0,-2.71,9253.0,4248253.3,-1,UAIL
2026-07-23,448.1,462.0,448.1,456.1,0.02,16603.0,7575446.1,1,UAIL
2026-07-24,460.0,467.9,453.4,458.0,0.42,14460.0,6636427.0,-1,UAIL
2026-07-27,460.0,464.8,446.1,448.5,-2.07,8247.0,3728881.2,-1,UAIL
2026-07-28,445.1,450.0,445.0,446.0,-0.56,9356.0,4183934.0,1,UAIL
2026-07-29,450.0,453.0,446.4,447.2,0.27,4643.0,2085769.3,-1,UAIL
2026-07-30,455.0,455.0,440.0,448.0,0.18,12447.0,5546690.0,-1,UAIL
2026-07-31,440.1,451.0,440.1,445.3,-0.6,8209.0,3668340.4,1,UAIL
2026-08-03,447.0,453.0,442.2,445.0,-0.07,8733.0,3902694.9,-1,UAIL
2026-08-04,441.0,448.0,441.0,442.5,-0.56,6283.0,2788079.7,1,UAIL
2026-08-05,442.0,445.0,441.0,444.9,0.54,6166.0,2739281.0,1,UAIL
2026-08-06,441.0,445.0,441.0,441.4,-0.79,6261.0,2774628.8,1,UAIL
2026-08-07,433.1,442.0,433.1,440.7,-0.16,14840.0,6503824.4,1,UAIL
2026-08-10,436.0,441.0,430.0,432.0,-1.97,18300.0,7937690.1,-1,UAIL
2026-08-11,432.0,438.0,431.2,434.0,0.46,7575.0,3277897.9,1,UAIL
2026-08-12,430.3,436.0,430.3,435.0,0.23,4591.0,1984702.7,1,UAIL
2026-07-13,536.8,581.9,536.8,555.0,-1.77,8159.0,4546074.0,1,UHEWA
2026-07-14,565.9,565.9,543.0,557.0,0.36,24127.0,13317517.4,-1,UHEWA
2026-07-15,560.0,580.0,556.0,573.0,2.87,91472.0,52791175.4,1,UHEWA
2026-07-16,578.0,578.0,546.0,553.0,-3.49,28801.0,16145624.5,-1,UHEWA
2026-07-17,550.0,583.0,550.0,572.0,3.44,37884.0,21662494.3,1,UHEWA
2026-07-20,560.0,603.5,560.0,597.5,4.46,82480.0,48329268.6,1,UHEWA
2026-07-21,593.0,607.6,588.0,600.0,0.42,58298.0,34760669.0,1,UHEWA
2026-07-22,582.0,604.0,582.0,598.8,-0.2,13045.0,7773735.0,1,UHEWA
2026-07-23,600.0,603.0,583.5,598.0,-0.13,23374.0,13863658.2,-1,UHEWA
2026-07-24,598.0,605.0,584.0,592.0,-1.0,48519.0,28591252.8,-1,UHEWA
2026-07-27,580.0,601.0,580.0,582.1,-1.67,18659.0,10915328.1,1,UHEWA
2026-07-28,575.0,583.0,570.0,578.0,-0.7,16358.0,9413332.9,1,UHEWA
2026-07-29,606.9,606.9,560.7,579.6,0.28,8566.0,4935028.8,-1,UHEWA
2026-07-30,560.0,584.0,560.0,571.0,-1.48,10430.0,5971409.4,1,UHEWA
2026-07-31,564.0,579.8,564.0,572.1,0.19,13705.0,7851290.5,1,UHEWA
2026-08-03,600.0,600.0,569.0,570.1,-0.35,7581.0,4340586.2,-1,UHEWA
2026-08-04,576.0,576.0,568.0,572.0,0.33,6806.0,3888321.7,-1,UHEWA
2026-08-05,546.4,578.0,546.4,574.8,0.49,1781.0,1020016.6,1,UHEWA
2026-08-06,600.0,600.0,567.0,571.8,-0.52,14399.0,8214351.7,-1,UHEWA
2026-08-07,565.1,588.9,565.1,582.0,1.78,27628.0,15948963.7,1,UHEWA
2026-08-10,570.0,608.0,570.0,608.0,4.47,43239.0,25786047.9,1,UHEWA
2026-08-11,598.0,638.0,598.0,629.9,3.6,168927.0,105226555.8,1,UHEWA
2026-08-12,661.0,661.0,610.0,610.0,-3.16,34069.0,21163034.5,-1,UHEWA
2026-07-13,3360.0,3360.0,2748.1,2839.0,-11.28,3316.0,9296268.2,-1,ULBSL
2026-07-14,2710.0,3100.0,2710.0,3100.0,9.19,4467.0,12361120.4,1,ULBSL
2026-07-15,3100.0,3100.0,2740.1,2873.0,-7.32,220.0,628446.0,-1,ULBSL
2026-07-16,2729.4,2950.0,2729.4,2800.0,-2.54,1693.0,4672977.8,1,ULBSL
2026-07-17,2878.0,2878.0,2765.0,2845.0,1.61,849.0,2381118.9,-1,ULBSL
2026-07-20,2765.0,2899.0,2765.0,2888.9,1.54,617.0,1732383.6,1,ULBSL
2026-07-21,2750.0,2879.9,2750.0,2839.0,-1.73,480.0,1347944.1,1,ULBSL
2026-07-22,2753.8,2829.9,2753.8,2775.0,-2.25,984.0,2731295.7,1,ULBSL
2026-07-23,2722.0,2972.0,2722.0,2831.0,2.02,909.0,2532304.0,1,ULBSL
2026-07-24,2730.0,2825.0,2730.0,2760.0,-2.51,484.0,1335787.6,1,ULBSL
2026-07-27,2742.8,2810.0,2742.8,2800.0,1.45,1152.0,3191376.5,1,ULBSL
2026-07-28,2721.0,2798.0,2721.0,2792.0,-0.29,720.0,1987689.0,1,ULBSL
2026-07-29,2735.5,2850.0,2735.5,2797.5,0.2,429.0,1193000.0,1,ULBSL
2026-07-30,2700.0,2948.0,2700.0,2785.0,-0.45,1153.0,3164280.4,1,ULBSL
2026-07-31,2720.0,2787.0,2720.0,2775.0,-0.36,433.0,1186866.0,1,ULBSL
2026-08-03,2721.0,2790.0,2720.0,2774.0,-0.04,337.0,924695.0,1,ULBSL
2026-08-04,2749.0,2768.9,2720.0,2768.0,-0.22,585.0,1605046.3,1,ULBSL
2026-08-05,2749.9,2759.8,2748.0,2748.0,-0.72,387.0,1064305.0,-1,ULBSL
2026-08-06,2720.2,2748.0,2700.5,2700.5,-1.73,472.0,1279302.9,-1,ULBSL
2026-08-07,2748.0,2748.0,2703.0,2738.0,1.39,586.0,1590815.2,-1,ULBSL
2026-08-10,2660.0,3050.0,2660.0,2749.0,0.4,807.0,2204577.5,1,ULBSL
2026-08-11,2660.0,2850.0,2660.0,2744.2,-0.17,450.0,1224989.9,1,ULBSL
2026-08-12,2625.0,2739.9,2625.0,2733.0,-0.41,330.0,892369.8,1,ULBSL
2026-07-13,373.1,380.0,367.1,368.9,-4.06,8160.0,3032201.3,-1,ULHC
2026-07-14,367.0,367.0,343.0,357.0,-3.23,23153.0,8170194.2,-1,ULHC
2026-07-15,358.0,367.0,350.3,358.0,0.28,7237.0,2602488.5,0,ULHC
2026-07-16,366.5,374.9,358.2,358.2,0.06,10191.0,3699994.2,-1,ULHC
2026-07-17,366.9,379.0,366.9,373.0,4.13,11147.0,4143021.8,1,ULHC
2026-07-20,375.0,381.8,365.0,370.1,-0.78,12330.0,4615235.2,-1,ULHC
2026-07-21,365.2,375.0,365.2,371.0,0.24,18169.0,6750118.6,1,ULHC
2026-07-22,382.0,382.0,369.0,372.0,0.27,13376.0,4961500.7,-1,ULHC
2026-07-23,379.8,379.8,360.0,362.2,-2.63,10466.0,3803737.1,-1,ULHC
2026-07-24,367.0,369.0,358.1,359.5,-0.75,7061.0,2557107.5,-1,ULHC
2026-07-27,365.0,365.0,347.5,350.0,-2.64,9670.0,3410851.7,-1,ULHC
2026-07-28,350.0,354.0,348.0,348.0,-0.57,4785.0,1672527.5,-1,ULHC
2026-07-29,346.0,354.8,345.0,345.0,-0.86,4712.0,1638503.3,-1,ULHC
2026-07-30,345.0,354.9,340.1,340.1,-1.42,4850.0,1674835.5,-1,ULHC
2026-07-31,339.0,365.0,337.0,362.0,6.44,24501.0,8588236.0,1,ULHC
2026-08-03,350.0,375.0,350.0,369.1,1.96,18495.0,6838526.5,1,ULHC
2026-08-04,383.0,383.0,354.0,361.0,-2.19,3828.0,1378938.0,-1,ULHC
2026-08-05,367.0,367.0,354.0,354.1,-1.91,5447.0,1937592.6,-1,ULHC
2026-08-06,350.0,407.2,350.0,407.2,15.0,16882.0,6115479.7,1,ULHC
2026-08-07,388.0,388.0,356.0,379.0,-6.93,124394.0,45175849.9,-1,ULHC
2026-08-10,380.0,380.0,363.0,379.7,0.18,20845.0,7675534.0,-1,ULHC
2026-08-11,365.0,436.6,353.6,436.6,14.99,74681.0,27530322.9,1,ULHC
2026-08-12,425.0,425.0,371.2,371.2,-14.98,45339.0,16863883.6,-1,ULHC
2026-07-13,580.0,610.0,560.0,573.9,-0.36,74747.0,43910021.1,-1,UMHL
2026-07-14,551.0,575.0,551.0,575.0,0.19,34964.0,19816948.7,1,UMHL
2026-07-15,555.0,578.0,555.0,573.0,-0.35,29612.0,16819166.8,1,UMHL
2026-07-16,571.7,620.0,560.1,572.0,-0.17,123162.0,70425115.3,1,UMHL
2026-07-17,555.0,616.0,555.0,591.0,3.32,125723.0,74773917.3,1,UMHL
2026-07-20,585.0,600.0,575.4,600.0,1.52,47646.0,27980432.6,1,UMHL
2026-07-21,570.0,600.0,570.0,599.9,-0.02,35927.0,21288533.1,1,UMHL
2026-07-22,580.0,609.7,573.0,596.4,-0.6,101286.0,58904616.4,1,UMHL
2026-07-23,570.0,599.9,570.0,590.5,-0.99,23783.0,13882092.2,1,UMHL
2026-07-24,570.0,604.0,570.0,594.8,0.73,86235.0,50608631.2,1,UMHL
2026-07-27,587.5,595.0,577.0,590.0,-0.81,37375.0,21875008.0,1,UMHL
2026-07-28,570.0,594.4,570.0,585.0,-0.85,27504.0,15919751.0,1,UMHL
2026-07-29,570.0,585.0,570.0,580.9,-0.7,59984.0,34893328.0,1,UMHL
2026-07-30,570.0,587.0,570.0,586.7,1.0,30899.0,17845895.3,1,UMHL
2026-07-31,573.0,584.2,570.0,581.0,-0.97,95992.0,55571232.2,1,UMHL
2026-08-03,570.0,585.0,570.0,577.6,-0.59,39762.0,22725562.6,1,UMHL
2026-08-04,570.0,584.0,568.0,577.7,0.02,34116.0,19570902.8,1,UMHL
2026-08-05,560.0,577.0,560.0,576.0,-0.29,33291.0,18947161.5,1,UMHL
2026-08-06,560.0,590.0,560.0,582.1,1.06,149441.0,85222504.5,1,UMHL
2026-08-07,570.0,585.0,570.0,583.0,0.15,28870.0,16773939.7,1,UMHL
2026-08-10,570.0,582.0,570.0,579.5,-0.6,13309.0,7654953.3,1,UMHL
2026-08-11,570.0,579.5,570.0,578.8,-0.12,51862.0,29791807.6,1,UMHL
2026-08-12,560.0,587.0,560.0,575.2,-0.62,46874.0,26922235.2,1,UMHL
2026-07-13,513.5,522.5,513.5,516.2,-0.35,4452.0,2306202.2,1,UMRH
2026-07-14,521.8,521.8,513.4,519.9,0.72,5515.0,2847472.7,-1,UMRH
2026-07-15,520.0,523.0,520.0,521.9,0.38,8661.0,4513961.2,1,UMRH
2026-07-16,515.0,520.0,515.0,517.0,-0.94,5017.0,2597293.5,1,UMRH
2026-07-17,525.0,540.0,520.0,540.0,4.45,11625.0,6137461.6,1,UMRH
2026-07-20,545.0,545.0,533.1,543.0,0.56,5520.0,2982734.5,-1,UMRH
2026-07-21,543.9,554.8,540.1,549.9,1.27,10942.0,5973878.0,1,UMRH
2026-07-22,536.0,546.0,536.0,540.5,-1.71,5162.0,2792099.8,1,UMRH
2026-07-23,547.8,547.8,535.0,540.0,-0.09,3102.0,1664929.0,-1,UMRH
2026-07-24,534.0,547.6,534.0,540.1,0.02,6744.0,3659256.8,1,UMRH
2026-07-27,537.0,541.9,534.0,536.0,-0.76,6670.0,3604317.4,-1,UMRH
2026-07-28,530.0,538.8,530.0,538.7,0.5,3425.0,1828145.4,1,UMRH
2026-07-29,530.5,537.0,530.5,534.0,-0.87,2783.0,1482723.0,1,UMRH
2026-07-30,538.0,563.0,531.1,539.5,1.03,10812.0,5853437.3,1,UMRH
2026-07-31,531.0,544.0,531.0,537.2,-0.43,4468.0,2406650.3,1,UMRH
2026-08-03,548.8,548.8,536.0,537.0,-0.04,1429.0,767963.9,-1,UMRH
2026-08-04,538.0,540.0,532.0,539.9,0.54,2871.0,1539676.8,1,UMRH
2026-08-05,532.09,542.0,532.09,540.0,0.02,12664.0,6836174.89,1,UMRH
2026-08-06,539.0,539.0,535.0,535.1,-0.91,10683.0,5746355.7,-1,UMRH
2026-08-07,528.3,539.0,526.1,526.1,-1.68,3386.0,1793366.8,-1,UMRH
2026-08-10,526.6,539.9,526.2,530.0,0.74,1454.0,767029.3,1,UMRH
2026-08-11,520.2,533.9,520.2,533.6,0.68,3520.0,1870310.3,1,UMRH
2026-08-12,528.1,530.0,523.6,530.0,-0.67,1642.0,862798.1,1,UMRH
2026-07-13,385.0,385.0,378.0,383.9,-0.54,16037.0,6128464.2,-1,UNHPL
2026-07-14,380.0,383.0,370.0,382.0,-0.49,23132.0,8712983.4,1,UNHPL
2026-07-15,383.0,385.0,380.0,383.0,0.26,13025.0,4984376.7,0,UNHPL
2026-07-16,402.0,402.0,377.0,378.0,-1.31,16510.0,6303311.9,-1,UNHPL
2026-07-17,389.0,400.0,379.1,396.1,4.79,20665.0,8122048.9,1,UNHPL
2026-07-20,398.0,408.4,392.0,405.0,2.25,48188.0,19347291.4,1,UNHPL
2026-07-21,400.0,406.7,398.6,404.8,-0.05,49748.0,20045585.6,1,UNHPL
2026-07-22,395.1,404.0,395.1,400.0,-1.19,14951.0,5982746.5,1,UNHPL
2026-07-23,403.0,403.0,395.0,400.0,0.0,12256.0,4872611.0,-1,UNHPL
2026-07-24,402.8,402.8,397.0,397.0,-0.75,25227.0,10057366.9,-1,UNHPL
2026-07-27,400.0,400.0,390.2,392.0,-1.26,22386.0,8795401.4,-1,UNHPL
2026-07-28,390.0,394.0,385.0,389.9,-0.54,11948.0,4642114.1,-1,UNHPL
2026-07-29,386.0,390.0,383.0,389.5,-0.1,19296.0,7432877.0,1,UNHPL
2026-07-30,392.0,392.0,380.0,382.9,-1.69,8263.0,3168107.6,-1,UNHPL
2026-07-31,380.2,385.0,380.0,382.1,-0.21,10081.0,3843082.3,1,UNHPL
2026-08-03,389.0,389.0,380.1,384.8,0.71,8276.0,3173106.9,-1,UNHPL
2026-08-04,388.0,388.0,378.2,383.9,-0.23,21045.0,7997141.9,-1,UNHPL
2026-08-05,388.0,388.0,377.1,379.9,-1.04,9947.0,3769629.9,-1,UNHPL
2026-08-06,385.0,385.0,375.5,379.0,-0.24,23316.0,8867818.6,-1,UNHPL
2026-08-07,381.5,381.5,375.0,375.0,-1.06,7991.0,3008338.7,-1,UNHPL
2026-08-10,379.5,379.5,373.1,374.0,-0.27,4858.0,1821167.5,-1,UNHPL
2026-08-11,368.0,377.1,368.0,375.0,0.27,13749.0,5147740.4,1,UNHPL
2026-08-12,368.0,382.0,368.0,377.9,0.77,24865.0,9354561.8,1,UNHPL
2026-07-13,47000.0,47000.0,46555.0,46555.0,0.01,30.0,1405550.0,-1,UNL
2026-07-14,46555.0,46555.0,46505.0,46505.0,-0.11,20.0,930600.0,-1,UNL
2026-07-15,47899.9,47899.9,47200.0,47200.0,1.49,20.0,950999.0,-1,UNL
2026-07-20,47010.1,47015.0,47010.1,47015.0,-0.39,20.0,940251.0,1,UNL
2026-07-21,47040.0,47040.0,47040.0,47040.0,0.05,10.0,470400.0,0,UNL
2026-07-22,47800.0,47800.0,47800.0,47800.0,1.62,10.0,478000.0,0,UNL
2026-07-23,47800.0,48000.0,47799.9,48000.0,0.42,60.0,2871399.0,1,UNL
2026-07-28,48100.0,48100.0,47998.0,47998.0,0.0,20.0,960980.0,-1,UNL
2026-07-30,48200.0,48200.0,48200.0,48200.0,0.42,10.0,482000.0,0,UNL
2026-07-31,48590.0,48590.0,48590.0,48590.0,0.81,10.0,485900.0,0,UNL
2026-08-04,47200.0,47200.0,47200.0,47200.0,-2.86,10.0,472000.0,0,UNL
2026-08-05,47800.0,48000.0,47800.0,48000.0,1.69,20.0,958000.0,1,UNL
2026-08-07,48500.0,48500.0,48500.0,48500.0,1.04,13.0,627500.0,0,UNL
2026-08-10,48500.0,48500.0,48500.0,48500.0,0.0,10.0,485000.0,0,UNL
2026-08-11,48300.0,48500.0,48300.0,48500.0,0.0,45.0,2178500.0,1,UNL
2026-08-12,47700.0,47700.0,47700.0,47700.0,-1.65,10.0,477000.0,0,UNL
2026-07-13,1335.5,1335.5,1250.0,1286.9,1.11,816.0,1033466.8,-1,UNLB
2026-07-14,1348.4,1348.4,1213.0,1297.5,0.82,1981.0,2438059.5,-1,UNLB
2026-07-15,1359.8,1359.8,1270.0,1275.9,-1.66,241.0,310918.0,-1,UNLB
2026-07-16,1338.6,1338.6,1250.0,1275.0,-0.07,375.0,473804.5,-1,UNLB
2026-07-17,1282.0,1300.0,1270.0,1300.0,1.96,339.0,433774.2,1,UNLB
2026-07-20,1310.0,1311.0,1270.0,1304.0,0.31,199.0,254759.0,-1,UNLB
2026-07-21,1304.0,1304.0,1275.0,1292.0,-0.92,1323.0,1698813.4,-1,UNLB
2026-07-22,1305.0,1305.0,1270.0,1287.9,-0.32,280.0,356573.5,-1,UNLB
2026-07-23,1280.0,1280.0,1246.0,1276.0,-0.92,888.0,1124566.0,-1,UNLB
2026-07-24,1300.0,1300.0,1261.1,1279.0,0.24,712.0,904722.0,-1,UNLB
2026-07-27,1265.1,1297.9,1265.0,1270.0,-0.7,819.0,1036792.9,1,UNLB
2026-07-28,1251.0,1270.0,1250.0,1269.0,-0.08,237.0,300103.0,1,UNLB
2026-07-29,1240.0,1274.0,1240.0,1274.0,0.39,365.0,459629.0,1,UNLB
2026-07-30,1337.2,1337.2,1235.0,1265.0,-0.71,745.0,940188.0,-1,UNLB
2026-07-31,1236.0,1271.9,1235.0,1259.0,-0.47,246.0,306057.0,1,UNLB
2026-08-03,1243.0,1258.0,1243.0,1250.3,-0.69,568.0,711046.9,1,UNLB
2026-08-04,1250.3,1269.9,1235.0,1250.0,-0.02,676.0,839096.8,-1,UNLB
2026-08-05,1312.3,1312.3,1235.0,1237.0,-1.04,120.0,150103.5,-1,UNLB
2026-08-06,1237.0,1273.0,1217.0,1257.9,1.69,1195.0,1482384.0,1,UNLB
2026-08-07,1230.0,1279.9,1230.0,1275.9,1.43,658.0,832368.5,1,UNLB
2026-08-10,1260.0,1270.0,1246.2,1270.0,-0.46,78.0,98010.0,1,UNLB
2026-08-11,1300.0,1300.0,1230.8,1271.9,0.15,1110.0,1386185.0,-1,UNLB
2026-08-12,1237.0,1269.8,1237.0,1269.8,-0.17,51.0,63707.0,1,UNLB
2026-07-13,361.0,361.0,350.0,359.0,-0.55,32636.0,11509261.5,-1,UPCL
2026-07-14,365.0,365.0,346.0,354.9,-1.14,56649.0,19908082.6,-1,UPCL
2026-07-15,345.0,359.5,338.0,354.0,-0.25,118476.0,41488927.8,1,UPCL
2026-07-16,355.0,355.0,340.3,342.0,-3.39,78956.0,27181323.8,-1,UPCL
2026-07-17,348.0,358.0,348.0,352.0,2.92,61680.0,21886679.8,1,UPCL
2026-07-20,352.0,370.0,352.0,370.0,5.11,78562.0,28503220.0,1,UPCL
2026-07-21,365.0,370.0,358.0,365.9,-1.11,92193.0,33389288.5,1,UPCL
2026-07-22,360.0,365.0,356.1,365.0,-0.25,58012.0,20924785.1,1,UPCL
2026-07-23,359.1,363.0,355.0,362.0,-0.82,44974.0,16112948.1,1,UPCL
2026-07-24,355.1,362.0,354.0,357.0,-1.38,43678.0,15645855.3,1,UPCL
2026-07-27,357.0,359.9,349.6,351.0,-1.68,30144.0,10617584.9,-1,UPCL
2026-07-28,350.0,354.8,345.3,349.9,-0.31,40013.0,13985727.6,-1,UPCL
2026-07-29,355.0,355.0,345.1,349.9,0.0,16979.0,5940169.4,-1,UPCL
2026-07-30,346.5,350.0,345.2,347.0,-0.83,23902.0,8277127.6,1,UPCL
2026-07-31,349.0,362.0,344.0,362.0,4.32,68843.0,24347310.9,1,UPCL
2026-08-03,357.0,365.0,353.1,365.0,0.83,50598.0,18236267.1,1,UPCL
2026-08-04,356.0,360.0,350.0,353.0,-3.29,90447.0,32007625.1,-1,UPCL
2026-08-05,357.0,357.0,350.0,353.0,0.0,26089.0,9187095.1,-1,UPCL
2026-08-06,355.0,355.0,350.0,351.0,-0.57,22402.0,7871984.4,-1,UPCL
2026-08-07,346.1,354.0,346.1,350.0,-0.28,17545.0,6121348.4,1,UPCL
2026-08-10,350.0,350.0,345.0,345.0,-1.43,35967.0,12462983.1,-1,UPCL
2026-08-11,345.0,354.0,345.0,349.0,1.16,33888.0,11852885.6,1,UPCL
2026-08-12,354.8,354.9,345.0,350.0,0.29,18520.0,6435343.5,-1,UPCL
2026-07-13,191.0,192.0,189.0,189.1,-0.94,104329.0,19771582.3,-1,UPPER
2026-07-14,189.1,191.9,187.6,191.3,1.16,130297.0,24716798.1,1,UPPER
2026-07-15,198.0,198.0,191.9,192.0,0.37,47635.0,9169625.4,-1,UPPER
2026-07-16,192.0,194.0,190.0,191.3,-0.36,44003.0,8448320.7,-1,UPPER
2026-07-17,200.8,200.8,193.5,199.0,4.03,130802.0,25828650.7,-1,UPPER
2026-07-20,200.0,203.0,197.1,202.5,1.76,158748.0,31962120.6,1,UPPER
2026-07-21,202.5,203.9,200.2,200.5,-0.99,101133.0,20444032.6,-1,UPPER
2026-07-22,190.5,202.0,190.5,199.0,-0.75,110414.0,22004045.0,1,UPPER
2026-07-23,200.0,200.5,198.0,200.1,0.55,54695.0,10899658.3,1,UPPER
2026-07-24,200.0,201.0,199.3,200.2,0.05,85269.0,17071128.0,1,UPPER
2026-07-27,200.0,201.6,196.3,197.0,-1.6,106500.0,21223075.6,-1,UPPER
2026-07-28,198.9,198.9,195.1,195.5,-0.76,56333.0,11063432.7,-1,UPPER
2026-07-29,197.7,198.0,195.1,195.4,-0.05,48699.0,9552666.4,-1,UPPER
2026-07-30,196.0,197.8,193.5,194.0,-0.72,48682.0,9488543.5,-1,UPPER
2026-07-31,194.0,196.0,193.0,195.5,0.77,73985.0,14379602.7,1,UPPER
2026-08-03,199.0,200.0,195.0,195.1,-0.2,52674.0,10319337.6,-1,UPPER
2026-08-04,200.0,200.0,194.0,194.1,-0.51,39751.0,7747702.4,-1,UPPER
2026-08-05,194.0,195.5,192.3,195.0,0.46,54697.0,10642740.5,1,UPPER
2026-08-06,197.0,197.0,194.0,194.1,-0.46,47333.0,9217479.7,-1,UPPER
2026-08-07,194.0,196.0,190.1,192.0,-1.08,96273.0,18529334.1,-1,UPPER
2026-08-10,192.0,194.9,190.9,191.8,-0.1,43154.0,8277450.7,-1,UPPER
2026-08-11,191.8,193.9,191.0,192.0,0.1,64653.0,12406244.0,1,UPPER
2026-08-12,192.0,193.0,190.1,191.5,-0.26,47254.0,9052925.9,-1,UPPER
2026-07-13,480.0,485.0,480.0,481.0,-0.46,10014.0,4827319.9,1,USHEC
2026-07-14,476.0,484.0,471.1,484.0,0.62,3552.0,1693995.9,1,USHEC
2026-07-15,483.0,488.0,480.0,485.0,0.21,2546.0,1235426.0,1,USHEC
2026-07-16,483.1,489.0,483.1,489.0,0.82,2081.0,1006244.8,1,USHEC
2026-07-17,482.2,501.7,482.2,501.7,2.6,3542.0,1753583.0,1,USHEC
2026-07-20,501.0,504.0,494.0,500.1,-0.32,8723.0,4358986.0,-1,USHEC
2026-07-21,502.0,514.0,496.0,506.0,1.18,13653.0,6916344.5,1,USHEC
2026-07-22,500.0,500.0,492.0,495.2,-2.13,5757.0,2861317.0,-1,USHEC
2026-07-23,487.5,500.0,487.5,493.5,-0.34,2945.0,1462723.5,1,USHEC
2026-07-24,493.0,500.0,493.0,495.5,0.41,1594.0,792929.3,1,USHEC
2026-07-27,495.0,500.0,495.0,496.6,0.22,3925.0,1951534.5,1,USHEC
2026-07-28,496.0,496.0,486.2,491.2,-1.09,6608.0,3259135.1,-1,USHEC
2026-07-29,486.0,495.0,486.0,491.0,-0.04,3861.0,1888602.6,1,USHEC
2026-07-30,485.0,497.9,485.0,492.0,0.2,7284.0,3596071.5,1,USHEC
2026-07-31,490.0,497.0,490.0,492.0,0.0,4347.0,2142045.4,1,USHEC
2026-08-03,492.1,501.0,492.0,498.0,1.22,12218.0,6088341.1,1,USHEC
2026-08-04,495.2,503.0,495.2,495.5,-0.5,6649.0,3317026.6,1,USHEC
2026-08-05,491.0,500.0,491.0,495.7,0.04,3346.0,1662835.9,1,USHEC
2026-08-06,493.0,500.0,493.0,496.1,0.08,2247.0,1112716.3,1,USHEC
2026-08-07,497.0,501.9,492.2,497.0,0.18,6636.0,3309562.8,0,USHEC
2026-08-10,490.0,497.0,488.0,497.0,0.0,7383.0,3627946.8,1,USHEC
2026-08-11,486.4,502.0,486.3,497.9,0.18,4333.0,2149891.8,1,USHEC
2026-08-12,497.1,502.0,494.0,494.0,-0.78,10090.0,4997788.0,-1,USHEC
2026-07-13,517.6,517.6,472.6,480.0,-2.64,950.0,457558.6,-1,USHL
2026-07-14,504.0,504.0,468.1,487.1,1.48,6905.0,3370064.1,-1,USHL
2026-07-15,511.4,511.4,468.3,492.3,1.07,1342.0,660443.1,-1,USHL
2026-07-16,516.0,516.0,494.0,494.0,0.35,3800.0,1895311.5,-1,USHL
2026-07-17,518.7,518.7,500.0,515.0,4.25,3832.0,1959299.3,-1,USHL
2026-07-20,540.0,540.0,515.0,540.0,4.85,4097.0,2181254.7,0,USHL
2026-07-21,567.0,567.0,528.8,540.8,0.15,8194.0,4459321.3,-1,USHL
2026-07-22,514.0,554.2,514.0,550.0,1.7,2309.0,1251107.1,1,USHL
2026-07-23,577.0,577.0,538.5,550.0,0.0,2354.0,1281595.6,-1,USHL
2026-07-24,565.0,565.0,548.1,559.0,1.64,2854.0,1590583.3,-1,USHL
2026-07-27,550.0,565.0,540.3,540.3,-3.35,1440.0,792701.6,-1,USHL
2026-07-28,567.3,567.3,538.0,550.0,1.8,2929.0,1584620.1,-1,USHL
2026-07-29,545.1,550.0,540.0,543.0,-1.27,1136.0,616924.5,-1,USHL
2026-07-30,570.0,570.0,536.5,543.0,0.0,2165.0,1172536.1,-1,USHL
2026-07-31,570.1,570.1,526.3,544.3,0.24,1246.0,672294.1,-1,USHL
2026-08-03,571.5,571.5,530.9,544.0,-0.06,946.0,509219.7,-1,USHL
2026-08-04,545.0,554.9,523.0,540.0,-0.74,3008.0,1600491.6,-1,USHL
2026-08-05,567.0,567.0,519.1,539.0,-0.19,1703.0,905163.0,-1,USHL
2026-08-06,565.9,565.9,528.0,539.0,0.0,675.0,362111.2,-1,USHL
2026-08-07,525.4,550.0,525.2,538.9,-0.02,1505.0,803813.2,1,USHL
2026-08-10,565.8,565.8,535.1,544.9,1.11,1586.0,855050.4,-1,USHL
2026-08-11,523.0,555.0,523.0,535.0,-1.82,1518.0,812331.0,1,USHL
2026-08-12,509.0,551.8,509.0,530.0,-0.93,2798.0,1500423.0,1,USHL
2026-07-13,1152.3,1185.9,1140.0,1169.0,0.0,914.0,1053709.6,1,USLB
2026-07-14,1140.0,1170.0,1105.8,1141.6,-2.34,989.0,1114432.6,1,USLB
2026-07-15,1169.0,1169.0,1142.0,1142.0,0.04,281.0,322793.5,-1,USLB
2026-07-16,1163.0,1163.0,1125.6,1125.6,-1.44,804.0,915686.6,-1,USLB
2026-07-17,1159.0,1220.0,1159.0,1220.0,8.39,1411.0,1667042.5,1,USLB
2026-07-20,1220.1,1250.0,1220.1,1229.0,0.74,657.0,813940.9,1,USLB
2026-07-21,1205.1,1230.0,1170.0,1205.0,-1.95,2368.0,2857421.2,-1,USLB
2026-07-22,1200.0,1219.8,1200.0,1210.0,0.41,179.0,215257.0,1,USLB
2026-07-23,1210.1,1212.0,1175.4,1200.0,-0.83,673.0,802567.8,-1,USLB
2026-07-24,1209.0,1236.0,1175.0,1181.0,-1.58,3770.0,4509196.2,-1,USLB
2026-07-27,1181.0,1188.0,1170.0,1170.0,-0.93,1859.0,2194269.0,-1,USLB
2026-07-28,1182.0,1189.0,1156.0,1178.7,0.74,117.0,136791.0,-1,USLB
2026-07-29,1179.5,1188.2,1161.0,1182.0,0.28,281.0,330483.5,1,USLB
2026-07-30,1152.1,1184.0,1152.1,1152.3,-2.51,962.0,1116226.9,1,USLB
2026-07-31,1150.0,1156.0,1135.0,1135.0,-1.5,2288.0,2625228.9,-1,USLB
2026-08-03,1135.0,1160.0,1135.0,1159.9,2.19,1423.0,1622626.0,1,USLB
2026-08-04,1135.0,1158.0,1135.0,1149.5,-0.9,223.0,255285.0,1,USLB
2026-08-05,1149.5,1149.5,1120.0,1127.0,-1.96,1218.0,1373463.0,-1,USLB
2026-08-06,1116.0,1139.0,1116.0,1138.7,1.04,432.0,489163.0,1,USLB
2026-08-07,1125.0,1143.9,1118.0,1125.0,-1.2,1018.0,1143982.3,0,USLB
2026-08-10,1128.0,1130.0,1122.0,1123.0,-0.18,429.0,483284.0,-1,USLB
2026-08-11,1116.0,1122.0,1110.0,1120.0,-0.27,1287.0,1436156.0,1,USLB
2026-08-12,1105.0,1120.0,1105.0,1115.0,-0.45,549.0,611607.0,1,USLB
2026-07-13,666.1,666.1,652.0,657.1,-1.35,1860.0,1225199.4,-1,VLBS
2026-07-14,650.2,657.0,640.0,645.0,-1.84,4691.0,3050623.2,-1,VLBS
2026-07-15,651.2,662.0,647.0,652.0,1.09,752.0,491165.4,1,VLBS
2026-07-16,652.0,665.2,650.0,650.0,-0.31,2590.0,1698222.4,-1,VLBS
2026-07-17,650.0,680.0,650.0,680.0,4.62,2096.0,1413040.0,1,VLBS
2026-07-20,680.0,699.5,665.0,692.0,1.76,1900.0,1304987.0,1,VLBS
2026-07-21,703.0,703.0,671.5,692.0,0.0,2949.0,2021995.2,-1,VLBS
2026-07-22,672.0,690.0,672.0,684.3,-1.11,3007.0,2052769.9,1,VLBS
2026-07-23,670.1,692.0,670.1,685.0,0.1,992.0,675551.0,1,VLBS
2026-07-24,672.0,712.8,672.0,706.0,3.07,5121.0,3595854.2,1,VLBS
2026-07-27,686.0,700.0,684.8,686.0,-2.83,3398.0,2346866.8,0,VLBS
2026-07-28,670.3,682.0,670.3,680.0,-0.87,1138.0,770401.0,1,VLBS
2026-07-29,670.0,689.0,670.0,683.0,0.44,683.0,464217.4,1,VLBS
2026-07-30,670.2,679.9,670.2,671.0,-1.76,684.0,460767.0,1,VLBS
2026-07-31,667.0,680.0,667.0,670.0,-0.15,961.0,646110.4,1,VLBS
2026-08-03,670.0,679.0,667.4,670.3,0.04,1400.0,939337.3,1,VLBS
2026-08-04,668.0,688.2,665.0,665.0,-0.79,3784.0,2538558.9,-1,VLBS
2026-08-05,660.0,679.0,660.0,666.0,0.15,910.0,608618.8,1,VLBS
2026-08-06,666.0,685.9,660.1,665.0,-0.15,1848.0,1229122.3,-1,VLBS
2026-08-07,655.0,666.0,651.5,666.0,0.15,1433.0,946389.7,1,VLBS
2026-08-10,655.0,668.0,655.0,661.0,-0.75,1244.0,823873.1,1,VLBS
2026-08-11,655.1,663.0,655.1,663.0,0.3,1492.0,986402.2,1,VLBS
2026-08-12,650.1,665.0,650.1,662.0,-0.15,1494.0,983218.2,1,VLBS
2026-07-13,429.0,429.0,424.0,424.0,-1.17,2129.0,906825.0,-1,VLUCL
2026-07-14,420.1,435.0,420.0,429.5,1.3,2184.0,928004.0,1,VLUCL
2026-07-15,422.1,440.0,412.0,431.9,0.56,3992.0,1686129.5,1,VLUCL
2026-07-16,422.1,430.0,421.0,428.0,-0.9,1680.0,713863.0,1,VLUCL
2026-07-17,436.0,445.0,430.0,444.0,3.74,3539.0,1549856.0,1,VLUCL
2026-07-20,443.0,457.3,440.0,452.5,1.91,3180.0,1422074.5,1,VLUCL
2026-07-21,445.0,474.0,440.0,469.0,3.65,9872.0,4527331.7,1,VLUCL
2026-07-22,469.0,469.0,452.0,460.0,-1.92,2349.0,1070433.0,-1,VLUCL
2026-07-23,460.0,460.0,448.0,460.0,0.0,3640.0,1652361.0,0,VLUCL
2026-07-24,458.0,460.0,450.0,452.0,-1.74,1250.0,567174.0,-1,VLUCL
2026-07-27,470.0,470.0,440.0,446.0,-1.33,1857.0,835653.0,-1,VLUCL
2026-07-28,434.1,457.0,434.1,440.0,-1.35,1907.0,831479.5,1,VLUCL
2026-07-29,427.0,442.0,427.0,434.9,-1.16,1378.0,596888.0,1,VLUCL
2026-07-30,426.2,438.0,426.2,438.0,0.71,1238.0,529658.0,1,VLUCL
2026-07-31,428.1,430.0,417.0,429.0,-2.05,9513.0,4015380.0,1,VLUCL
2026-08-03,440.0,440.0,422.3,429.0,0.0,2760.0,1171414.0,-1,VLUCL
2026-08-04,419.0,424.0,413.1,422.0,-1.63,5444.0,2279092.0,1,VLUCL
2026-08-05,412.2,425.0,412.2,417.0,-1.18,3234.0,1356148.0,1,VLUCL
2026-08-06,415.1,420.0,413.3,419.0,0.48,874.0,363452.0,1,VLUCL
2026-08-07,412.4,420.0,412.1,420.0,0.24,5158.0,2136214.5,1,VLUCL
2026-08-10,420.0,420.0,409.0,415.0,-1.19,6412.0,2634823.0,-1,VLUCL
2026-08-11,435.7,435.7,410.1,411.2,-0.92,2901.0,1203964.1,-1,VLUCL
2026-08-12,411.0,415.0,411.0,414.9,0.9,1575.0,649717.8,1,VLUCL
2026-07-13,1320.0,1358.0,1320.0,1340.0,0.37,181.0,243092.5,1,WNLB
2026-07-14,1300.3,1358.0,1300.2,1358.0,1.34,105.0,139803.4,1,WNLB
2026-07-15,1321.0,1380.0,1321.0,1380.0,1.62,175.0,236616.1,1,WNLB
2026-07-16,1395.0,1410.0,1350.1,1350.1,-2.17,610.0,847360.7,-1,WNLB
2026-07-17,1350.0,1390.5,1350.0,1381.0,2.29,281.0,388836.4,1,WNLB
2026-07-20,1360.0,1399.0,1350.6,1370.0,-0.8,343.0,473120.6,1,WNLB
2026-07-21,1380.0,1405.0,1370.0,1378.1,0.59,965.0,1333509.9,-1,WNLB
2026-07-22,1369.0,1369.0,1368.0,1368.0,-0.73,154.0,210723.0,-1,WNLB
2026-07-23,1332.0,1408.0,1327.0,1368.0,0.0,529.0,723846.0,1,WNLB
2026-07-24,1398.0,1400.0,1370.0,1374.0,0.44,357.0,495575.0,-1,WNLB
2026-07-27,1405.0,1415.0,1361.0,1361.0,-0.95,533.0,748679.0,-1,WNLB
2026-07-28,1363.0,1390.0,1350.0,1352.7,-0.61,345.0,469193.3,-1,WNLB
2026-07-29,1353.1,1355.0,1353.0,1354.0,0.1,137.0,185485.0,1,WNLB
2026-07-30,1339.0,1348.0,1330.1,1348.0,-0.44,149.0,198661.5,1,WNLB
2026-07-31,1315.2,1345.0,1315.2,1345.0,-0.22,122.0,161750.1,1,WNLB
2026-08-03,1350.0,1355.0,1346.0,1355.0,0.74,337.0,455406.0,1,WNLB
2026-08-04,1330.0,1360.0,1328.0,1340.0,-1.11,477.0,635427.0,1,WNLB
2026-08-05,1333.1,1340.0,1332.1,1340.0,0.0,163.0,217503.3,1,WNLB
2026-08-06,1323.6,1335.0,1323.6,1335.0,-0.37,49.0,65087.0,1,WNLB
2026-08-07,1326.0,1375.0,1326.0,1351.0,1.2,166.0,223588.0,1,WNLB
2026-08-10,1351.0,1355.0,1330.0,1332.0,-1.41,139.0,186273.0,-1,WNLB
2026-08-11,1370.0,1449.0,1355.0,1355.0,1.73,258.0,355076.0,-1,WNLB
2026-08-12,1355.0,1355.0,1315.0,1315.0,-2.95,255.0,337243.0,-1,WNLB
2026-07-13,584.0,584.0,555.2,556.1,-4.78,16850.0,9475791.5,-1,YMHL
2026-07-14,555.0,567.0,545.0,555.0,-0.2,19747.0,10976316.0,0,YMHL
2026-07-15,555.0,568.0,552.0,558.0,0.54,15696.0,8786150.4,1,YMHL
2026-07-16,546.1,566.0,546.1,556.0,-0.36,17544.0,9736965.0,1,YMHL
2026-07-17,550.0,592.0,550.0,588.1,5.77,22304.0,12897314.3,1,YMHL
2026-07-20,588.0,623.0,576.0,623.0,5.93,31396.0,19017639.6,1,YMHL
2026-07-21,623.0,667.0,612.0,630.0,1.12,46790.0,29985739.0,1,YMHL
2026-07-22,602.7,650.0,602.7,633.3,0.52,33068.0,21138226.5,1,YMHL
2026-07-23,620.3,665.0,616.9,660.0,4.22,42420.0,27235617.3,1,YMHL
2026-07-24,693.0,693.0,643.2,655.0,-0.76,40127.0,26608401.7,-1,YMHL
2026-07-27,640.1,660.0,606.1,615.0,-6.11,39992.0,25262205.8,-1,YMHL
2026-07-28,645.7,649.8,593.1,642.0,4.39,56073.0,35554652.5,-1,YMHL
2026-07-29,637.8,665.0,637.8,650.0,1.25,50496.0,32924734.1,1,YMHL
2026-07-30,640.4,661.0,630.1,645.0,-0.77,35977.0,23152678.7,1,YMHL
2026-07-31,630.2,654.7,622.3,644.0,-0.16,28063.0,17970606.2,1,YMHL
2026-08-03,644.0,655.0,630.0,636.1,-1.23,31529.0,20231016.1,-1,YMHL
2026-08-04,627.1,635.0,615.0,617.0,-3.0,24091.0,14991071.0,-1,YMHL
2026-08-05,602.0,650.0,602.0,639.6,3.66,21179.0,13237842.2,1,YMHL
2026-08-06,639.6,670.0,617.1,639.7,0.02,47920.0,30576902.1,1,YMHL
2026-08-07,639.7,649.0,615.0,621.8,-2.8,26605.0,16607085.0,-1,YMHL
2026-08-10,620.0,639.0,612.1,624.0,0.35,17066.0,10650717.1,1,YMHL
2026-08-11,620.0,634.8,617.5,625.0,0.16,18870.0,11756917.9,1,YMHL
2026-08-12,612.0,630.0,612.0,626.0,0.16,22832.0,14263977.9,1,YMHL
