published_date,number_of_stocks,total_quantity,total_turnover
1995-07-20,1,560.0,0.0
1995-07-26,1,150.0,0.0
1995-07-30,1,200.0,0.0
1995-08-02,1,18.0,0.0
1995-08-06,1,40.0,0.0
1995-08-08,1,110.0,0.0
1995-08-20,1,23.0,0.0
1995-08-24,1,200.0,0.0
1995-09-11,1,36.0,0.0
1995-09-17,1,18.0,0.0
1995-09-19,1,346.0,0.0
1995-09-27,1,38.0,0.0
1995-10-16,1,18.0,0.0
1995-10-31,1,210.0,0.0
1995-11-02,1,40.0,0.0
1995-11-05,1,28.0,0.0
1995-11-12,1,160.0,0.0
1995-11-16,1,80.0,0.0
1995-11-20,1,30.0,0.0
1995-11-23,1,10.0,0.0
1995-11-27,1,30.0,0.0
1995-12-04,1,500.0,0.0
1995-12-05,1,162.0,0.0
1995-12-06,1,62.0,0.0
1995-12-07,1,130.0,0.0
1995-12-12,1,200.0,0.0
1995-12-17,1,10.0,0.0
1995-12-24,1,10.0,0.0
1995-12-25,1,100.0,0.0
1996-01-04,1,100.0,0.0
1996-01-18,1,20.0,0.0
1996-01-23,1,50.0,0.0
1996-02-05,1,28.0,0.0
1996-02-12,1,146.0,0.0
1996-02-13,1,500.0,0.0
1996-02-18,1,76.0,0.0
1996-02-21,1,90.0,0.0
1996-02-25,1,45.0,0.0
1996-02-28,1,100.0,0.0
1996-03-03,1,80.0,0.0
1996-04-02,1,45.0,0.0
1996-04-23,1,58.0,0.0
1996-05-20,1,120.0,0.0
1996-05-29,1,100.0,0.0
1996-07-04,1,90.0,0.0
1996-07-07,1,10.0,0.0
1996-07-08,1,456.0,0.0
1996-07-09,1,17.0,0.0
1996-07-25,1,10.0,0.0
1996-07-28,1,72.0,0.0
1996-07-30,1,150.0,0.0
1996-08-07,1,364.0,0.0
1996-08-11,1,60.0,0.0
1996-08-13,1,71.0,0.0
1996-08-20,1,50.0,0.0
1996-08-25,1,35.0,0.0
1996-09-02,1,500.0,0.0
1996-09-05,1,126.0,0.0
1996-09-09,1,10.0,0.0
1996-09-12,1,20.0,0.0
1996-09-15,1,100.0,0.0
1996-09-23,1,52.0,0.0
1996-09-24,1,120.0,0.0
1996-09-29,1,60.0,0.0
1996-10-14,1,30.0,0.0
1996-10-15,1,36.0,0.0
1996-10-27,1,28.0,0.0
1996-11-18,1,404.0,0.0
1996-11-19,1,213.0,0.0
1996-11-21,1,270.0,0.0
1996-12-15,1,85.0,0.0
1996-12-26,1,24.0,0.0
1997-01-12,1,157.0,0.0
1997-02-02,1,500.0,0.0
1997-02-17,1,547.0,0.0
1997-02-24,1,242.0,0.0
1997-02-25,1,66.0,0.0
1997-02-26,1,304.0,0.0
1997-05-04,1,36.0,0.0
1997-06-03,1,44.0,0.0
1997-06-05,1,12.0,0.0
1997-06-23,1,150.0,0.0
1997-06-30,1,15.0,0.0
1997-07-02,1,40.0,0.0
1997-07-28,1,24.0,0.0
1997-07-30,1,76.0,0.0
1997-07-31,1,43.0,0.0
1997-08-05,1,100.0,0.0
1997-08-28,1,118.0,0.0
1997-09-08,1,11.0,0.0
1997-09-14,1,40.0,0.0
1997-09-16,1,63.0,0.0
1997-09-17,1,100.0,0.0
1997-09-18,1,307.0,0.0
1997-09-22,1,43.0,0.0
1997-09-24,1,140.0,0.0
1997-10-01,1,133.0,0.0
1997-10-05,1,20.0,0.0
1997-10-22,1,110.0,0.0
1997-10-23,1,18.0,0.0
1997-10-26,1,200.0,0.0
1997-10-27,1,262.0,0.0
1997-10-28,1,170.0,0.0
1997-10-29,1,26.0,0.0
1997-11-04,1,59.0,0.0
1997-11-09,1,233.0,0.0
1997-11-10,1,157.0,0.0
1997-11-18,1,26.0,0.0
1997-11-30,1,212.0,0.0
1997-12-03,1,100.0,0.0
1997-12-09,1,518.0,0.0
1997-12-11,1,71.0,0.0
1997-12-15,1,52.0,0.0
1997-12-16,1,100.0,0.0
1998-02-11,1,60.0,0.0
1998-02-15,1,99.0,0.0
1998-02-17,1,25.0,0.0
1998-02-22,1,100.0,0.0
1998-02-26,1,120.0,0.0
1998-03-03,1,75.0,0.0
1998-03-05,1,105.0,0.0
1998-03-08,1,35.0,0.0
1998-03-09,1,125.0,0.0
1998-03-11,1,82.0,0.0
1998-03-16,1,18.0,0.0
1998-03-23,1,86.0,0.0
1998-03-24,1,15.0,0.0
1998-03-26,1,154.0,0.0
1998-03-30,1,100.0,0.0
1998-03-31,1,185.0,0.0
1998-04-01,1,100.0,0.0
1998-04-02,1,471.0,0.0
1998-04-09,1,37.0,0.0
1998-04-16,1,200.0,0.0
1998-05-03,1,18.0,0.0
1998-05-04,1,230.0,0.0
1998-05-05,1,30.0,0.0
1998-05-13,1,50.0,0.0
1998-05-26,1,175.0,0.0
1998-05-27,1,440.0,0.0
1998-06-02,1,137.0,0.0
1998-06-10,1,46.0,0.0
1998-06-18,1,250.0,0.0
1998-06-19,1,250.0,0.0
1998-06-23,1,282.0,0.0
1998-07-07,1,139.0,0.0
1998-07-08,1,30.0,0.0
1998-07-12,1,100.0,0.0
1998-07-21,1,33.0,0.0
1998-07-22,1,220.0,0.0
1998-08-13,1,25.0,0.0
1998-08-18,1,30.0,0.0
1998-08-26,1,25.0,0.0
1998-09-10,1,125.0,0.0
1998-09-17,1,50.0,0.0
1998-09-24,1,120.0,0.0
1998-11-08,1,433.0,0.0
1998-12-15,1,100.0,0.0
1998-12-16,1,72.0,0.0
1998-12-20,1,200.0,0.0
1998-12-27,1,10.0,0.0
1998-12-31,1,25.0,0.0
1999-01-10,1,192.0,0.0
1999-01-12,1,18.0,0.0
1999-01-27,1,195.0,0.0
1999-02-02,1,138.0,0.0
1999-02-15,1,15.0,0.0
1999-02-22,1,250.0,0.0
1999-02-24,1,20.0,0.0
1999-02-25,1,53.0,0.0
1999-03-03,1,100.0,0.0
1999-03-30,1,265.0,0.0
1999-04-06,1,150.0,0.0
1999-04-08,1,47.0,0.0
1999-04-18,1,136.0,0.0
1999-04-21,1,15.0,0.0
1999-04-28,1,26.0,0.0
1999-05-06,1,500.0,0.0
1999-05-12,1,475.0,0.0
1999-05-17,1,101.0,0.0
1999-05-18,1,35.0,0.0
1999-05-19,1,146.0,0.0
1999-05-30,1,48.0,0.0
1999-06-03,1,106.0,0.0
1999-06-20,1,15.0,0.0
1999-07-01,1,130.0,0.0
1999-08-04,1,413.0,0.0
1999-08-15,1,125.0,0.0
1999-08-24,1,126.0,0.0
1999-08-30,1,300.0,0.0
1999-09-03,1,47.0,0.0
1999-09-06,1,175.0,0.0
1999-09-08,1,30.0,0.0
1999-09-09,1,345.0,0.0
1999-09-16,1,100.0,0.0
1999-09-20,1,98.0,0.0
1999-09-22,1,116.0,0.0
1999-10-14,1,162.0,0.0
1999-10-29,1,117.0,0.0
1999-11-16,1,61.0,0.0
1999-11-17,1,100.0,0.0
1999-11-18,1,50.0,0.0
1999-11-19,1,194.0,0.0
1999-11-24,1,159.0,0.0
1999-11-29,1,113.0,0.0
1999-12-02,1,680.0,0.0
1999-12-07,1,95.0,0.0
1999-12-15,1,15.0,0.0
1999-12-16,1,113.0,0.0
1999-12-17,1,125.0,0.0
1999-12-27,1,60.0,0.0
2000-01-17,1,113.0,0.0
2000-01-21,1,500.0,0.0
2000-03-01,1,200.0,0.0
2000-03-10,1,20.0,0.0
2000-03-14,1,100.0,0.0
2000-03-15,1,39.0,0.0
2000-03-22,1,100.0,0.0
2000-03-24,1,100.0,0.0
2000-04-10,1,32.0,0.0
2000-04-18,1,29.0,0.0
2000-04-26,1,38.0,0.0
2000-06-19,1,588.0,0.0
2000-07-13,1,200.0,0.0
2000-07-14,1,100.0,0.0
2000-07-17,1,120.0,0.0
2000-07-25,1,181.0,0.0
2000-08-25,1,50.0,0.0
2000-08-28,1,60.0,0.0
2000-09-01,1,56.0,0.0
2000-09-04,1,54.0,0.0
2000-09-15,1,60.0,0.0
2000-09-20,1,20.0,0.0
2000-10-20,1,18.0,0.0
2000-10-24,1,200.0,0.0
2000-10-25,1,22.0,0.0
2000-11-09,1,40.0,0.0
2000-12-01,1,104.0,0.0
2000-12-04,1,10.0,0.0
2000-12-11,1,600.0,0.0
2001-03-28,1,15.0,0.0
2001-05-10,1,500.0,0.0
2001-06-15,1,100.0,0.0
2001-07-26,1,20.0,0.0
2001-08-14,1,200.0,0.0
2001-08-29,1,100.0,0.0
2001-09-11,1,78.0,0.0
2001-09-13,1,50.0,0.0
2001-09-28,1,950.0,0.0
2001-10-12,1,84.0,0.0
2001-10-18,1,503.0,0.0
2001-10-22,1,50.0,0.0
2001-11-01,1,120.0,0.0
2001-11-12,1,150.0,0.0
2002-03-01,1,100.0,0.0
2002-07-11,1,100.0,0.0
2002-07-22,1,865.0,0.0
2002-07-24,1,195.0,0.0
2002-08-15,1,30.0,0.0
2002-10-11,1,1000.0,0.0
2002-11-19,1,120.0,0.0
2002-11-21,1,116.0,0.0
2002-11-25,1,39.0,0.0
2002-12-02,1,180.0,0.0
2002-12-04,1,410.0,0.0
2002-12-05,1,455.0,0.0
2002-12-06,1,47.0,0.0
2002-12-09,1,16.0,0.0
2002-12-27,1,180.0,0.0
2003-01-15,1,100.0,0.0
2003-03-25,1,100.0,0.0
2003-04-18,1,25.0,0.0
2003-04-30,1,53.0,0.0
2003-05-15,1,26.0,0.0
2003-05-20,1,44.0,0.0
2003-05-21,1,200.0,0.0
2003-05-22,1,200.0,0.0
2003-06-05,1,100.0,0.0
2003-06-06,1,90.0,0.0
2003-06-09,1,200.0,0.0
2003-06-13,1,30.0,0.0
2003-06-18,2,91.0,0.0
2003-06-19,1,760.0,0.0
2003-06-20,1,100.0,0.0
2003-06-23,1,50.0,0.0
2003-06-24,1,480.0,0.0
2003-06-25,1,170.0,0.0
2003-06-27,1,90.0,0.0
2003-06-30,1,310.0,0.0
2003-07-01,1,200.0,0.0
2003-07-02,1,80.0,0.0
2003-07-03,1,50.0,0.0
2003-07-08,1,290.0,0.0
2003-07-10,1,20.0,0.0
2003-07-11,1,120.0,0.0
2003-07-14,2,160.0,0.0
2003-07-23,1,120.0,0.0
2003-07-24,1,120.0,0.0
2003-07-25,1,22.0,0.0
2003-07-28,2,875.0,0.0
2003-07-30,1,20.0,0.0
2003-07-31,1,50.0,0.0
2003-08-01,2,110.0,0.0
2003-08-04,1,50.0,0.0
2003-08-07,1,600.0,0.0
2003-08-08,1,210.0,0.0
2003-08-11,2,1023.0,0.0
2003-08-13,1,110.0,0.0
2003-08-14,1,370.0,0.0
2003-08-15,1,240.0,0.0
2003-09-01,1,15.0,0.0
2003-09-05,1,120.0,0.0
2003-09-12,1,200.0,0.0
2003-09-16,1,10.0,0.0
2003-09-17,1,20.0,0.0
2003-09-18,1,20.0,0.0
2003-09-19,1,70.0,0.0
2003-09-22,2,527.0,0.0
2003-09-23,1,700.0,0.0
2003-09-24,1,1600.0,0.0
2003-09-25,1,420.0,0.0
2003-09-26,1,220.0,0.0
2003-09-29,1,1059.0,0.0
2003-09-30,1,30.0,0.0
2003-10-08,1,10.0,0.0
2003-10-15,1,100.0,0.0
2003-10-16,2,6500.0,0.0
2003-10-17,1,3020.0,0.0
2003-10-20,1,50.0,0.0
2003-10-21,1,460.0,0.0
2003-10-22,1,432.0,0.0
2003-10-28,1,20.0,0.0
2003-10-30,1,500.0,0.0
2003-10-31,1,20.0,0.0
2003-11-04,1,10.0,0.0
2003-11-05,1,70.0,0.0
2003-11-06,1,500.0,0.0
2003-11-10,1,40.0,0.0
2003-11-12,1,190.0,0.0
2003-11-14,1,250.0,0.0
2003-11-17,1,70.0,0.0
2003-11-19,1,50.0,0.0
2003-11-24,1,100.0,0.0
2003-11-25,1,10.0,0.0
2003-11-28,1,10.0,0.0
2003-12-02,1,60.0,0.0
2003-12-04,1,50.0,0.0
2003-12-08,1,50.0,0.0
2003-12-09,1,340.0,0.0
2003-12-10,1,40.0,0.0
2003-12-11,1,100.0,0.0
2003-12-12,1,1600.0,0.0
2003-12-15,1,10.0,0.0
2003-12-18,2,80.0,0.0
2003-12-24,1,80.0,0.0
2003-12-25,1,10.0,0.0
2003-12-26,1,110.0,0.0
2003-12-29,1,200.0,0.0
2003-12-30,2,1635.0,0.0
2004-01-07,1,500.0,0.0
2004-01-22,1,10.0,0.0
2004-03-01,1,10.0,0.0
2004-03-16,1,280.0,0.0
2004-03-19,1,500.0,0.0
2004-03-22,1,350.0,0.0
2004-04-02,1,200.0,0.0
2004-04-06,1,10.0,0.0
2004-04-09,1,10.0,0.0
2004-04-12,1,10.0,0.0
2004-04-19,2,410.0,0.0
2004-04-22,1,500.0,0.0
2004-04-27,1,500.0,0.0
2004-05-03,1,10.0,0.0
2004-05-19,1,30.0,0.0
2004-05-20,1,151.0,0.0
2004-05-26,1,50.0,0.0
2004-05-27,1,2300.0,0.0
2004-05-28,1,3000.0,0.0
2004-05-31,1,2000.0,0.0
2004-06-02,1,170.0,0.0
2004-06-03,2,1590.0,0.0
2004-06-07,1,30.0,0.0
2004-06-15,1,200.0,0.0
2004-06-16,1,210.0,0.0
2004-06-22,1,100.0,0.0
2004-06-24,1,100.0,0.0
2004-06-25,1,287.0,0.0
2004-06-28,2,120.0,0.0
2004-06-29,1,4820.0,0.0
2004-07-02,1,170.0,0.0
2004-07-05,1,50.0,0.0
2004-07-16,1,330.0,0.0
2004-07-20,1,1030.0,0.0
2004-07-21,1,20.0,0.0
2004-07-27,2,110.0,0.0
2004-08-04,1,163.0,0.0
2004-08-10,1,240.0,0.0
2004-08-18,1,20.0,0.0
2004-08-23,1,90.0,0.0
2004-08-24,1,170.0,0.0
2004-08-26,1,20.0,0.0
2004-08-27,1,100.0,0.0
2004-09-07,1,690.0,0.0
2004-09-09,2,820.0,0.0
2004-09-22,1,20.0,0.0
2004-09-23,1,50.0,0.0
2004-10-04,1,500.0,0.0
2004-10-05,1,51.0,0.0
2004-10-06,1,590.0,0.0
2004-10-07,1,110.0,0.0
2004-10-08,1,100.0,0.0
2004-10-13,1,250.0,0.0
2004-10-29,1,60.0,0.0
2004-11-03,1,90.0,0.0
2004-11-17,1,30.0,0.0
2004-11-18,1,70.0,0.0
2004-11-23,1,50.0,0.0
2004-11-26,2,240.0,0.0
2004-12-02,2,120.0,0.0
2004-12-06,1,110.0,0.0
2004-12-07,1,60.0,0.0
2004-12-08,1,10.0,0.0
2004-12-15,1,260.0,0.0
2004-12-17,1,200.0,0.0
2004-12-20,1,30.0,0.0
2004-12-24,1,150.0,0.0
2004-12-28,1,10.0,0.0
2004-12-29,1,870.0,0.0
2005-01-04,1,30.0,0.0
2005-01-06,1,100.0,0.0
2005-01-12,1,13.0,0.0
2005-01-20,1,4230.0,0.0
2005-01-21,1,70.0,0.0
2005-01-24,2,1290.0,0.0
2005-01-25,1,140.0,0.0
2005-01-26,2,760.0,0.0
2005-01-27,2,770.0,0.0
2005-01-28,2,1040.0,0.0
2005-01-31,1,10.0,0.0
2005-02-03,1,10.0,0.0
2005-02-04,1,50.0,0.0
2005-02-07,2,350.0,0.0
2005-02-08,1,10.0,0.0
2005-02-09,2,650.0,0.0
2005-02-10,2,690.0,0.0
2005-02-11,2,258.0,0.0
2005-02-14,1,1550.0,0.0
2005-02-15,1,510.0,0.0
2005-02-17,1,1170.0,0.0
2005-02-21,1,500.0,0.0
2005-02-23,1,2500.0,0.0
2005-02-24,1,1892.0,0.0
2005-02-25,1,600.0,0.0
2005-02-28,1,20.0,0.0
2005-03-03,2,362.0,0.0
2005-03-14,1,100.0,0.0
2005-03-15,1,50.0,0.0
2005-03-16,1,500.0,0.0
2005-03-17,1,613.0,0.0
2005-03-18,3,280.0,0.0
2005-03-24,1,50.0,0.0
2005-03-31,1,1030.0,0.0
2005-04-01,1,10000.0,0.0
2005-04-05,1,350.0,0.0
2005-04-06,2,865.0,0.0
2005-04-07,1,20.0,0.0
2005-04-08,1,10.0,0.0
2005-04-11,1,510.0,0.0
2005-04-12,2,30.0,0.0
2005-04-13,3,100.0,0.0
2005-04-18,2,132.0,0.0
2005-04-24,1,1000.0,0.0
2005-04-25,1,10.0,0.0
2005-04-26,1,1000.0,0.0
2005-05-01,1,110.0,0.0
2005-05-02,1,470.0,0.0
2005-05-09,1,488.0,0.0
2005-05-11,1,1000.0,0.0
2005-05-15,1,70.0,0.0
2005-05-17,1,40.0,0.0
2005-05-18,1,30.0,0.0
2005-05-19,2,60.0,0.0
2005-05-24,1,500.0,0.0
2005-05-25,1,450.0,0.0
2005-06-05,2,64.0,0.0
2005-06-06,1,48.0,0.0
2005-06-14,1,20.0,0.0
2005-06-15,1,80.0,0.0
2005-06-16,3,7220.0,0.0
2005-06-19,1,500.0,0.0
2005-06-20,1,1000.0,0.0
2005-06-21,2,560.0,0.0
2005-06-22,2,1010.0,0.0
2005-06-27,2,824.0,0.0
2005-06-28,1,500.0,0.0
2005-06-29,2,630.0,0.0
2005-06-30,2,700.0,0.0
2005-07-03,2,130.0,0.0
2005-07-05,1,200.0,0.0
2005-07-06,2,200.0,0.0
2005-07-10,2,19550.0,0.0
2005-07-11,1,116.0,0.0
2005-07-12,1,19420.0,0.0
2005-07-13,1,110.0,0.0
2005-07-14,2,6590.0,0.0
2005-07-17,2,344.0,0.0
2005-07-18,3,778.0,0.0
2005-07-24,1,60.0,0.0
2005-07-26,1,40.0,0.0
2005-07-27,1,500.0,0.0
2005-07-28,1,60.0,0.0
2005-07-31,1,500.0,0.0
2005-08-01,2,32.0,0.0
2005-08-07,1,500.0,0.0
2005-08-08,1,26.0,0.0
2005-08-09,3,432.0,0.0
2005-08-10,1,10.0,0.0
2005-08-14,1,96.0,0.0
2005-08-16,2,192.0,0.0
2005-08-18,1,12.0,0.0
2005-08-21,1,100.0,0.0
2005-08-22,2,270.0,0.0
2005-08-24,1,54.0,0.0
2005-08-28,1,50.0,0.0
2005-08-29,2,492.0,0.0
2005-08-30,1,500.0,0.0
2005-08-31,1,150.0,0.0
2005-09-01,3,2350.0,0.0
2005-09-05,2,212.0,0.0
2005-09-08,2,520.0,0.0
2005-09-11,2,178.0,0.0
2005-09-12,1,140.0,0.0
2005-09-15,1,200.0,0.0
2005-09-20,1,12.0,0.0
2005-09-21,2,154.0,0.0
2005-09-25,1,96.0,0.0
2005-09-26,2,304.0,0.0
2005-09-28,3,110.0,0.0
2005-10-02,1,500.0,0.0
2005-10-06,1,40.0,0.0
2005-10-09,1,47.0,0.0
2005-10-23,1,70.0,0.0
2005-10-26,1,310.0,0.0
2005-10-27,1,10.0,0.0
2005-11-08,1,144.0,0.0
2005-11-10,1,10.0,0.0
2005-11-13,1,24.0,0.0
2005-11-14,2,86.0,0.0
2005-11-15,2,40.0,0.0
2005-11-16,2,654.0,0.0
2005-11-21,2,62.0,0.0
2005-11-22,1,276.0,0.0
2005-11-24,1,512.0,0.0
2005-11-28,2,152.0,0.0
2005-11-29,2,2812.0,0.0
2005-12-07,1,26.0,0.0
2005-12-08,1,12.0,0.0
2005-12-11,1,636.0,0.0
2005-12-13,1,140.0,0.0
2005-12-14,1,600.0,0.0
2005-12-21,1,10.0,0.0
2005-12-22,1,60.0,0.0
2005-12-25,1,20.0,0.0
2005-12-27,2,62.0,0.0
2005-12-29,1,20.0,0.0
2006-01-01,1,12.0,0.0
2006-01-02,1,110.0,0.0
2006-01-03,1,580.0,0.0
2006-01-04,2,122.0,0.0
2006-01-05,1,20.0,0.0
2006-01-10,1,233.0,0.0
2006-01-12,1,54.0,0.0
2006-01-17,1,400.0,0.0
2006-01-22,1,462.0,0.0
2006-01-23,1,24.0,0.0
2006-01-25,3,2157.0,0.0
2006-02-02,2,1056.0,0.0
2006-02-05,2,380.0,0.0
2006-02-06,1,4.0,0.0
2006-02-09,3,885.0,0.0
2006-02-13,2,10894.0,0.0
2006-02-14,1,36.0,0.0
2006-02-16,2,1564.0,0.0
2006-02-20,2,275.0,0.0
2006-02-21,2,2170.0,0.0
2006-02-22,1,10.0,0.0
2006-02-23,1,10.0,0.0
2006-02-28,1,912.0,0.0
2006-03-01,1,214.0,0.0
2006-03-05,1,54.0,0.0
2006-03-06,1,10.0,0.0
2006-03-08,1,209.0,0.0
2006-03-12,1,1050.0,0.0
2006-03-16,1,500.0,0.0
2006-03-28,1,10.0,0.0
2006-03-30,1,373.0,0.0
2006-04-03,2,30.0,0.0
2006-04-17,1,43.0,0.0
2006-04-26,1,10.0,0.0
2006-04-30,1,10.0,0.0
2006-05-03,1,10.0,0.0
2006-05-16,1,50.0,0.0
2006-05-25,1,41.0,0.0
2006-05-30,1,240.0,0.0
2006-05-31,1,400.0,0.0
2006-06-01,1,60.0,0.0
2006-06-11,1,200.0,0.0
2006-06-13,2,260970.0,0.0
2006-06-14,2,101720.0,0.0
2006-06-15,3,2474.0,0.0
2006-06-18,2,1004.0,0.0
2006-06-20,1,3640.0,0.0
2006-06-21,1,16180.0,0.0
2006-06-22,1,11060.0,0.0
2006-06-23,2,640.0,0.0
2006-06-25,1,5450.0,0.0
2006-06-26,1,5200.0,0.0
2006-06-27,1,13280.0,0.0
2006-06-28,2,6370.0,0.0
2006-06-29,3,3954.0,0.0
2006-07-02,2,3530.0,0.0
2006-07-03,1,450.0,0.0
2006-07-04,1,9550.0,0.0
2006-07-05,2,4691.0,0.0
2006-07-06,1,2580.0,0.0
2006-07-09,3,833.0,0.0
2006-07-10,2,3190.0,0.0
2006-07-12,1,1230.0,0.0
2006-07-13,1,4620.0,0.0
2006-07-16,1,350.0,0.0
2006-07-17,1,2550.0,0.0
2006-07-18,2,1990.0,0.0
2006-07-19,2,9670.0,0.0
2006-07-20,2,5106.0,0.0
2006-07-23,1,96.0,0.0
2006-07-24,1,1970.0,0.0
2006-07-25,2,9574.0,0.0
2006-07-26,1,940.0,0.0
2006-07-27,1,11770.0,0.0
2006-07-30,1,14400.0,0.0
2006-07-31,1,2400.0,0.0
2006-08-01,1,11730.0,0.0
2006-08-02,1,240.0,0.0
2006-08-03,3,1172.0,0.0
2006-08-06,1,1670.0,0.0
2006-08-07,2,560.0,0.0
2006-08-08,1,7580.0,0.0
2006-08-14,1,1050.0,0.0
2006-08-15,2,828.0,0.0
2006-08-17,3,1449.0,0.0
2006-08-20,1,4700.0,0.0
2006-08-21,1,1150.0,0.0
2006-08-22,1,280.0,0.0
2006-08-24,2,830.0,0.0
2006-08-27,2,752.0,0.0
2006-08-28,2,4446.0,0.0
2006-08-29,1,530.0,0.0
2006-08-30,2,2836.0,0.0
2006-08-31,2,180.0,0.0
2006-09-03,2,1802.0,0.0
2006-09-04,2,98.0,0.0
2006-09-05,1,1800.0,0.0
2006-09-07,2,2660.0,0.0
2006-09-09,2,17248.0,0.0
2006-09-10,3,1788.0,0.0
2006-09-11,3,2167.0,0.0
2006-09-12,3,2787.0,0.0
2006-09-13,2,317.0,0.0
2006-09-14,3,9732.0,0.0
2006-09-18,2,2066.0,0.0
2006-09-19,1,593.0,0.0
2006-09-20,2,584.0,0.0
2006-09-21,1,5070.0,0.0
2006-09-24,1,2090.0,0.0
2006-09-25,1,2950.0,0.0
2006-09-26,1,5335.0,0.0
2006-09-28,1,3600.0,0.0
2006-10-09,2,340.0,0.0
2006-10-10,2,6580.0,0.0
2006-10-11,3,1584.0,0.0
2006-10-12,1,21690.0,0.0
2006-10-16,2,7256.0,0.0
2006-10-17,2,6968.0,0.0
2006-10-18,1,2130.0,0.0
2006-10-19,1,2400.0,0.0
2006-10-26,1,1890.0,0.0
2006-10-29,1,16010.0,0.0
2006-10-30,2,7814.0,0.0
2006-10-31,1,1070.0,0.0
2006-11-01,1,7320.0,0.0
2006-11-02,1,1100.0,0.0
2006-11-05,1,1650.0,0.0
2006-11-06,2,1512.0,0.0
2006-11-07,2,4070.0,0.0
2006-11-08,1,250.0,0.0
2006-11-09,1,11890.0,0.0
2006-11-12,1,4560.0,0.0
2006-11-13,3,3732.0,0.0
2006-11-15,2,19370.0,0.0
2006-11-16,1,13640.0,0.0
2006-11-19,2,1360.0,0.0
2006-11-20,2,8860.0,0.0
2006-11-21,1,6820.0,0.0
2006-11-23,2,6916.0,0.0
2006-11-26,1,7160.0,0.0
2006-11-27,2,6050.0,0.0
2006-11-28,2,16846.0,0.0
2006-11-29,1,27990.0,0.0
2006-11-30,1,5300.0,0.0
2006-12-03,1,9430.0,0.0
2006-12-04,1,5770.0,0.0
2006-12-05,1,5200.0,0.0
2006-12-06,1,7050.0,0.0
2006-12-07,2,2240.0,0.0
2006-12-10,2,5230.0,0.0
2006-12-11,2,605.0,0.0
2006-12-12,1,12200.0,0.0
2006-12-13,2,6695.0,0.0
2006-12-14,1,7850.0,0.0
2006-12-17,1,25050.0,0.0
2006-12-18,2,16075.0,0.0
2006-12-19,2,6150.0,0.0
2006-12-20,1,3710.0,0.0
2006-12-21,3,9620.0,0.0
2006-12-24,1,2610.0,0.0
2006-12-25,1,5105.0,0.0
2006-12-26,1,1420.0,0.0
2006-12-27,2,6866.0,0.0
2006-12-31,1,500.0,0.0
2007-01-01,2,2358.0,0.0
2007-01-02,1,7630.0,0.0
2007-01-03,1,12390.0,0.0
2007-01-04,2,7458.0,0.0
2007-01-07,1,300.0,0.0
2007-01-08,1,8740.0,0.0
2007-01-09,3,6346.0,0.0
2007-01-10,1,2560.0,0.0
2007-01-14,1,18.0,0.0
2007-01-17,1,1610.0,0.0
2007-01-18,2,2806.0,0.0
2007-01-21,2,1886.0,0.0
2007-01-25,1,400.0,0.0
2007-01-28,2,4304.0,0.0
2007-01-29,1,2820.0,0.0
2007-01-31,3,3756.0,0.0
2007-02-01,2,448.0,0.0
2007-02-04,1,3340.0,0.0
2007-02-05,1,6010.0,0.0
2007-02-06,2,3682.0,0.0
2007-02-07,2,4194.0,0.0
2007-02-08,2,2216.0,0.0
2007-02-11,1,5000.0,0.0
2007-02-12,2,864.0,0.0
2007-02-13,1,200.0,0.0
2007-02-14,1,1330.0,0.0
2007-02-15,2,1985.0,0.0
2007-02-18,1,6270.0,0.0
2007-02-20,1,150.0,0.0
2007-02-21,1,2890.0,0.0
2007-02-22,1,27.0,0.0
2007-02-25,1,690.0,0.0
2007-02-26,1,7770.0,0.0
2007-02-27,2,2456.0,0.0
2007-02-28,1,1900.0,0.0
2007-03-01,1,50.0,0.0
2007-03-04,1,100.0,0.0
2007-03-05,2,154.0,0.0
2007-03-06,1,4160.0,0.0
2007-03-07,1,2700.0,0.0
2007-03-08,1,1690.0,0.0
2007-03-11,2,1670.0,0.0
2007-03-12,1,370.0,0.0
2007-03-13,1,536.0,0.0
2007-03-14,4,4265.0,0.0
2007-03-15,2,6166.0,0.0
2007-03-21,2,1800.0,0.0
2007-03-22,2,1780.0,0.0
2007-03-25,3,1720.0,0.0
2007-03-28,1,5590.0,0.0
2007-03-29,2,12150.0,0.0
2007-04-01,2,3016.0,0.0
2007-04-02,3,5696.0,0.0
2007-04-03,3,4980.0,0.0
2007-04-04,2,320.0,0.0
2007-04-05,1,410.0,0.0
2007-04-09,4,1203.0,0.0
2007-04-10,3,859.0,0.0
2007-04-11,2,5820.0,0.0
2007-04-12,1,230.0,0.0
2007-04-15,3,1750.0,0.0
2007-04-16,3,930.0,0.0
2007-04-17,4,1757.0,0.0
2007-04-18,3,1284.0,0.0
2007-04-19,2,2756.0,0.0
2007-04-22,2,1826.0,0.0
2007-04-23,3,1400.0,0.0
2007-04-25,2,2000.0,0.0
2007-04-26,4,5434.0,0.0
2007-04-29,1,5170.0,0.0
2007-04-30,2,320.0,0.0
2007-05-03,2,5370.0,0.0
2007-05-06,1,10930.0,0.0
2007-05-07,1,5400.0,0.0
2007-05-08,1,900.0,0.0
2007-05-09,2,9970.0,0.0
2007-05-10,3,8065.0,0.0
2007-05-13,3,5272.0,0.0
2007-05-14,2,2600.0,0.0
2007-05-15,1,860.0,0.0
2007-05-16,1,624.0,0.0
2007-05-17,2,1910.0,0.0
2007-05-20,1,490.0,0.0
2007-05-21,1,1700.0,0.0
2007-05-22,2,1834.0,0.0
2007-05-23,4,2972.0,0.0
2007-05-24,2,5624.0,0.0
2007-05-29,3,1612.0,0.0
2007-05-30,3,2206.0,0.0
2007-05-31,3,3149.0,0.0
2007-06-03,3,1596.0,0.0
2007-06-04,3,4694.0,0.0
2007-06-05,2,2522.0,0.0
2007-06-06,2,2238.0,0.0
2007-06-07,1,1930.0,0.0
2007-06-10,1,8610.0,0.0
2007-06-11,2,4964.0,0.0
2007-06-12,2,1034.0,0.0
2007-06-13,2,4750.0,0.0
2007-06-14,1,530.0,0.0
2007-06-17,2,1686.0,0.0
2007-06-18,2,2740.0,0.0
2007-06-19,2,7012.0,0.0
2007-06-20,2,4224.0,0.0
2007-06-21,1,5320.0,0.0
2007-06-24,2,4806.0,0.0
2007-06-25,3,796.0,0.0
2007-06-27,2,2216.0,0.0
2007-07-01,3,5168.0,0.0
2007-07-02,2,1610.0,0.0
2007-07-03,3,2516.0,0.0
2007-07-04,3,17030.0,0.0
2007-07-05,2,1610.0,0.0
2007-07-09,2,4640.0,0.0
2007-07-10,3,9170.0,0.0
2007-07-11,3,2811.0,0.0
2007-07-12,2,2220.0,0.0
2007-07-15,3,11526.0,0.0
2007-07-16,2,1034.0,0.0
2007-07-17,3,5269.0,0.0
2007-07-18,3,11638.0,0.0
2007-07-19,3,7724.0,0.0
2007-07-22,2,6740.0,0.0
2007-07-23,2,3196.0,0.0
2007-07-24,1,5800.0,0.0
2007-07-25,3,5410.0,0.0
2007-07-26,3,5170.0,0.0
2007-07-29,2,1760.0,0.0
2007-07-30,2,5258.0,0.0
2007-07-31,3,1572.0,0.0
2007-08-01,2,3400.0,0.0
2007-08-02,3,2930.0,0.0
2007-08-05,3,5592.0,0.0
2007-08-06,4,11004.0,0.0
2007-08-07,3,2918.0,0.0
2007-08-08,2,4400.0,0.0
2007-08-09,2,8778.0,0.0
2007-08-13,1,12140.0,0.0
2007-08-14,5,17117.0,0.0
2007-08-15,1,1620.0,0.0
2007-08-16,2,5684.0,0.0
2007-08-19,2,3096.0,0.0
2007-08-20,1,3800.0,0.0
2007-08-21,2,5410.0,0.0
2007-08-22,3,17588.0,0.0
2007-08-23,4,19242.0,0.0
2007-08-26,2,5785.0,0.0
2007-08-27,2,8592.0,0.0
2007-08-30,2,1210.0,0.0
2007-09-02,2,4712.0,0.0
2007-09-03,3,8199.0,0.0
2007-09-05,3,7626.0,0.0
2007-09-06,2,14800.0,0.0
2007-09-10,2,13036.0,0.0
2007-09-11,2,3100.0,0.0
2007-09-12,2,1954.0,0.0
2007-09-13,2,18760.0,0.0
2007-09-16,2,4340.0,0.0
2007-09-17,2,9232.0,0.0
2007-09-18,3,3050.0,0.0
2007-09-19,1,1050.0,0.0
2007-09-20,1,12070.0,0.0
2007-09-23,1,470.0,0.0
2007-09-24,2,1664.0,0.0
2007-09-26,2,1950.0,0.0
2007-09-27,1,910.0,0.0
2007-09-30,2,3258.0,0.0
2007-10-01,2,7030.0,0.0
2007-10-02,1,3880.0,0.0
2007-10-03,1,5150.0,0.0
2007-10-04,1,600.0,0.0
2007-10-07,1,4590.0,0.0
2007-10-08,1,1160.0,0.0
2007-10-09,1,700.0,0.0
2007-10-10,3,4308.0,0.0
2007-10-11,1,1720.0,0.0
2007-10-14,1,2000.0,0.0
2007-10-15,1,1400.0,0.0
2007-10-28,1,500.0,0.0
2007-10-30,1,100.0,0.0
2007-10-31,2,1390.0,0.0
2007-11-01,2,612.0,0.0
2007-11-04,1,450.0,0.0
2007-11-05,3,5396.0,0.0
2007-11-06,2,1000.0,0.0
2007-11-07,1,480.0,0.0
2007-11-08,1,680.0,0.0
2007-11-12,1,990.0,0.0
2007-11-13,1,3730.0,0.0
2007-11-14,1,100.0,0.0
2007-11-15,1,2430.0,0.0
2007-11-18,3,6390.0,0.0
2007-11-19,2,900.0,0.0
2007-11-20,2,900.0,0.0
2007-11-22,1,1000.0,0.0
2007-11-25,1,12090.0,0.0
2007-11-26,1,3470.0,0.0
2007-11-27,2,6190.0,0.0
2007-11-28,2,1530.0,0.0
2007-11-29,2,5646.0,0.0
2007-12-01,2,12230.0,0.0
2007-12-03,3,23551.0,0.0
2007-12-04,3,7952.0,0.0
2007-12-05,2,4656.0,0.0
2007-12-06,2,37534.0,0.0
2007-12-09,2,4626.0,0.0
2007-12-10,2,7602.0,0.0
2007-12-11,3,28728.0,0.0
2007-12-12,2,6052.0,0.0
2007-12-13,2,21545.0,0.0
2007-12-16,1,8280.0,0.0
2007-12-17,2,6930.0,0.0
2007-12-18,3,5940.0,0.0
2007-12-19,2,2836.0,0.0
2007-12-20,1,6480.0,0.0
2007-12-23,2,700.0,0.0
2007-12-24,2,2690.0,0.0
2007-12-27,2,2215.0,0.0
2008-01-07,1,224.0,0.0
2008-01-09,1,0.0,0.0
2008-01-10,1,600.0,0.0
2008-01-13,1,50.0,0.0
2008-01-16,1,100.0,0.0
2008-01-17,1,470.0,0.0
2008-01-20,2,2150.0,0.0
2008-01-21,2,5100.0,0.0
2008-01-23,1,2680.0,0.0
2008-01-24,2,1360.0,0.0
2008-01-27,2,11760.0,0.0
2008-01-28,1,1980.0,0.0
2008-01-29,2,10350.0,0.0
2008-01-31,1,3400.0,0.0
2008-02-03,1,1750.0,0.0
2008-02-04,1,1780.0,0.0
2008-02-05,1,3220.0,0.0
2008-02-06,2,376.0,0.0
2008-02-10,1,60.0,0.0
2008-02-11,1,120.0,0.0
2008-02-12,2,9580.0,0.0
2008-02-13,1,9450.0,0.0
2008-02-14,1,3950.0,0.0
2008-02-17,2,5922.0,0.0
2008-02-18,1,6790.0,0.0
2008-02-20,1,3210.0,0.0
2008-02-21,1,220.0,0.0
2008-02-24,1,2030.0,0.0
2008-02-25,1,5600.0,0.0
2008-02-26,1,500.0,0.0
2008-02-28,1,2590.0,0.0
2008-03-02,1,1000.0,0.0
2008-03-03,2,8290.0,0.0
2008-03-04,2,4080.0,0.0
2008-03-05,3,2300.0,0.0
2008-03-09,3,2700.0,0.0
2008-03-10,4,2078.0,0.0
2008-03-11,4,7422.0,0.0
2008-03-12,3,2036.0,0.0
2008-03-13,3,2223.0,0.0
2008-03-16,2,1030.0,0.0
2008-03-17,4,2815.0,0.0
2008-03-18,3,3688.0,0.0
2008-03-19,3,1695.0,0.0
2008-03-20,3,1984.0,0.0
2008-03-23,3,2944.0,0.0
2008-03-24,3,2860.0,0.0
2008-03-25,4,10335.0,0.0
2008-03-26,4,4157.0,0.0
2008-03-27,2,2550.0,0.0
2008-03-30,4,3565.0,0.0
2008-03-31,4,1900.0,0.0
2008-04-01,3,1760.0,0.0
2008-04-02,2,5050.0,0.0
2008-04-03,4,4438.0,0.0
2008-04-06,3,10886.0,0.0
2008-04-15,3,1517.0,0.0
2008-04-16,1,1460.0,0.0
2008-04-17,2,904.0,0.0
2008-04-20,2,3270.0,0.0
2008-04-21,2,1730.0,0.0
2008-04-22,2,820.0,0.0
2008-04-24,3,1423.0,0.0
2008-04-27,4,2460.0,0.0
2008-04-28,3,4332.0,0.0
2008-04-29,3,2420.0,0.0
2008-04-30,4,4350.0,0.0
2008-05-04,1,2670.0,0.0
2008-05-05,3,4292.0,0.0
2008-05-06,4,5924.0,0.0
2008-05-07,3,15146.0,0.0
2008-05-08,4,8836.0,0.0
2008-05-11,5,4530.0,0.0
2008-05-12,4,5700.0,0.0
2008-05-13,3,3720.0,0.0
2008-05-14,4,3881.0,0.0
2008-05-15,4,2399.0,0.0
2008-05-18,5,1604.0,0.0
2008-05-21,4,2943.0,0.0
2008-05-22,4,2152.0,0.0
2008-05-25,5,2294.0,0.0
2008-05-26,3,2356.0,0.0
2008-05-27,1,226.0,0.0
2008-06-01,1,436.0,0.0
2008-06-02,4,7806.0,0.0
2008-06-03,3,1660.0,0.0
2008-06-04,3,1010.0,0.0
2008-06-05,4,3112.0,0.0
2008-06-08,3,3154.0,0.0
2008-06-09,3,6946.0,0.0
2008-06-10,3,1944.0,0.0
2008-06-11,3,2884.0,0.0
2008-06-12,3,2445.0,0.0
2008-06-16,3,1587.0,0.0
2008-06-17,3,2360.0,0.0
2008-06-18,4,2352.0,0.0
2008-06-19,2,1515.0,0.0
2008-06-22,3,718.0,0.0
2008-06-23,2,438.0,0.0
2008-06-24,1,150.0,0.0
2008-06-25,3,5507.0,0.0
2008-06-26,3,618.0,0.0
2008-06-29,1,830.0,0.0
2008-06-30,6,6731.0,0.0
2008-07-01,3,1400.0,0.0
2008-07-02,5,911.0,0.0
2008-07-03,2,1240.0,0.0
2008-07-06,2,3490.0,0.0
2008-07-07,3,1187.0,0.0
2008-07-08,2,1619.0,0.0
2008-07-09,1,750.0,0.0
2008-07-10,3,1056.0,0.0
2008-07-13,2,2490.0,0.0
2008-07-14,1,20.0,0.0
2008-07-15,4,8890.0,0.0
2008-07-16,3,1941.0,0.0
2008-07-17,2,1020.0,0.0
2008-07-20,3,7780.0,0.0
2008-07-21,3,6320.0,0.0
2008-07-22,3,5309.0,0.0
2008-07-23,3,2099.0,0.0
2008-07-27,3,1664.0,0.0
2008-07-28,2,1717.0,0.0
2008-07-29,2,1729.0,0.0
2008-07-30,4,6294.0,0.0
2008-07-31,6,1291.0,0.0
2008-08-03,2,2986.0,0.0
2008-08-04,2,1824.0,0.0
2008-08-05,3,119.0,0.0
2008-08-06,1,1000.0,0.0
2008-08-07,1,1120.0,0.0
2008-08-10,2,490.0,0.0
2008-08-11,3,2053.0,0.0
2008-08-12,4,1425.0,0.0
2008-08-13,4,2095.0,0.0
2008-08-14,3,300.0,0.0
2008-08-18,4,1304.0,0.0
2008-08-19,3,700.0,0.0
2008-08-20,1,100.0,0.0
2008-08-21,2,377.0,0.0
2008-08-24,2,198.0,0.0
2008-08-25,2,530.0,0.0
2008-08-26,2,742.0,0.0
2008-08-27,1,820.0,0.0
2008-08-28,1,630.0,0.0
2008-08-31,2,3240.0,0.0
2008-09-02,2,1780.0,0.0
2008-09-03,2,4680.0,0.0
2008-09-04,2,2130.0,0.0
2008-09-07,3,1406.0,0.0
2008-09-08,3,1626.0,0.0
2008-09-09,3,3434.0,0.0
2008-09-10,4,5159.0,0.0
2008-09-11,3,991.0,0.0
2008-09-15,3,2200.0,0.0
2008-09-16,3,409.0,0.0
2008-09-17,2,3290.0,0.0
2008-09-18,2,1090.0,0.0
2008-09-21,3,2620.0,0.0
2008-09-22,3,3215.0,0.0
2008-09-23,4,4535.0,0.0
2008-09-24,4,720.0,0.0
2008-09-25,3,2050.0,0.0
2008-09-28,2,1198.0,0.0
2008-09-29,3,2306.0,0.0
2008-10-01,1,260.0,0.0
2008-10-13,1,1340.0,0.0
2008-10-15,2,1409.0,0.0
2008-10-16,1,39.0,0.0
2008-10-19,2,896.0,0.0
2008-10-20,2,730.0,0.0
2008-10-21,2,1585.0,0.0
2008-10-22,3,1710.0,0.0
2008-10-23,3,1250.0,0.0
2008-10-26,2,4055.0,0.0
2008-10-27,3,13170.0,0.0
2008-11-02,2,36020.0,0.0
2008-11-03,1,190.0,0.0
2008-11-05,1,2130.0,0.0
2008-11-06,4,11100.0,0.0
2008-11-09,2,280.0,0.0
2008-11-10,1,300.0,0.0
2008-11-11,4,15200.0,0.0
2008-11-12,3,11410.0,0.0
2008-11-16,3,1541.0,0.0
2008-11-17,4,2129.0,0.0
2008-11-18,2,528.0,0.0
2008-11-19,4,2669.0,0.0
2008-11-20,3,3509.0,0.0
2008-11-23,2,6466.0,0.0
2008-11-24,2,9566.0,0.0
2008-11-25,2,310.0,0.0
2008-11-26,2,1770.0,0.0
2008-11-27,2,1120.0,0.0
2008-11-30,1,960.0,0.0
2008-12-01,2,3920.0,0.0
2008-12-02,2,300.0,0.0
2008-12-03,5,1796.0,0.0
2008-12-04,1,760.0,0.0
2008-12-07,2,330.0,0.0
2008-12-08,3,1348.0,0.0
2008-12-10,4,35869.0,0.0
2008-12-11,2,820.0,0.0
2008-12-14,1,167.0,0.0
2008-12-15,2,240.0,0.0
2008-12-16,4,850.0,0.0
2008-12-17,2,1550.0,0.0
2008-12-18,4,6088.0,0.0
2008-12-21,3,2449.0,0.0
2008-12-22,4,3399.0,0.0
2008-12-23,2,1434.0,0.0
2008-12-24,3,3080.0,0.0
2008-12-28,3,2131.0,0.0
2008-12-29,2,1310.0,0.0
2008-12-31,2,2412.0,0.0
2009-01-01,3,1470.0,0.0
2009-01-05,2,1910.0,0.0
2009-01-06,1,420.0,0.0
2009-01-07,1,500.0,0.0
2009-01-08,2,1036.0,0.0
2009-01-11,1,280.0,0.0
2009-01-12,1,280.0,0.0
2009-01-18,3,1006.0,0.0
2009-01-19,1,273.0,0.0
2009-01-20,2,546.0,0.0
2009-01-21,2,500.0,0.0
2009-01-22,3,1400.0,0.0
2009-01-23,2,1080.0,0.0
2009-01-25,2,790.0,0.0
2009-01-26,3,4364.0,0.0
2009-01-28,3,2430.0,0.0
2009-02-01,3,4360.0,0.0
2009-02-02,4,906.0,0.0
2009-02-03,2,910.0,0.0
2009-02-04,4,849.0,0.0
2009-02-05,3,798.0,0.0
2009-02-08,2,230.0,0.0
2009-02-09,2,700.0,0.0
2009-02-10,1,640.0,0.0
2009-02-11,2,700.0,0.0
2009-02-12,2,1100.0,0.0
2009-02-15,3,2108.0,0.0
2009-02-16,3,310.0,0.0
2009-02-17,2,2170.0,0.0
2009-02-19,3,1218.0,0.0
2009-02-22,3,790.0,0.0
2009-02-24,2,900.0,0.0
2009-02-26,3,2375.0,0.0
2009-03-01,3,1930.0,0.0
2009-03-02,3,238.0,0.0
2009-03-03,3,1230.0,0.0
2009-03-04,2,830.0,0.0
2009-03-05,2,950.0,0.0
2009-03-08,4,830.0,0.0
2009-03-09,3,2210.0,0.0
2009-03-11,1,95.0,0.0
2009-03-12,3,3580.0,0.0
2009-03-15,4,2205.0,0.0
2009-03-16,3,540.0,0.0
2009-03-17,3,6550.0,0.0
2009-03-18,2,2210.0,0.0
2009-03-19,3,2160.0,0.0
2009-03-22,5,2184.0,0.0
2009-03-23,2,828.0,0.0
2009-03-24,1,190.0,0.0
2009-03-25,2,860.0,0.0
2009-03-29,2,1784.0,0.0
2009-03-30,3,2882.0,0.0
2009-03-31,2,3015.0,0.0
2009-04-01,2,5300.0,0.0
2009-04-02,3,1640.0,0.0
2009-04-05,4,1930.0,0.0
2009-04-07,4,822.0,0.0
2009-04-08,2,850.0,0.0
2009-04-12,3,1180.0,0.0
2009-04-13,2,2370.0,0.0
2009-04-16,2,180.0,0.0
2009-04-19,3,1089.0,0.0
2009-04-20,1,170.0,0.0
2009-04-21,1,420.0,0.0
2009-04-22,2,350.0,0.0
2009-04-23,1,380.0,0.0
2009-04-26,2,500.0,0.0
2009-04-27,2,1440.0,0.0
2009-04-28,1,500.0,0.0
2009-04-29,2,190.0,0.0
2009-04-30,2,550.0,0.0
2009-05-04,1,230.0,0.0
2009-05-05,2,2400.0,0.0
2009-05-06,2,2250.0,0.0
2009-05-07,3,1549.0,0.0
2009-05-10,1,50.0,0.0
2009-05-11,3,2755.0,0.0
2009-05-12,3,1121.0,0.0
2009-05-13,4,4186.0,0.0
2009-05-14,5,1794.0,0.0
2009-05-17,5,5160.0,0.0
2009-05-18,4,2670.0,0.0
2009-05-19,4,1097.0,0.0
2009-05-20,4,2331.0,0.0
2009-05-21,4,2340.0,0.0
2009-05-24,2,1340.0,0.0
2009-05-25,3,700.0,0.0
2009-05-26,1,4070.0,0.0
2009-05-27,1,2040.0,0.0
2009-05-28,2,2610.0,0.0
2009-05-31,2,500.0,0.0
2009-06-01,2,606.0,0.0
2009-06-02,2,3390.0,0.0
2009-06-03,2,2342.0,0.0
2009-06-04,2,2036.0,0.0
2009-06-07,3,1640.0,0.0
2009-06-08,2,1490.0,0.0
2009-06-09,2,1794.0,0.0
2009-06-10,2,5434.0,0.0
2009-06-12,3,618.0,0.0
2009-06-15,2,1736.0,0.0
2009-06-16,2,250.0,0.0
2009-06-17,2,2400.0,0.0
2009-06-18,3,3524.0,0.0
2009-06-21,3,1801.0,0.0
2009-06-22,2,498.0,0.0
2009-06-23,1,200.0,0.0
2009-06-24,3,1830.0,0.0
2009-06-25,3,4815.0,0.0
2009-06-28,3,3274.0,0.0
2009-06-29,3,3220.0,0.0
2009-06-30,3,4140.0,0.0
2009-07-01,2,3060.0,0.0
2009-07-02,2,3080.0,0.0
2009-07-05,3,3840.0,0.0
2009-07-06,2,7660.0,0.0
2009-07-07,2,3710.0,0.0
2009-07-08,2,6605.0,0.0
2009-07-09,3,4054.0,0.0
2009-07-13,3,2460.0,0.0
2009-07-14,4,3136.0,0.0
2009-07-15,4,5558.0,0.0
2009-07-16,2,6390.0,0.0
2009-07-19,2,8330.0,0.0
2009-07-20,3,8097.0,0.0
2009-07-21,2,10690.0,0.0
2009-07-23,4,11020.0,0.0
2009-07-26,1,9780.0,0.0
2009-07-29,4,21431.0,0.0
2009-07-30,3,6700.0,0.0
2009-08-02,3,19534.0,0.0
2009-08-03,3,20340.0,0.0
2009-08-04,2,5800.0,0.0
2009-08-09,5,17290.0,0.0
2009-08-10,2,5420.0,0.0
2009-08-11,3,4012.0,0.0
2009-08-12,4,35620.0,0.0
2009-08-16,4,19556.0,0.0
2009-08-17,5,6380.0,0.0
2009-08-18,4,19412.0,0.0
2009-08-19,3,35850.0,0.0
2009-08-20,4,22005.0,0.0
2009-08-23,3,40380.0,0.0
2009-08-24,3,14104.0,0.0
2009-08-25,3,24356.0,0.0
2009-08-26,2,4190.0,0.0
2009-08-27,3,4250.0,0.0
2009-08-30,2,2530.0,0.0
2009-08-31,2,4910.0,0.0
2009-09-01,4,3250.0,0.0
2009-09-02,3,7970.0,0.0
2009-09-05,3,3346.0,0.0
2009-09-06,5,6488.0,0.0
2009-09-07,3,8050.0,0.0
2009-09-08,3,8050.0,0.0
2009-09-09,3,7655.0,0.0
2009-09-10,3,8840.0,0.0
2009-09-13,3,4715.0,0.0
2009-09-14,3,4380.0,0.0
2009-09-15,2,3790.0,0.0
2009-09-16,2,2440.0,0.0
2009-09-17,4,5319.0,0.0
2009-09-20,3,1779.0,0.0
2009-09-22,1,1370.0,0.0
2009-09-23,2,1582.0,0.0
2009-09-24,1,970.0,0.0
2009-09-27,2,14300.0,0.0
2009-09-28,1,8090.0,0.0
2009-10-04,3,1909.0,0.0
2009-10-05,3,1666.0,0.0
2009-10-06,2,910.0,0.0
2009-10-07,4,9454.0,0.0
2009-10-08,3,4270.0,0.0
2009-10-11,1,3640.0,0.0
2009-10-12,2,14410.0,0.0
2009-10-13,3,3310.0,0.0
2009-10-14,2,3220.0,0.0
2009-10-15,2,910.0,0.0
2009-10-21,1,1580.0,0.0
2009-10-22,2,2410.0,0.0
2009-10-25,2,3890.0,0.0
2009-10-26,3,2890.0,0.0
2009-10-27,2,1420.0,0.0
2009-10-28,2,1090.0,0.0
2009-10-29,2,1570.0,0.0
2009-11-01,2,2060.0,0.0
2009-11-02,3,2260.0,0.0
2009-11-03,2,1150.0,0.0
2009-11-04,3,2165.0,0.0
2009-11-05,3,3180.0,0.0
2009-11-08,4,1689.0,0.0
2009-11-09,2,2840.0,0.0
2009-11-10,2,1780.0,0.0
2009-11-11,3,1420.0,0.0
2009-11-12,2,530.0,0.0
2009-11-15,1,920.0,0.0
2009-11-16,2,541.0,0.0
2009-11-17,2,1340.0,0.0
2009-11-18,2,1030.0,0.0
2009-11-19,3,1880.0,0.0
2009-11-22,1,990.0,0.0
2009-11-24,3,4110.0,0.0
2009-11-25,4,2000.0,0.0
2009-11-26,3,1640.0,0.0
2009-11-30,3,4627.0,0.0
2009-12-01,4,5653.0,0.0
2009-12-03,4,3612.0,0.0
2009-12-06,4,3656.0,0.0
2009-12-07,6,1491.0,0.0
2009-12-08,4,4895.0,0.0
2009-12-09,4,8193.0,0.0
2009-12-10,5,6896.0,0.0
2009-12-13,4,6452.0,0.0
2009-12-14,4,14440.0,0.0
2009-12-15,4,14390.0,0.0
2009-12-16,6,4554.0,0.0
2009-12-17,4,3473.0,0.0
2009-12-20,3,930.0,0.0
2009-12-21,2,541.0,0.0
2009-12-22,3,1960.0,0.0
2009-12-23,2,1570.0,0.0
2009-12-24,2,2450.0,0.0
2009-12-28,4,4010.0,0.0
2009-12-29,3,2430.0,0.0
2009-12-31,5,2941.0,0.0
2010-01-03,4,3256.0,0.0
2010-01-04,2,2240.0,0.0
2010-01-05,3,2570.0,0.0
2010-01-06,4,1500.0,0.0
2010-01-07,3,2910.0,0.0
2010-01-10,2,780.0,0.0
2010-01-11,4,1940.0,0.0
2010-01-12,3,2360.0,0.0
2010-01-13,2,960.0,0.0
2010-01-14,3,2320.0,0.0
2010-01-17,2,2160.0,0.0
2010-01-18,2,3870.0,0.0
2010-01-19,4,3270.0,0.0
2010-01-20,3,5230.0,0.0
2010-01-21,4,3008.0,0.0
2010-01-25,4,4723.0,0.0
2010-01-26,3,1720.0,0.0
2010-01-27,4,5758.0,0.0
2010-01-28,4,3230.0,0.0
2010-01-31,3,2330.0,0.0
2010-02-01,2,1370.0,0.0
2010-02-02,2,1780.0,0.0
2010-02-03,5,7689.0,0.0
2010-02-04,3,2170.0,0.0
2010-02-07,2,1540.0,0.0
2010-02-08,4,2984.0,0.0
2010-02-09,3,1870.0,0.0
2010-02-10,3,3610.0,0.0
2010-02-11,3,3610.0,0.0
2010-02-15,3,1580.0,0.0
2010-02-16,2,1490.0,0.0
2010-02-17,4,1170.0,0.0
2010-02-18,2,390.0,0.0
2010-03-01,4,2660.0,0.0
2010-03-02,4,2130.0,0.0
2010-03-03,5,4775.0,0.0
2010-03-04,4,3579.0,0.0
2010-03-07,3,2040.0,0.0
2010-03-09,3,1394.0,0.0
2010-03-10,4,4746.0,0.0
2010-03-11,5,13573.0,0.0
2010-03-14,4,3110.0,0.0
2010-03-16,4,1930.0,0.0
2010-03-17,4,3300.0,0.0
2010-03-18,1,400.0,0.0
2010-03-22,3,3670.0,0.0
2010-03-23,4,2000.0,0.0
2010-03-25,3,2620.0,0.0
2010-03-28,6,4211.0,0.0
2010-03-29,3,1020.0,0.0
2010-03-30,4,2791.0,0.0
2010-03-31,3,2160.0,0.0
2010-04-01,3,3410.0,0.0
2010-04-04,4,3260.0,0.0
2010-04-05,3,2000.0,0.0
2010-04-06,5,7751.0,0.0
2010-04-07,5,1780.0,0.0
2010-04-08,4,4130.0,0.0
2010-04-11,5,3552.0,0.0
2010-04-12,4,2558.0,0.0
2010-04-13,4,2243.0,0.0
2010-04-15,6,2836.0,0.0
2010-04-18,4,2432.0,0.0
2010-04-19,5,4676.0,0.0
2010-04-20,5,3787.0,0.0
2010-04-21,4,8187.0,0.0
2010-04-22,4,2960.0,0.0
2010-04-25,5,1614.0,0.0
2010-04-26,4,4343.0,0.0
2010-04-27,5,2164.0,0.0
2010-04-28,4,4790.0,0.0
2010-04-29,6,2788.0,0.0
2010-05-09,3,1910.0,0.0
2010-05-10,4,1430.0,0.0
2010-05-11,6,3344.0,0.0
2010-05-12,3,3340.0,0.0
2010-05-13,3,3670.0,0.0
2010-05-16,3,2970.0,0.0
2010-05-17,3,1640.0,0.0
2010-05-18,4,11390.0,0.0
2010-05-19,5,2784.0,0.0
2010-05-20,4,1400.0,0.0
2010-05-23,5,17742.0,0.0
2010-05-24,5,1377.0,0.0
2010-05-25,4,6880.0,0.0
2010-05-26,5,3084.0,0.0
2010-05-30,6,2210.0,0.0
2010-05-31,7,6112.0,0.0
2010-06-01,5,4285.0,0.0
2010-06-02,4,2443.0,0.0
2010-06-03,5,3364.0,0.0
2010-06-06,6,2802.0,0.0
2010-06-07,4,1985.0,0.0
2010-06-08,5,3150.0,0.0
2010-06-09,6,5120.0,0.0
2010-06-10,5,5160.0,0.0
2010-06-13,5,17493.0,0.0
2010-06-14,5,11282.0,0.0
2010-06-15,5,11909.0,0.0
2010-06-17,4,8840.0,0.0
2010-06-20,5,10517.0,0.0
2010-06-21,7,11585.0,0.0
2010-06-22,6,18250.0,0.0
2010-06-23,6,12332.0,0.0
2010-06-26,6,10588.0,0.0
2010-06-29,4,10226.0,0.0
2010-06-30,7,17220.0,0.0
2010-07-01,6,6879.0,0.0
2010-07-04,7,13368.0,0.0
2010-07-05,5,6268.0,0.0
2010-07-06,5,6482.0,0.0
2010-07-07,8,14205.0,0.0
2010-07-08,8,10519.0,0.0
2010-07-11,5,11834.0,0.0
2010-07-12,5,6376.0,0.0
2010-07-13,4,6170.0,0.0
2010-07-14,5,7257.0,0.0
2010-07-15,4,8950.0,0.0
2010-07-16,6,9769.0,0.0
2010-07-18,4,5334.0,0.0
2010-07-19,4,3422.0,0.0
2010-07-20,3,3132.0,0.0
2010-07-22,8,8787.0,0.0
2010-07-25,6,9373.0,0.0
2010-07-26,6,7634.0,0.0
2010-07-27,8,5656.0,0.0
2010-07-28,6,3548.0,0.0
2010-07-29,3,2910.0,0.0
2010-09-02,5,4361.0,0.0
2010-09-07,4,9240.0,0.0
2010-09-08,4,4669.0,0.0
2010-09-09,6,5099.0,0.0
2010-09-12,5,3591.0,0.0
2010-09-13,5,4554.0,0.0
2010-09-14,7,5126.0,0.0
2010-09-15,5,4277.0,0.0
2010-09-16,5,8866.0,0.0
2010-09-19,7,7619.0,0.0
2010-09-20,6,5075.0,0.0
2010-09-21,6,11371.0,0.0
2010-09-23,7,13879.0,0.0
2010-09-26,7,13146.0,0.0
2010-09-27,7,13975.0,0.0
2010-09-28,5,10106.0,0.0
2010-09-29,6,10138.0,0.0
2010-09-30,7,5450.0,0.0
2010-10-03,6,13132.0,0.0
2010-10-04,6,15947.0,0.0
2010-10-05,4,10483.0,0.0
2010-10-06,4,8843.0,0.0
2010-10-07,5,14185.0,0.0
2010-10-10,4,6080.0,0.0
2010-10-11,4,7848.0,0.0
2010-10-12,6,4825.0,0.0
2010-10-13,3,1422.0,0.0
2010-10-20,3,370.0,0.0
2010-10-21,5,3846.0,0.0
2010-10-24,5,6362.0,0.0
2010-10-25,5,5413.0,0.0
2010-10-26,5,6733.0,0.0
2010-10-27,5,14832.0,0.0
2010-10-28,5,24274.0,0.0
2010-10-31,6,15685.0,0.0
2010-11-01,6,20204.0,0.0
2010-11-02,6,8759.0,0.0
2010-11-03,6,21737.0,0.0
2010-11-04,6,8988.0,0.0
2010-11-09,6,12659.0,0.0
2010-11-10,5,14186.0,0.0
2010-11-11,6,8692.0,0.0
2010-11-14,6,9944.0,0.0
2010-11-15,5,13967.0,0.0
2010-11-16,5,11439.0,0.0
2010-11-18,7,19629.0,0.0
2010-11-21,6,21915.0,0.0
2010-11-22,7,16030.0,0.0
2010-11-23,8,19511.0,0.0
2010-11-24,7,12987.0,0.0
2010-11-25,7,15653.0,0.0
2010-11-28,4,7028.0,0.0
2010-11-29,5,8344.0,0.0
2010-11-30,7,12039.0,0.0
2010-12-01,4,9491.0,0.0
2010-12-02,6,10687.0,0.0
2010-12-05,6,16587.0,0.0
2010-12-06,6,5944.0,0.0
2010-12-07,6,7983.0,0.0
2010-12-08,5,7363.0,0.0
2010-12-09,7,8591.0,0.0
2010-12-12,7,15827.0,0.0
2010-12-13,6,9565.0,0.0
2010-12-14,6,8937.0,0.0
2010-12-15,8,5515.0,0.0
2010-12-16,5,8361.0,0.0
2010-12-19,6,10820.0,0.0
2010-12-20,5,14753.0,0.0
2010-12-22,5,3511.0,0.0
2010-12-23,5,6281.0,0.0
2010-12-26,6,12308.0,0.0
2010-12-27,6,5220.0,0.0
2010-12-28,6,5578.0,0.0
2010-12-29,6,6049.0,0.0
2011-01-02,5,14384.0,0.0
2011-01-03,7,8653.0,0.0
2011-01-04,6,9422.0,0.0
2011-01-05,6,6850.0,0.0
2011-01-06,4,2912.0,0.0
2011-01-09,5,5688.0,0.0
2011-01-10,5,10542.0,0.0
2011-01-11,5,8516.0,0.0
2011-01-12,5,4491.0,0.0
2011-01-13,5,6295.0,0.0
2011-01-16,7,8777.0,0.0
2011-01-17,6,16692.0,0.0
2011-01-18,6,15061.0,0.0
2011-01-19,5,7119.0,0.0
2011-01-20,5,6247.0,0.0
2011-01-23,4,7475.0,0.0
2011-01-24,5,6713.0,0.0
2011-01-31,5,484.0,0.0
2011-02-01,7,15129.0,0.0
2011-02-02,7,6729.0,0.0
2011-02-03,6,7339.0,0.0
2011-02-06,5,9410.0,0.0
2011-02-07,4,6967.0,0.0
2011-02-08,4,4778.0,0.0
2011-02-09,6,4426.0,0.0
2011-02-10,7,6055.0,0.0
2011-02-13,7,5364.0,0.0
2011-02-14,6,12489.0,0.0
2011-02-15,6,6361.0,0.0
2011-02-16,5,4765.0,0.0
2011-02-17,6,4543.0,0.0
2011-02-20,6,5460.0,0.0
2011-02-21,7,4880.0,0.0
2011-02-22,6,6781.0,0.0
2011-02-23,7,10932.0,0.0
2011-02-24,6,6451.0,0.0
2011-02-27,6,6322.0,0.0
2011-02-28,5,7528.0,0.0
2011-03-03,6,2034.0,0.0
2011-03-07,9,9230.0,0.0
2011-03-09,4,4804.0,0.0
2011-03-10,6,5381.0,0.0
2011-03-13,4,6802.0,0.0
2011-03-14,6,7488.0,0.0
2011-03-15,8,10037.0,0.0
2011-03-16,7,4854.0,0.0
2011-03-17,5,9123.0,0.0
2011-03-20,10,5939.0,1265557.0
2011-03-24,11,19583.0,3789828.0
2011-03-25,14,23377.0,5350284.0
2011-03-27,14,13277.0,3711553.0
2011-03-28,14,13915.0,6104913.0
2011-03-29,20,18928.0,6261521.0
2011-03-30,15,18031.0,5269970.0
2011-03-31,20,25726.0,7302411.0
2011-04-04,18,26420.0,7692250.0
2011-04-05,18,19429.0,5438962.0
2011-04-06,19,19739.0,4615161.0
2011-04-07,16,19600.0,5247979.0
2011-04-10,19,30599.0,9399378.0
2011-04-11,18,21503.0,6156141.0
2011-04-13,14,6904.0,2550016.0
2011-04-17,17,9245.0,2280002.0
2011-04-18,15,11832.0,4484822.0
2011-04-19,17,218353.0,35702297.0
2011-04-20,18,21608.0,4640137.0
2011-04-21,17,20860.0,4519753.0
2011-04-25,12,8653.0,1529054.0
2011-04-26,7,834.0,178481.0
2011-04-27,19,24748.0,5587967.0
2011-04-28,17,19604.0,5139982.0
2011-05-02,16,18613.0,5860278.0
2011-05-03,15,19872.0,4925609.0
2011-05-04,15,18333.0,7860207.0
2011-05-05,18,11616.0,2806883.0
2011-05-08,17,18601.0,3415244.0
2011-05-09,10,8804.0,1479940.0
2011-05-10,22,24426.0,8970562.0
2011-05-11,16,16192.0,3561655.0
2011-05-12,20,16948.0,3285926.0
2011-05-15,21,18977.0,3494066.0
2011-05-16,24,28927.0,6137286.0
2011-05-18,26,27422.0,9705375.0
2011-05-19,22,43560.0,9976020.0
2011-05-22,20,16376.0,3867132.0
2011-05-23,24,24833.0,5191362.0
2011-05-24,24,29494.0,6100992.0
2011-05-25,24,34232.0,9266409.0
2011-05-26,23,42586.0,9173229.0
2011-05-30,23,20735.0,7482578.0
2011-05-31,24,30579.0,11815698.0
2011-06-01,22,15307.0,4874909.0
2011-06-02,30,36383.0,11692336.0
2011-06-05,28,31975.0,15270470.0
2011-06-06,30,58051.0,16559226.0
2011-06-07,28,28542.0,7550424.0
2011-06-08,28,36493.0,14596128.0
2011-06-09,26,35853.0,17984420.0
2011-06-12,25,40017.0,13882538.0
2011-06-13,26,36169.0,13799000.0
2011-06-14,25,32168.0,9177553.0
2011-06-15,30,56723.0,13932222.0
2011-06-16,32,45076.0,12719677.0
2011-06-19,28,25047.0,9927806.0
2011-06-20,28,25047.0,9927806.0
2011-06-21,26,50913.0,25146344.0
2011-06-23,32,92883.0,40556889.0
2011-06-26,31,86072.0,33837894.0
2011-06-27,23,23313.0,9225868.0
2011-06-29,31,55609.0,15777311.0
2011-06-30,29,60938.0,18260143.0
2011-07-03,30,795217.0,195639131.0
2011-07-04,31,112242.0,36588821.0
2011-07-05,33,105213.0,34883999.0
2011-07-06,31,94277.0,23159712.0
2011-07-07,29,34849.0,10442808.0
2011-07-10,28,45695.0,15638822.0
2011-07-11,31,56318.0,19179016.0
2011-07-12,29,38869.0,14904796.0
2011-07-13,32,66893.0,22279131.0
2011-07-14,31,252500.0,67416384.0
2011-07-17,19,13329.0,5244785.0
2011-07-18,26,52894.0,19595260.0
2011-07-19,31,356720.0,32322770.0
2011-07-20,33,67769.0,26315332.0
2011-07-21,29,350038.0,34856205.0
2011-07-24,32,40012.0,16722506.0
2011-07-25,25,18661.0,5223154.0
2011-07-26,25,19914.0,9408492.0
2011-07-27,32,123868.0,23385110.0
2011-07-28,30,208790.0,19601213.0
2011-07-31,33,312490.0,20942016.0
2011-08-01,28,30029.0,7814870.0
2011-08-02,30,31222.0,8928283.0
2011-08-03,34,49554.0,12965797.0
2011-08-04,31,59660.0,12447648.0
2011-08-07,28,179793.0,46832126.0
2011-08-08,29,29701.0,8844783.0
2011-08-09,32,153149.0,18656192.0
2011-08-10,32,139692.0,14330728.0
2011-08-11,34,52863.0,10783525.0
2011-08-15,28,58481.0,14678278.0
2011-08-16,33,41663.0,11992411.0
2011-08-17,35,52084.0,18053978.0
2011-08-18,30,64724.0,17049791.0
2011-08-22,32,20259.0,6013269.0
2011-08-23,33,56349.0,12021832.0
2011-08-24,29,36584.0,8499925.0
2011-08-25,28,47961.0,9659651.0
2011-08-28,31,26857.0,10373645.0
2011-08-29,31,42890.0,10406590.0
2011-08-30,30,38845.0,15517632.0
2011-09-01,30,53742.0,13482641.0
2011-09-04,35,49180.0,11864695.0
2011-09-05,32,39720.0,11743147.0
2011-09-06,32,56801.0,11726730.0
2011-09-07,35,43103.0,11207436.0
2011-09-08,29,54811.0,9617387.0
2011-09-12,32,51656.0,8951704.0
2011-09-13,35,69576.0,10782983.0
2011-09-14,31,59650.0,19006266.0
2011-09-15,31,73444.0,18493358.0
2011-09-18,33,40294.0,11081172.0
2011-09-19,30,45908.0,10423737.0
2011-09-20,33,63820.0,9990694.0
2011-09-21,31,41228.0,8247262.0
2011-09-22,32,67147.0,14888915.0
2011-09-25,35,227898.0,59996370.0
2011-09-26,33,90271.0,22029564.0
2011-09-27,33,58102.0,10225363.0
2011-09-29,30,26709.0,7780781.0
2011-10-02,24,89032.0,9653035.0
2011-10-09,18,13120.0,2197977.0
2011-10-10,26,28712.0,4366216.0
2011-10-12,30,32960.0,8696175.0
2011-10-13,31,63458.0,9313165.0
2011-10-16,28,874343.0,59428311.0
2011-10-17,34,47025.0,7844278.0
2011-10-18,31,45860.0,7829902.0
2011-10-19,33,58441.0,17825680.0
2011-10-20,32,58740.0,22243456.0
2011-10-23,35,104033.0,17786226.0
2011-10-24,35,122771.0,24351066.0
2011-10-25,30,90223.0,18342715.0
2011-10-30,29,51111.0,9989280.0
2011-10-31,34,104733.0,16054269.0
2011-11-02,29,42985.0,8757032.0
2011-11-03,37,125252.0,27997436.0
2011-11-06,33,87279.0,21415047.0
2011-11-08,37,57076.0,13827629.0
2011-11-09,34,39641.0,10846042.0
2011-11-10,37,290742.0,37396466.0
2011-11-13,38,53008.0,13083896.0
2011-11-14,34,64371.0,13032923.0
2011-11-15,34,1079661.0,159558233.0
2011-11-16,33,47007.0,13901297.0
2011-11-17,38,56044.0,12297923.0
2011-11-20,38,73829.0,21006963.0
2011-11-21,38,230681.0,24570427.0
2011-11-22,34,45692.0,8815168.0
2011-11-23,34,179470.0,22968285.0
2011-11-24,33,47675.0,10624336.0
2011-11-27,31,39850.0,11033543.0
2011-11-28,25,38241.0,22738792.0
2011-11-29,1,2778.0,445990.0
2011-12-01,32,50206.0,22375120.0
2011-12-04,29,32107.0,15973019.0
2011-12-05,32,55183.0,22413360.0
2011-12-06,28,242894.0,30139736.0
2011-12-07,36,54599.0,22224341.0
2011-12-08,30,55023.0,18441135.0
2011-12-11,31,68014.0,22321983.0
2011-12-12,25,40461.0,16391776.0
2011-12-13,32,37972.0,15355528.0
2011-12-14,27,142645.0,31959837.0
2011-12-15,33,74660.0,17414112.0
2011-12-18,25,39088.0,17775155.0
2011-12-19,25,40124.0,19165941.0
2011-12-20,28,34826.0,18955848.0
2011-12-21,31,57268.0,25263079.0
2011-12-22,32,137273.0,43243243.0
2011-12-26,32,122032.0,50658204.0
2011-12-27,38,92227.0,18130367.0
2011-12-28,36,47622.0,13488618.0
2011-12-29,36,52421.0,14065168.0
2012-01-01,34,47680.0,13924525.0
2012-01-02,37,46743.0,15162357.0
2012-01-03,35,48056.0,17276278.0
2012-01-04,35,58036.0,24235959.0
2012-01-05,33,39393.0,12138026.0
2012-01-08,33,454969.0,39992556.0
2012-01-09,36,691953.0,48711418.0
2012-01-10,31,32666.0,9276228.0
2012-01-11,34,32327.0,9743723.0
2012-01-12,38,33280.0,8497832.0
2012-01-16,30,28845.0,7980218.0
2012-01-17,31,29721.0,6628782.0
2012-01-18,29,32097.0,8661389.0
2012-01-19,24,16392.0,5856868.0
2012-01-22,33,50468.0,11673667.0
2012-01-23,36,37904.0,13227931.0
2012-01-25,29,17716.0,4796124.0
2012-01-26,34,99540.0,35397996.0
2012-01-29,32,50670.0,14303637.0
2012-01-31,35,186900.0,43107550.0
2012-02-01,39,29849.0,8026946.0
2012-02-02,34,37453.0,10805479.0
2012-02-05,32,33301.0,7791485.0
2012-02-06,33,79332.0,19430551.0
2012-02-07,36,53710.0,14105157.0
2012-02-08,32,62190.0,19949108.0
2012-02-09,28,27755.0,8710515.0
2012-02-12,34,41225.0,12700935.0
2012-02-13,32,39446.0,10859716.0
2012-02-14,31,29837.0,10591912.0
2012-02-15,32,26709.0,7478011.0
2012-02-16,30,33932.0,15288036.0
2012-02-21,30,25483.0,7255386.0
2012-02-23,36,47796.0,13647610.0
2012-02-26,36,47375.0,13440510.0
2012-02-27,35,36581.0,10290953.0
2012-02-28,35,36763.0,11693246.0
2012-02-29,37,55465.0,12999644.0
2012-03-01,35,68825.0,32583902.0
2012-03-04,36,39555.0,15908244.0
2012-03-05,34,40144.0,13444260.0
2012-03-06,37,51101.0,11997929.0
2012-03-11,39,36927.0,13672341.0
2012-03-12,37,58297.0,16697896.0
2012-03-13,34,206498.0,111835326.0
2012-03-14,31,57917.0,13571627.0
2012-03-15,30,26538.0,7495540.0
2012-03-18,39,47353.0,12683217.0
2012-03-19,40,47217.0,18021473.0
2012-03-20,41,28591.0,8993929.0
2012-03-21,37,28165.0,9584641.0
2012-03-25,36,25789.0,6866247.0
2012-03-26,33,34512.0,14945329.0
2012-03-27,36,46647.0,11819265.0
2012-03-28,37,80544.0,33837448.0
2012-03-29,36,29662.0,8713247.0
2012-04-01,38,85763.0,14681985.0
2012-04-02,38,48557.0,7593085.0
2012-04-03,35,46206.0,13374192.0
2012-04-04,35,41638.0,9458150.0
2012-04-05,35,40696.0,13775044.0
2012-04-08,36,56681.0,9889149.0
2012-04-09,32,46434.0,11464928.0
2012-04-10,34,46567.0,11648526.0
2012-04-11,31,68951.0,20977149.0
2012-04-12,42,118264.0,29972317.0
2012-04-15,35,143198.0,42220940.0
2012-04-16,25,26448.0,7942041.0
2012-04-17,35,149124.0,58222898.0
2012-04-18,38,165602.0,50158922.0
2012-04-19,44,201655.0,53024859.0
2012-04-22,36,240997.0,65962478.0
2012-04-24,33,74045.0,29696153.0
2012-04-25,31,86721.0,30569884.0
2012-04-26,40,503367.0,177029179.0
2012-04-29,39,261831.0,101285510.0
2012-04-30,38,180623.0,62654184.0
2012-05-02,28,84462.0,20923717.0
2012-05-03,34,78695.0,35645579.0
2012-05-07,32,157072.0,57940436.0
2012-05-08,35,239094.0,103804220.0
2012-05-09,39,221545.0,97927720.0
2012-05-10,41,225393.0,79744585.0
2012-05-13,34,89755.0,34625213.0
2012-05-14,32,91832.0,39275080.0
2012-05-15,35,79450.0,23740952.0
2012-05-16,26,48868.0,12785200.0
2012-05-17,38,240843.0,103102297.0
2012-05-20,36,155866.0,53368198.0
2012-05-21,40,163655.0,55865067.0
2012-05-22,40,103884.0,42009918.0
2012-05-23,29,54624.0,24766009.0
2012-05-24,42,140643.0,49372321.0
2012-05-27,37,135224.0,62073589.0
2012-05-29,29,34079.0,7082672.0
2012-05-30,27,64705.0,23415110.0
2012-05-31,25,119526.0,49174606.0
2012-06-03,32,115192.0,42546783.0
2012-06-04,36,130544.0,44429334.0
2012-06-05,41,93382.0,30170472.0
2012-06-06,38,93343.0,26852390.0
2012-06-07,38,114820.0,31158211.0
2012-06-10,36,89856.0,25061811.0
2012-06-11,41,66617.0,19821563.0
2012-06-12,43,89505.0,22210225.0
2012-06-13,42,85237.0,18654830.0
2012-06-14,39,80793.0,18497498.0
2012-06-17,42,78704.0,21465990.0
2012-06-18,37,63297.0,17664660.0
2012-06-19,41,77072.0,28209503.0
2012-06-20,38,69850.0,31809672.0
2012-06-21,38,189770.0,112472633.0
2012-06-25,38,79651.0,22889488.0
2012-06-26,38,50936.0,18835066.0
2012-06-27,37,92917.0,29005342.0
2012-06-28,38,110979.0,38968498.0
2012-07-01,38,83928.0,35206858.0
2012-07-02,38,150316.0,38624858.0
2012-07-03,36,83048.0,34192486.0
2012-07-04,37,142799.0,38225920.0
2012-07-05,39,95629.0,35340519.0
2012-07-08,39,85248.0,25401812.0
2012-07-09,41,133210.0,37538666.0
2012-07-10,37,93311.0,43861058.0
2012-07-11,40,67084.0,30368334.0
2012-07-12,39,198416.0,93361762.0
2012-07-15,31,131993.0,53394107.0
2012-07-16,35,90825.0,42787699.0
2012-07-17,40,68176.0,26178216.0
2012-07-18,40,99321.0,37873276.0
2012-07-19,39,156643.0,52470175.0
2012-07-22,39,177301.0,70983074.0
2012-07-23,36,173189.0,66429360.0
2012-07-24,40,106766.0,51027199.0
2012-07-25,38,197889.0,110923397.0
2012-07-26,40,69733.0,30250516.0
2012-07-29,31,55091.0,28969145.0
2012-07-30,40,99198.0,37784291.0
2012-07-31,35,82478.0,34611895.0
2012-08-01,39,89427.0,44436229.0
2012-08-05,36,74440.0,38107684.0
2012-08-06,38,89385.0,43558694.0
2012-08-07,39,92296.0,44742411.0
2012-08-08,36,98202.0,51539682.0
2012-08-12,40,100640.0,55786990.0
2012-08-13,40,105739.0,45188923.0
2012-08-14,39,98601.0,49889735.0
2012-08-15,38,91281.0,52140815.0
2012-08-16,36,104315.0,49781048.0
2012-08-19,39,66971.0,30007340.0
2012-08-21,37,97703.0,49079931.0
2012-08-22,42,73071.0,28302033.0
2012-08-23,40,78564.0,37529784.0
2012-08-26,38,100608.0,36473406.0
2012-08-27,40,127204.0,60550974.0
2012-08-28,44,118103.0,49806162.0
2012-08-29,41,93971.0,36940036.0
2012-08-30,43,98123.0,41628928.0
2012-09-02,42,101351.0,47884005.0
2012-09-03,43,133313.0,49747243.0
2012-09-04,43,117216.0,51427257.0
2012-09-05,42,115065.0,40959240.0
2012-09-06,43,182701.0,55421141.0
2012-09-09,46,117320.0,48284585.0
2012-09-10,43,89164.0,40164070.0
2012-09-11,45,152185.0,67256340.0
2012-09-12,46,163354.0,69077396.0
2012-09-13,46,140902.0,65470901.0
2012-09-16,44,164102.0,66477489.0
2012-09-17,46,116220.0,49894504.0
2012-09-18,48,201343.0,85036399.0
2012-09-19,47,159034.0,64028642.0
2012-09-20,50,120393.0,55999278.0
2012-09-23,44,150650.0,98641541.0
2012-09-24,43,128090.0,74234566.0
2012-09-25,43,103974.0,38106109.0
2012-09-26,47,132889.0,57456395.0
2012-09-30,46,128686.0,41392109.0
2012-10-01,43,129221.0,50366955.0
2012-10-02,44,118742.0,43510811.0
2012-10-03,46,151227.0,48102121.0
2012-10-04,43,165049.0,63609383.0
2012-10-07,48,258402.0,84606855.0
2012-10-08,47,131827.0,45017062.0
2012-10-09,47,129058.0,51658794.0
2012-10-10,47,88977.0,33121033.0
2012-10-11,47,136087.0,41134034.0
2012-10-14,43,94476.0,29424563.0
2012-10-15,43,113767.0,37521358.0
2012-10-17,36,70472.0,26511503.0
2012-10-18,43,99711.0,37110507.0
2012-10-30,44,101742.0,30468788.0
2012-10-31,40,105504.0,41815811.0
2012-11-01,42,126417.0,42289661.0
2012-11-04,42,146061.0,48032439.0
2012-11-05,45,154022.0,57940565.0
2012-11-06,43,134493.0,54491171.0
2012-11-07,44,191049.0,77095736.0
2012-11-08,42,267255.0,117734334.0
2012-11-11,45,185962.0,77771490.0
2012-11-12,40,192479.0,67937878.0
2012-11-18,41,188502.0,78820427.0
2012-11-20,44,280881.0,113582610.0
2012-11-21,41,292179.0,122263716.0
2012-11-22,40,276540.0,106405745.0
2012-11-25,42,257352.0,101924624.0
2012-11-26,41,165260.0,71616887.0
2012-11-27,42,183020.0,85040666.0
2012-11-28,43,176734.0,76848748.0
2012-11-29,41,133774.0,54735600.0
2012-12-02,35,175565.0,68090513.0
2012-12-03,39,90048.0,44776231.0
2012-12-04,42,172799.0,75861196.0
2012-12-05,43,223790.0,105908815.0
2012-12-06,44,213101.0,92709111.0
2012-12-09,40,111059.0,52971393.0
2012-12-10,38,104822.0,48408763.0
2012-12-11,41,107435.0,55952654.0
2012-12-12,42,147644.0,60059795.0
2012-12-13,46,139069.0,58697691.0
2012-12-16,42,223626.0,122579268.0
2012-12-17,45,319203.0,155679435.0
2012-12-18,41,182428.0,86490791.0
2012-12-19,43,204185.0,105530082.0
2012-12-20,44,323780.0,120013088.0
2012-12-23,41,237378.0,98688080.0
2012-12-24,41,249277.0,104916820.0
2012-12-26,43,289060.0,131430707.0
2012-12-27,42,269723.0,130365888.0
2012-12-31,39,158438.0,68330858.0
2013-01-01,41,133711.0,62640076.0
2013-01-02,41,149780.0,72350388.0
2013-01-03,40,232720.0,84352696.0
2013-01-06,41,143251.0,75249088.0
2013-01-07,44,124341.0,70457330.0
2013-01-08,36,56209.0,19624073.0
2013-01-09,38,98696.0,41104134.0
2013-01-10,40,142061.0,67041757.0
2013-01-13,40,302262.0,107997454.0
2013-01-15,42,162975.0,69749511.0
2013-01-16,39,121600.0,53838318.0
2013-01-17,45,118649.0,52098896.0
2013-01-20,37,78725.0,42160802.0
2013-01-21,37,94254.0,39051778.0
2013-01-22,39,112776.0,50264692.0
2013-01-23,43,128587.0,51800028.0
2013-01-24,43,196218.0,72148327.0
2013-01-27,41,113553.0,50392831.0
2013-01-28,41,102771.0,46690910.0
2013-01-30,40,134736.0,73445151.0
2013-01-31,43,104420.0,59119801.0
2013-02-03,41,188647.0,82085188.0
2013-02-04,47,212897.0,67586771.0
2013-02-05,46,191124.0,70563547.0
2013-02-06,40,202452.0,79352932.0
2013-02-07,39,128229.0,50780775.0
2013-02-10,40,137141.0,57544105.0
2013-02-12,43,312827.0,136458429.0
2013-02-13,46,161218.0,92832485.0
2013-02-14,45,218642.0,111289582.0
2013-02-17,37,107737.0,62378042.0
2013-02-19,41,390503.0,205274256.0
2013-02-20,46,207452.0,95760477.0
2013-02-21,43,234956.0,109815419.0
2013-02-24,41,148247.0,64692929.0
2013-02-25,43,244493.0,112411506.0
2013-02-26,40,276836.0,127424909.0
2013-02-27,45,171952.0,72204238.0
2013-02-28,39,199070.0,81189764.0
2013-03-03,40,251745.0,107103542.0
2013-03-04,38,241591.0,108022073.0
2013-03-05,42,252310.0,104243353.0
2013-03-06,41,180786.0,79409183.0
2013-03-07,44,165628.0,77239061.0
2013-03-11,44,149202.0,79360414.0
2013-03-13,43,184147.0,87910719.0
2013-03-14,40,248191.0,114579954.0
2013-03-17,41,139357.0,74465688.0
2013-03-18,44,150217.0,64582292.0
2013-03-19,39,173103.0,84064543.0
2013-03-20,43,147171.0,66174690.0
2013-03-21,41,132899.0,53994374.0
2013-03-24,39,121479.0,67092553.0
2013-03-25,37,147625.0,65009132.0
2013-03-27,40,113148.0,48225279.0
2013-03-28,41,130309.0,62614081.0
2013-03-31,41,149682.0,66823813.0
2013-04-01,43,166209.0,76251451.0
2013-04-02,42,150702.0,63399986.0
2013-04-03,40,109678.0,50074683.0
2013-04-04,42,111815.0,54199721.0
2013-04-07,43,70130.0,36035337.0
2013-04-08,42,110657.0,54000195.0
2013-04-09,44,91960.0,50307533.0
2013-04-11,45,141564.0,67647385.0
2013-04-15,43,124415.0,65363587.0
2013-04-16,40,109084.0,82111998.0
2013-04-17,42,158087.0,94694186.0
2013-04-18,42,80196.0,42677712.0
2013-04-21,40,140716.0,90590798.0
2013-04-22,40,167177.0,97478746.0
2013-04-23,42,129587.0,68386196.0
2013-04-25,39,195807.0,54893852.0
2013-04-28,40,286204.0,66539317.0
2013-04-29,42,124753.0,50305335.0
2013-04-30,47,120624.0,64641961.0
2013-05-02,43,111338.0,48465870.0
2013-05-05,37,112765.0,46718909.0
2013-05-06,37,383699.0,179715952.0
2013-05-07,37,175880.0,76955210.0
2013-05-08,43,207739.0,103395620.0
2013-05-09,40,70341.0,31532534.0
2013-05-12,44,73124.0,36018177.0
2013-05-13,43,151744.0,59000475.0
2013-05-14,39,156136.0,57713010.0
2013-05-15,38,123139.0,65495841.0
2013-05-16,34,124446.0,51829938.0
2013-05-19,40,105889.0,62178275.0
2013-05-20,44,88559.0,48420747.0
2013-05-21,41,143185.0,50944065.0
2013-05-22,41,103105.0,55843404.0
2013-05-23,46,89396.0,50793785.0
2013-05-26,39,104336.0,54976316.0
2013-05-27,44,146004.0,59096751.0
2013-05-28,42,158667.0,54401602.0
2013-05-30,41,395683.0,185516827.0
2013-06-02,40,120387.0,49578716.0
2013-06-03,44,100651.0,36453645.0
2013-06-04,45,105476.0,37576801.0
2013-06-05,37,131685.0,43574878.0
2013-06-06,40,64857.0,31525551.0
2013-06-09,40,87453.0,31933741.0
2013-06-10,42,97491.0,43495078.0
2013-06-11,37,84211.0,40095139.0
2013-06-12,40,85082.0,34541664.0
2013-06-13,41,118025.0,41851174.0
2013-06-16,38,100442.0,88950199.0
2013-06-17,38,66946.0,30975932.0
2013-06-18,43,104752.0,59150630.0
2013-06-19,40,78703.0,31947502.0
2013-06-20,41,122032.0,71000969.0
2013-06-23,41,81853.0,32569913.0
2013-06-24,43,139000.0,51390783.0
2013-06-25,43,161985.0,77561188.0
2013-06-26,43,173636.0,68347708.0
2013-06-27,47,106618.0,50833308.0
2013-06-30,43,132174.0,47582414.0
2013-07-01,46,107474.0,57307230.0
2013-07-02,48,118914.0,57281836.0
2013-07-03,44,149623.0,50371024.0
2013-07-04,48,195718.0,75374733.0
2013-07-07,50,101032.0,56277218.0
2013-07-08,51,173938.0,97821870.0
2013-07-09,47,136178.0,63172797.0
2013-07-10,48,179967.0,75900535.0
2013-07-11,46,116036.0,52684198.0
2013-07-14,41,146313.0,58716952.0
2013-07-15,46,62844.0,30447717.0
2013-07-16,45,94635.0,41717806.0
2013-07-17,42,133122.0,47016278.0
2013-07-18,46,152166.0,91599419.0
2013-07-21,46,247822.0,131116022.0
2013-07-22,49,218148.0,100657738.0
2013-07-23,50,181657.0,76928326.0
2013-07-24,49,167053.0,82636012.0
2013-07-25,49,159858.0,89224178.0
2013-07-28,45,243024.0,109498766.0
2013-07-29,52,332424.0,136274864.0
2013-07-30,53,255549.0,118730111.0
2013-07-31,52,348119.0,175781507.0
2013-08-01,51,867513.0,203387210.0
2013-08-04,53,263006.0,124466132.0
2013-08-05,54,200800.0,87094304.0
2013-08-06,50,236932.0,116224510.0
2013-08-07,54,214943.0,90196457.0
2013-08-08,51,297053.0,124848302.0
2013-08-11,53,200857.0,92525677.0
2013-08-12,55,214099.0,110971159.0
2013-08-13,53,265240.0,117999357.0
2013-08-14,54,245583.0,104992284.0
2013-08-15,53,237755.0,109042101.0
2013-08-18,53,276534.0,123132942.0
2013-08-19,55,310159.0,152038723.0
2013-08-20,54,365514.0,147419584.0
2013-08-25,54,423062.0,183356615.0
2013-08-26,55,436301.0,177072352.0
2013-08-27,56,496142.0,208404538.0
2013-08-29,52,417271.0,207066774.0
2013-09-01,55,421231.0,215133665.0
2013-09-02,56,376272.0,154809890.0
2013-09-03,56,366748.0,152655475.0
2013-09-04,52,318502.0,128849127.0
2013-09-05,52,382409.0,125917687.0
2013-09-08,47,272431.0,200162045.0
2013-09-09,55,396120.0,150652630.0
2013-09-10,54,273577.0,145272345.0
2013-09-11,55,250095.0,146634056.0
2013-09-12,50,218873.0,154266518.0
2013-09-15,51,205737.0,104748365.0
2013-09-16,54,173439.0,98840233.0
2013-09-17,55,436914.0,153305582.0
2013-09-19,53,240635.0,99335548.0
2013-09-22,52,176247.0,80882897.0
2013-09-23,51,187132.0,81164014.0
2013-09-24,49,265234.0,96672242.0
2013-09-25,50,165840.0,70174960.0
2013-09-26,47,211562.0,64516339.0
2013-09-29,48,239276.0,91242501.0
2013-09-30,48,232849.0,75078312.0
2013-10-01,48,292658.0,89648454.0
2013-10-02,45,414472.0,84988793.0
2013-10-03,49,230072.0,73829019.0
2013-10-06,46,273948.0,92678556.0
2013-10-07,49,173764.0,69053358.0
2013-10-08,48,168393.0,67528934.0
2013-10-09,44,205094.0,105475787.0
2013-10-10,48,181684.0,86791111.0
2013-10-17,37,73740.0,37887869.0
2013-10-20,48,245706.0,121927414.0
2013-10-21,52,305273.0,147686265.0
2013-10-22,53,214142.0,99401341.0
2013-10-23,49,270572.0,98715453.0
2013-10-24,52,303422.0,139792802.0
2013-10-27,52,217689.0,107275605.0
2013-10-28,50,184607.0,83241833.0
2013-10-29,55,233711.0,91260202.0
2013-10-30,51,267012.0,112414931.0
2013-10-31,49,390103.0,141597618.0
2013-11-06,45,196293.0,62326117.0
2013-11-07,50,224144.0,96987155.0
2013-11-10,24,143645.0,41553458.0
2013-11-11,48,340387.0,160001664.0
2013-11-12,48,630651.0,225735963.0
2013-11-13,53,542364.0,229589869.0
2013-11-14,53,772534.0,280063327.0
2013-11-21,38,145974.0,90450731.0
2013-11-24,51,928625.0,392850998.0
2013-11-25,52,711363.0,282616553.0
2013-11-26,49,529072.0,238177205.0
2013-11-27,51,507824.0,219765857.0
2013-11-28,56,466810.0,216975146.0
2013-12-01,53,637942.0,304272477.0
2013-12-02,54,634089.0,302347700.0
2013-12-03,57,949904.0,399929638.0
2013-12-04,54,849773.0,429789472.0
2013-12-05,60,1006347.0,482578940.0
2013-12-08,57,634928.0,334748191.0
2013-12-09,53,494752.0,242298163.0
2013-12-10,60,535199.0,255520122.0
2013-12-11,58,620449.0,307871375.0
2013-12-12,55,545679.0,289231811.0
2013-12-15,52,752101.0,408638015.0
2013-12-16,49,491261.0,273776561.0
2013-12-18,48,555741.0,316239866.0
2013-12-19,51,993189.0,622921470.0
2013-12-22,56,1141913.0,625749577.0
2013-12-23,54,667860.0,385872700.0
2013-12-24,50,746734.0,420140746.0
2013-12-26,53,702990.0,418536731.0
2013-12-29,54,617105.0,348437156.0
2013-12-31,50,418534.0,271547024.0
2014-01-01,49,475052.0,268090318.0
2014-01-02,47,506826.0,299431715.0
2014-01-05,52,435100.0,263769764.0
2014-01-06,55,284999.0,173764237.0
2014-01-07,51,432430.0,246825793.0
2014-01-08,53,543934.0,321722730.0
2014-01-09,53,432064.0,280321066.0
2014-01-12,56,527655.0,351175618.0
2014-01-13,58,420124.0,258233031.0
2014-01-14,56,538345.0,319678009.0
2014-01-16,54,539230.0,337390384.0
2014-01-19,50,1617753.0,705078667.0
2014-01-20,56,490020.0,272285034.0
2014-01-21,58,320806.0,213249587.0
2014-01-22,59,434750.0,283782048.0
2014-01-23,57,402195.0,263564481.0
2014-01-26,53,386457.0,242269084.0
2014-01-27,53,251291.0,142709532.0
2014-01-28,55,334915.0,203001913.0
2014-01-29,56,396421.0,251373411.0
2014-02-02,54,315024.0,198428056.0
2014-02-03,55,296691.0,156369408.0
2014-02-04,51,328700.0,164149682.0
2014-02-06,57,370613.0,200028957.0
2014-02-09,59,468644.0,207226627.0
2014-02-10,54,618689.0,340166795.0
2014-02-11,58,430240.0,240052984.0
2014-02-12,60,561348.0,313889567.0
2014-02-13,60,443129.0,208036550.0
2014-02-16,57,194513.0,126685596.0
2014-02-17,57,229984.0,170509596.0
2014-02-18,56,349316.0,239516767.0
2014-02-20,57,329865.0,277615068.0
2014-02-23,57,444690.0,320396348.0
2014-02-24,57,415875.0,335959463.0
2014-02-25,57,282816.0,223814342.0
2014-02-26,56,254131.0,210374869.0
2014-03-03,54,254112.0,220381533.0
2014-03-04,51,276151.0,190972801.0
2014-03-05,56,419525.0,236950627.0
2014-03-06,57,436506.0,225039108.0
2014-03-09,55,487217.0,250722354.0
2014-03-10,54,459417.0,249780880.0
2014-03-11,57,289662.0,203736150.0
2014-03-12,56,307838.0,197361246.0
2014-03-13,59,218064.0,158033684.0
2014-03-17,56,195765.0,161243044.0
2014-03-18,49,276917.0,190956416.0
2014-03-19,55,270538.0,222390801.0
2014-03-20,56,211986.0,163841916.0
2014-03-23,53,260744.0,204793699.0
2014-03-24,58,668260.0,264623331.0
2014-03-25,56,221871.0,185070865.0
2014-03-26,61,367487.0,233043798.0
2014-03-27,59,442686.0,265673274.0
2014-03-31,61,716422.0,327148896.0
2014-04-01,62,610945.0,365968519.0
2014-04-02,60,554931.0,372859915.0
2014-04-03,62,513954.0,312281049.0
2014-04-06,59,315023.0,242142982.0
2014-04-07,57,337353.0,250948406.0
2014-04-09,61,392378.0,357282598.0
2014-04-10,60,548100.0,387243963.0
2014-04-13,59,641980.0,403538740.0
2014-04-15,58,298133.0,222289995.0
2014-04-16,57,401909.0,248343022.0
2014-04-17,63,328754.0,202928873.0
2014-04-20,60,335628.0,212375264.0
2014-04-21,62,278180.0,200836113.0
2014-04-22,64,300652.0,223718587.0
2014-04-23,63,334722.0,278159704.0
2014-04-27,57,305847.0,201092874.0
2014-04-28,61,444800.0,262170514.0
2014-04-29,63,525419.0,283799393.0
2014-04-30,59,529035.0,354239160.0
2014-05-04,58,402322.0,330562673.0
2014-05-05,58,815545.0,404026793.0
2014-05-06,63,792226.0,421898202.0
2014-05-07,63,804590.0,522566896.0
2014-05-08,62,446658.0,315054713.0
2014-05-11,62,393934.0,260731040.0
2014-05-12,61,724335.0,409653462.0
2014-05-13,63,532492.0,319669218.0
2014-05-15,56,578321.0,303425296.0
2014-05-18,62,490104.0,314709946.0
2014-05-19,60,583758.0,334230830.0
2014-05-20,63,457053.0,342101279.0
2014-05-21,63,490787.0,323492686.0
2014-05-22,63,498887.0,375920040.0
2014-05-25,66,627761.0,481713426.0
2014-05-26,64,485669.0,309224574.0
2014-05-27,62,436932.0,281799767.0
2014-05-28,65,503952.0,319049815.0
2014-06-01,67,905531.0,423266983.0
2014-06-02,65,621358.0,453064720.0
2014-06-03,67,706623.0,443349926.0
2014-06-04,61,420583.0,290581824.0
2014-06-05,66,387055.0,265515575.0
2014-06-08,61,419341.0,289548195.0
2014-06-09,66,576994.0,356263960.0
2014-06-10,63,669274.0,444379233.0
2014-06-11,64,695772.0,438462179.0
2014-06-12,61,615731.0,401047795.0
2014-06-15,58,667711.0,445017776.0
2014-06-16,61,904444.0,580878537.0
2014-06-17,64,773967.0,520343369.0
2014-06-18,67,622261.0,403839138.0
2014-06-19,65,649595.0,387846443.0
2014-06-23,62,384188.0,242683338.0
2014-06-24,66,597528.0,395652470.0
2014-06-25,65,4094077.0,717256506.0
2014-06-26,64,752784.0,434064316.0
2014-06-29,63,708666.0,500934560.0
2014-06-30,67,562905.0,424319989.0
2014-07-01,68,781194.0,527220088.0
2014-07-02,66,907851.0,615675299.0
2014-07-03,66,804879.0,541873932.0
2014-07-06,66,931188.0,566204166.0
2014-07-07,68,1781622.0,613335116.0
2014-07-08,69,988837.0,672669499.0
2014-07-09,65,548978.0,342613947.0
2014-07-10,64,836716.0,542860776.0
2014-07-13,65,969927.0,621652151.0
2014-07-14,66,624180.0,408461742.0
2014-07-15,66,796374.0,516109441.0
2014-07-16,69,736596.0,505587298.0
2014-07-17,69,768645.0,598962542.0
2014-07-20,66,1156555.0,813701465.0
2014-07-21,68,1526422.0,982687907.0
2014-07-22,70,732633.0,558541022.0
2014-07-23,71,835159.0,544474124.0
2014-07-24,69,795324.0,557452909.0
2014-07-27,65,660823.0,438399855.0
2014-07-28,59,359515.0,237252782.0
2014-07-30,71,803724.0,451165144.0
2014-07-31,68,696884.0,448316527.0
2014-08-03,71,641420.0,387098286.0
2014-08-04,68,439148.0,320643130.0
2014-08-05,68,671899.0,423349714.0
2014-08-06,68,520295.0,415802707.0
2014-08-07,65,564121.0,435349310.0
2014-08-12,62,325334.0,250498283.0
2014-08-13,68,528967.0,389627102.0
2014-08-14,68,452611.0,329032500.0
2014-08-18,69,481168.0,387095094.0
2014-08-19,67,584839.0,427323515.0
2014-08-20,63,558105.0,422431653.0
2014-08-21,64,741605.0,568483013.0
2014-08-24,66,387234.0,293473386.0
2014-08-25,62,441434.0,367382661.0
2014-08-26,64,533955.0,465360856.0
2014-08-27,65,758468.0,547918843.0
2014-08-28,66,709537.0,507970632.0
2014-08-31,65,484574.0,417617339.0
2014-09-01,64,485294.0,382973456.0
2014-09-03,63,510892.0,266521159.0
2014-09-04,65,508160.0,317347864.0
2014-09-07,66,536292.0,338234153.0
2014-09-09,66,659551.0,419103752.0
2014-09-10,68,679097.0,417319918.0
2014-09-11,63,453471.0,278351092.0
2014-09-14,65,481146.0,278961172.0
2014-09-15,67,307096.0,221074490.0
2014-09-16,62,612198.0,413010023.0
2014-09-17,67,624236.0,423675898.0
2014-09-18,63,361168.0,244404878.0
2014-09-21,65,341334.0,225589755.0
2014-09-22,60,325665.0,263124786.0
2014-09-23,62,368371.0,210639567.0
2014-09-24,64,400159.0,235362324.0
2014-09-28,64,271428.0,157005045.0
2014-09-29,66,339270.0,222649844.0
2014-09-30,63,275574.0,211011801.0
2014-10-08,54,92044.0,71028335.0
2014-10-09,63,123342.0,76529527.0
2014-10-12,65,179398.0,126315373.0
2014-10-13,66,247793.0,151614971.0
2014-10-14,63,206495.0,128423920.0
2014-10-15,65,295813.0,191925970.0
2014-10-16,66,301877.0,210225142.0
2014-10-19,60,266112.0,180814518.0
2014-10-20,61,278426.0,189592691.0
2014-10-21,62,278550.0,200341039.0
2014-10-22,62,269464.0,204202934.0
2014-10-26,58,154105.0,108039429.0
2014-10-27,62,298149.0,223770009.0
2014-10-28,57,244312.0,181420180.0
2014-10-30,63,245970.0,205707113.0
2014-11-02,64,228282.0,173537684.0
2014-11-03,64,219662.0,145041279.0
2014-11-04,61,287950.0,166271812.0
2014-11-05,63,225885.0,150838084.0
2014-11-06,64,261389.0,182977171.0
2014-11-09,63,252992.0,171256913.0
2014-11-10,63,246236.0,162710519.0
2014-11-11,64,241744.0,174440350.0
2014-11-12,62,242371.0,168073984.0
2014-11-13,65,262460.0,194861663.0
2014-11-16,61,308731.0,199162136.0
2014-11-17,62,306314.0,168546595.0
2014-11-18,60,414170.0,233630424.0
2014-11-19,63,274879.0,183071003.0
2014-11-20,65,272133.0,179571953.0
2014-11-23,62,339321.0,213092783.0
2014-11-24,61,334500.0,164343789.0
2014-11-25,60,176657.0,112894651.0
2014-11-30,59,136938.0,97780981.0
2014-12-01,60,166647.0,116230928.0
2014-12-02,58,250831.0,145687867.0
2014-12-03,62,219450.0,138131374.0
2014-12-04,58,219451.0,147944352.0
2014-12-07,59,206597.0,125087873.0
2014-12-08,62,197523.0,107141098.0
2014-12-09,66,185480.0,140720268.0
2014-12-10,62,179090.0,107814229.0
2014-12-11,64,248844.0,152453019.0
2014-12-14,59,418013.0,237667667.0
2014-12-15,66,587656.0,311027493.0
2014-12-16,65,294287.0,177348696.0
2014-12-17,61,195622.0,126360055.0
2014-12-18,67,156181.0,95322441.0
2014-12-21,63,187956.0,107661586.0
2014-12-22,59,191352.0,124051123.0
2014-12-23,62,254829.0,138865173.0
2014-12-24,63,242704.0,142223606.0
2014-12-28,63,347131.0,213451853.0
2014-12-29,61,297779.0,185235670.0
2014-12-31,58,796112.0,339501901.0
2015-01-01,65,298249.0,151292478.0
2015-01-04,68,395172.0,238220743.0
2015-01-05,66,412613.0,243706742.0
2015-01-06,64,254786.0,160459429.0
2015-01-07,70,245144.0,162106265.0
2015-01-08,68,280332.0,189370583.0
2015-01-11,68,288375.0,203591404.0
2015-01-12,68,234234.0,165487254.0
2015-01-13,67,231720.0,173883454.0
2015-01-14,68,289448.0,201950443.0
2015-01-18,63,451265.0,409478414.0
2015-01-19,69,782622.0,714739485.0
2015-01-20,66,338474.0,227901457.0
2015-01-22,57,272187.0,178129757.0
2015-01-25,65,303891.0,184625004.0
2015-01-26,69,340887.0,212880395.0
2015-01-27,70,286278.0,175186787.0
2015-01-28,70,321952.0,205783874.0
2015-01-29,65,396477.0,219055327.0
2015-02-01,67,354315.0,203278773.0
2015-02-02,69,367884.0,222265235.0
2015-02-03,67,462383.0,254779806.0
2015-02-04,71,390537.0,255063677.0
2015-02-05,68,304454.0,182119575.0
2015-02-08,68,287411.0,195061182.0
2015-02-09,67,328068.0,233223454.0
2015-02-10,72,291980.0,198211788.0
2015-02-11,68,211861.0,150328537.0
2015-02-12,72,314323.0,216353331.0
2015-02-15,69,321818.0,196637882.0
2015-02-16,73,455194.0,255873296.0
2015-02-18,72,353412.0,202139632.0
2015-02-22,68,346611.0,216637770.0
2015-02-23,67,347816.0,204155947.0
2015-02-24,65,245832.0,144077797.0
2015-02-25,67,247016.0,139749358.0
2015-02-26,65,253412.0,131943124.0
2015-03-01,67,299910.0,155783079.0
2015-03-02,69,252985.0,153318378.0
2015-03-03,67,209139.0,140776008.0
2015-03-04,69,283212.0,183097575.0
2015-03-09,68,447355.0,219136370.0
2015-03-10,67,338950.0,172766231.0
2015-03-11,67,264822.0,135708344.0
2015-03-12,67,262183.0,125318868.0
2015-03-15,64,149572.0,83173137.0
2015-03-16,67,227818.0,135986327.0
2015-03-17,71,203930.0,138518204.0
2015-03-18,65,184235.0,104253495.0
2015-03-19,67,216178.0,130161855.0
2015-03-22,66,245497.0,133284521.0
2015-03-23,63,219508.0,129509948.0
2015-03-24,64,234570.0,126706963.0
2015-03-25,67,179209.0,126861134.0
2015-03-26,62,223410.0,150866439.0
2015-03-29,57,148159.0,100065584.0
2015-03-30,62,148648.0,85240150.0
2015-03-31,63,201747.0,111581751.0
2015-04-01,62,132501.0,87873067.0
2015-04-02,64,243619.0,118619463.0
2015-04-05,61,123658.0,79775796.0
2015-04-06,57,152398.0,151816606.0
2015-04-07,58,125360.0,114585003.0
2015-04-08,63,214089.0,142941156.0
2015-04-09,60,199090.0,137291389.0
2015-04-12,65,276860.0,176288570.0
2015-04-13,59,234233.0,129231936.0
2015-04-15,61,163287.0,89779834.0
2015-04-16,63,206046.0,153702847.0
2015-04-19,59,177272.0,117913290.0
2015-04-20,57,185475.0,115004714.0
2015-04-21,61,240913.0,156854940.0
2015-04-22,59,190543.0,122445805.0
2015-04-23,64,223432.0,176471500.0
2015-05-24,17,9503.0,9523514.0
2015-05-25,25,57385.0,102063865.0
2015-05-26,38,221377.0,119115638.0
2015-05-27,36,218142.0,128577939.0
2015-05-28,44,299191.0,139640935.0
2015-05-31,54,329476.0,159787343.0
2015-06-01,49,400940.0,218341548.0
2015-06-02,58,345279.0,196658786.0
2015-06-03,61,536757.0,266979089.0
2015-06-04,58,356749.0,194096697.0
2015-06-07,63,316312.0,174659916.0
2015-06-08,65,510525.0,277596646.0
2015-06-09,68,791684.0,417930903.0
2015-06-10,64,405472.0,213939743.0
2015-06-11,65,383476.0,209001729.0
2015-06-14,63,271397.0,148284016.0
2015-06-15,60,264256.0,160434603.0
2015-06-16,64,245524.0,132443271.0
2015-06-17,60,212139.0,116827493.0
2015-06-18,59,217043.0,136166355.0
2015-06-21,59,229415.0,128017671.0
2015-06-22,63,230524.0,153058364.0
2015-06-23,63,233754.0,156982017.0
2015-06-24,66,346663.0,193194157.0
2015-06-25,64,276938.0,171552040.0
2015-06-28,66,436523.0,308069699.0
2015-06-29,66,416924.0,313873884.0
2015-06-30,67,376968.0,279954316.0
2015-07-01,67,312557.0,249898523.0
2015-07-02,68,243618.0,169818893.0
2015-07-05,66,306304.0,143130264.0
2015-07-06,70,251843.0,173489763.0
2015-07-07,69,325419.0,196600159.0
2015-07-08,67,261299.0,153157549.0
2015-07-09,63,387131.0,214120508.0
2015-07-12,63,269365.0,228218888.0
2015-07-13,67,194951.0,130618401.0
2015-07-14,71,205161.0,133969940.0
2015-07-15,69,308677.0,191859568.0
2015-07-16,72,287211.0,183225579.0
2015-07-22,71,461787.0,327924361.0
2015-07-23,70,658012.0,412831742.0
2015-07-26,59,346749.0,181301381.0
2015-07-27,70,1313072.0,994870633.0
2015-07-28,67,601448.0,411474009.0
2015-07-29,69,432507.0,285964754.0
2015-07-30,66,524308.0,369290344.0
2015-08-02,58,342011.0,211462669.0
2015-08-03,68,484512.0,334583259.0
2015-08-04,70,460287.0,337813045.0
2015-08-05,68,435709.0,304919931.0
2015-08-06,72,637112.0,469322226.0
2015-08-09,69,695803.0,520925499.0
2015-08-10,63,784382.0,583994070.0
2015-08-11,68,620378.0,446978819.0
2015-08-12,64,600388.0,439989686.0
2015-08-13,64,675640.0,499129467.0
2015-08-16,64,1189558.0,831647724.0
2015-08-17,64,901004.0,667702337.0
2015-08-18,62,797854.0,598813168.0
2015-08-19,63,735471.0,525672281.0
2015-08-20,68,885679.0,609070586.0
2015-08-23,65,572355.0,431602829.0
2015-08-24,69,480625.0,358454862.0
2015-08-25,68,391324.0,263275774.0
2015-08-26,68,360634.0,254260970.0
2015-08-27,70,554809.0,730371095.0
2015-08-31,70,539357.0,482507786.0
2015-09-01,72,646724.0,493004187.0
2015-09-02,67,533899.0,482666760.0
2015-09-03,70,534514.0,449540946.0
2015-09-06,71,569663.0,394963369.0
2015-09-07,69,351690.0,252948352.0
2015-09-08,73,388580.0,270931145.0
2015-09-09,70,371340.0,278377912.0
2015-09-10,70,390436.0,284174754.0
2015-09-13,73,446779.0,355284127.0
2015-09-14,69,622204.0,420814265.0
2015-09-15,74,567942.0,462127196.0
2015-09-16,71,532050.0,405868639.0
2015-09-17,71,594959.0,434778252.0
2015-09-22,66,501182.0,382805632.0
2015-09-23,66,614913.0,431006668.0
2015-09-24,65,633758.0,488891690.0
2015-09-28,61,425023.0,391898937.0
2015-09-29,62,391654.0,308280872.0
2015-09-30,64,601962.0,484453731.0
2015-10-01,65,391594.0,346420163.0
2015-10-04,59,417464.0,390999818.0
2015-10-05,63,282251.0,267558535.0
2015-10-06,66,342532.0,285176855.0
2015-10-07,61,311721.0,254113549.0
2015-10-08,67,429864.0,355660903.0
2015-10-11,60,1054880.0,532832932.0
2015-10-14,63,281649.0,232807447.0
2015-10-15,63,192364.0,199105999.0
2015-10-18,56,241814.0,216008744.0
2015-10-19,54,243661.0,206972771.0
2015-10-25,38,49821.0,45962014.0
2015-10-27,52,221423.0,165904650.0
2015-10-28,53,279190.0,211604431.0
2015-10-29,59,252199.0,197720097.0
2015-11-01,61,194449.0,152106270.0
2015-11-02,55,193374.0,147427510.0
2015-11-03,57,185641.0,138306916.0
2015-11-04,55,147579.0,113815406.0
2015-11-05,56,250303.0,182839122.0
2015-11-08,54,214498.0,141621376.0
2015-11-09,57,272154.0,186455506.0
2015-11-10,62,204497.0,153458364.0
2015-11-15,52,135949.0,103233412.0
2015-11-16,55,150236.0,96700298.0
2015-11-18,59,207911.0,158006959.0
2015-11-19,58,175589.0,167707759.0
2015-11-22,65,240487.0,194550436.0
2015-11-23,59,236265.0,199434940.0
2015-11-24,62,209271.0,150809584.0
2015-11-25,63,224046.0,162218634.0
2015-11-26,63,303904.0,267000179.0
2015-11-29,62,296979.0,275391206.0
2015-11-30,59,283216.0,226006993.0
2015-12-01,67,210247.0,165197997.0
2015-12-02,60,211087.0,189448187.0
2015-12-03,60,307267.0,290392122.0
2015-12-06,66,387795.0,312756621.0
2015-12-07,68,352648.0,325131852.0
2015-12-08,69,264230.0,248630355.0
2015-12-09,69,400829.0,331063690.0
2015-12-10,68,303902.0,281124147.0
2015-12-13,69,347119.0,239411076.0
2015-12-14,66,264895.0,183378352.0
2015-12-15,68,437606.0,390696814.0
2015-12-16,66,360660.0,323670515.0
2015-12-17,67,366978.0,343329050.0
2015-12-20,65,319397.0,258509506.0
2015-12-21,67,568228.0,438501195.0
2015-12-22,71,608575.0,445503552.0
2015-12-23,69,424546.0,319574303.0
2015-12-24,69,374480.0,296789025.0
2015-12-27,68,328350.0,261932715.0
2015-12-28,68,371709.0,255439450.0
2015-12-29,71,470766.0,340639900.0
2015-12-31,71,782014.0,456707590.0
2016-01-03,75,591302.0,492384571.0
2016-01-04,72,427526.0,339948418.0
2016-01-05,73,466927.0,327273751.0
2016-01-06,74,651755.0,354940247.0
2016-01-07,69,670074.0,441902128.0
2016-01-10,68,669837.0,388163414.0
2016-01-11,70,448754.0,330138616.0
2016-01-12,72,480094.0,350870405.0
2016-01-13,71,530998.0,349582425.0
2016-01-14,71,737304.0,426032715.0
2016-01-17,50,699362.0,473560670.0
2016-01-18,51,770319.0,545486525.0
2016-01-19,53,550665.0,353921863.0
2016-01-20,53,564551.0,385681110.0
2016-01-21,53,550837.0,372034087.0
2016-01-24,56,544014.0,436391683.0
2016-01-25,56,515435.0,372539364.0
2016-01-26,54,374165.0,308627198.0
2016-01-27,54,355987.0,280553498.0
2016-01-28,54,365419.0,283840670.0
2016-01-31,58,342759.0,277644593.0
2016-02-01,59,578989.0,389486745.0
2016-02-02,58,545178.0,389732206.0
2016-02-03,60,447544.0,415801626.0
2016-02-04,64,622136.0,523946909.0
2016-02-07,65,737050.0,542070161.0
2016-02-08,60,679645.0,442425102.0
2016-02-11,60,659963.0,407615010.0
2016-02-14,65,517475.0,396512964.0
2016-02-15,62,416948.0,297980874.0
2016-02-16,62,465790.0,338482803.0
2016-02-17,58,563213.0,378513073.0
2016-02-18,61,841364.0,526284178.0
2016-02-21,59,930322.0,531433613.0
2016-02-22,63,692641.0,606562825.0
2016-02-23,63,570569.0,410862237.0
2016-02-24,61,371607.0,321468799.0
2016-02-25,60,503238.0,371125815.0
2016-02-28,59,558483.0,428333223.0
2016-02-29,63,443896.0,377403224.0
2016-03-01,65,468408.0,372850100.0
2016-03-02,64,509229.0,456201870.0
2016-03-03,65,513248.0,434171980.0
2016-03-06,67,676320.0,558966420.0
2016-03-10,67,833063.0,679509002.0
2016-03-13,64,1032233.0,730881042.0
2016-03-14,61,691447.0,481235555.0
2016-03-15,64,834072.0,498201357.0
2016-03-16,67,668246.0,439877366.0
2016-03-17,64,1130242.0,616823618.0
2016-03-20,62,1103757.0,728404387.0
2016-03-21,68,1395329.0,804648080.0
2016-03-23,66,964105.0,585055096.0
2016-03-24,68,955585.0,698261047.0
2016-03-27,67,1129273.0,936979671.0
2016-03-28,66,875456.0,697340622.0
2016-03-29,64,600664.0,478705816.0
2016-03-30,63,646434.0,582892856.0
2016-03-31,68,627548.0,520328038.0
2016-04-03,67,502546.0,449920324.0
2016-04-04,69,551250.0,402834974.0
2016-04-05,66,562006.0,449518835.0
2016-04-06,63,598818.0,457447347.0
2016-04-10,67,637684.0,486702888.0
2016-04-11,65,483499.0,367161256.0
2016-04-12,64,701731.0,494381799.0
2016-04-14,69,569421.0,451074197.0
2016-04-17,65,648423.0,548903068.0
2016-04-18,70,814630.0,735315603.0
2016-04-19,68,867148.0,671492421.0
2016-04-20,65,1018550.0,935015905.0
2016-04-21,68,905175.0,785891899.0
2016-04-24,65,757734.0,741264797.0
2016-04-25,67,1061156.0,790953003.0
2016-04-26,70,1005603.0,816793182.0
2016-04-27,68,1038521.0,702544659.0
2016-04-28,68,783231.0,801351770.0
2016-05-02,66,599900.0,600637079.0
2016-05-03,68,950979.0,820036330.0
2016-05-04,66,692734.0,608150448.0
2016-05-05,68,639389.0,633850324.0
2016-05-08,70,900247.0,773778454.0
2016-05-09,65,935933.0,831578020.0
2016-05-10,71,1307756.0,885742974.0
2016-05-11,69,1083720.0,888732696.0
2016-05-12,69,1095054.0,944978932.0
2016-05-15,71,632096.0,566170544.0
2016-05-16,69,595147.0,510187397.0
2016-05-17,69,702778.0,615632865.0
2016-05-18,70,900841.0,833278161.0
2016-05-19,68,978578.0,875790552.0
2016-05-22,71,1148666.0,953976869.0
2016-05-23,70,1089043.0,1062506441.0
2016-05-24,71,1162113.0,1211699468.0
2016-05-25,71,1233983.0,1170890688.0
2016-05-26,68,1259544.0,1074513033.0
2016-05-29,68,1107915.0,816358932.0
2016-05-30,70,1142439.0,897973323.0
2016-05-31,71,1495462.0,1100910464.0
2016-06-01,69,1539303.0,1048400612.0
2016-06-02,71,1082883.0,852255461.0
2016-06-05,69,1328962.0,1082921473.0
2016-06-06,70,1155273.0,939302636.0
2016-06-07,71,1209304.0,937076939.0
2016-06-08,71,935880.0,907280065.0
2016-06-09,71,1331288.0,1489900802.0
2016-06-12,67,1609859.0,1528796700.0
2016-06-13,71,1293495.0,1355468468.0
2016-06-14,72,1274948.0,1247847625.0
2016-06-15,71,895452.0,935406558.0
2016-06-16,72,1253610.0,1389577773.0
2016-06-19,72,1003096.0,1099853724.0
2016-06-20,72,976104.0,789617291.0
2016-06-21,73,1009992.0,896286552.0
2016-06-22,72,1292357.0,1303997840.0
2016-06-23,73,1318192.0,1508305375.0
2016-06-26,73,1053989.0,1156023530.0
2016-06-27,73,1276778.0,1302816773.0
2016-06-28,74,1480360.0,1416033494.0
2016-06-29,73,1182513.0,1151572780.0
2016-06-30,74,1100111.0,1365400851.0
2016-07-03,73,1002646.0,1389305900.0
2016-07-04,73,810967.0,1040546508.0
2016-07-05,76,746058.0,885494695.0
2016-07-06,75,982326.0,919450884.0
2016-07-10,74,910239.0,1014061309.0
2016-07-11,77,694131.0,658134488.0
2016-07-12,77,769434.0,794746765.0
2016-07-13,76,1306517.0,788884342.0
2016-07-14,78,839079.0,984165648.0
2016-07-17,72,1095895.0,997214734.0
2016-07-18,75,1439163.0,1429071617.0
2016-07-19,78,1814344.0,1707236091.0
2016-07-20,77,1749973.0,1747744568.0
2016-07-21,78,1206565.0,1121093958.0
2016-07-25,76,1773261.0,1688876719.0
2016-07-26,77,2164908.0,2095176023.0
2016-07-27,78,1964923.0,1767703518.0
2016-07-28,78,1926527.0,1712162763.0
2016-07-31,73,1452576.0,1328328571.0
2016-08-01,76,1371781.0,1229564685.0
2016-08-02,75,1251553.0,1148304347.0
2016-08-03,75,995208.0,973275651.0
2016-08-04,77,1213508.0,1136255819.0
2016-08-07,77,1340364.0,1254887842.0
2016-08-08,74,788316.0,739165922.0
2016-08-09,55,272605.0,269831075.0
2016-08-10,79,1612927.0,1577213273.0
2016-08-11,75,1037761.0,872315471.0
2016-08-14,74,897629.0,852470986.0
2016-08-15,73,949199.0,885071057.0
2016-08-16,77,780280.0,745633633.0
2016-08-17,76,742498.0,708043606.0
2016-08-21,77,503296.0,463839360.0
2016-08-22,76,669015.0,620739242.0
2016-08-23,76,642260.0,649774943.0
2016-08-24,78,581202.0,649481908.0
2016-08-28,78,825553.0,947677717.0
2016-08-29,75,982011.0,966535213.0
2016-08-30,80,1101777.0,1103744491.0
2016-08-31,79,830436.0,872274353.0
2016-09-01,80,994963.0,1025511308.0
2016-09-03,79,1283996.0,1371847341.0
2016-09-04,79,1283996.0,1371847341.0
2016-09-05,78,1508872.0,1547109448.0
2016-09-06,77,1497478.0,1469690831.0
2016-09-07,77,1053005.0,1154067745.0
2016-09-08,80,846316.0,959605482.0
2016-09-11,77,814927.0,863117045.0
2016-09-12,77,803886.0,892371586.0
2016-09-14,78,1013333.0,1092320180.0
2016-09-18,78,1314846.0,2180213071.0
2016-09-20,78,996168.0,1099610469.0
2016-09-21,77,755403.0,746267456.0
2016-09-22,77,661975.0,726414886.0
2016-09-25,76,791386.0,882667646.0
2016-09-26,73,750775.0,873397795.0
2016-09-27,77,554467.0,630294771.0
2016-09-28,76,554883.0,615407282.0
2016-09-29,76,603547.0,621186285.0
2016-10-02,78,692324.0,778757119.0
2016-10-03,77,527658.0,651897510.0
2016-10-04,74,654867.0,921128243.0
2016-10-05,80,403445.0,513657257.0
2016-10-06,76,655763.0,681621485.0
2016-10-16,71,608352.0,478749379.0
2016-10-17,69,602194.0,509100580.0
2016-10-18,70,526499.0,394329474.0
2016-10-19,73,516840.0,432925853.0
2016-10-20,77,509487.0,558283488.0
2016-10-23,75,759245.0,740695487.0
2016-10-24,73,602225.0,685462379.0
2016-10-25,76,515396.0,539781294.0
2016-10-26,76,667464.0,614795156.0
2016-10-27,80,623526.0,562179472.0
2016-11-03,70,561633.0,421390402.0
2016-11-07,80,617564.0,534589107.0
2016-11-08,80,721037.0,595625932.0
2016-11-09,75,655361.0,510382737.0
2016-11-10,76,702893.0,538897538.0
2016-11-13,80,614365.0,626218882.0
2016-11-14,81,601093.0,658967409.0
2016-11-15,82,710143.0,676595313.0
2016-11-16,82,745314.0,1075078062.0
2016-11-17,81,1013467.0,1288401228.0
2016-11-20,76,1120143.0,1063503721.0
2016-11-21,78,844869.0,756027100.0
2016-11-22,79,828050.0,692829304.0
2016-11-23,77,964384.0,893313940.0
2016-11-24,83,919247.0,793739189.0
2016-11-27,78,957263.0,788515173.0
2016-11-28,78,1145323.0,959428062.0
2016-11-29,81,1137879.0,1018893138.0
2016-11-30,80,1268708.0,1189474619.0
2016-12-01,83,1092194.0,1018533612.0
2016-12-04,80,696136.0,627940413.0
2016-12-05,84,701129.0,583986524.0
2016-12-06,83,651079.0,633317154.0
2016-12-07,81,433598.0,388447119.0
2016-12-08,79,469878.0,511611052.0
2016-12-11,85,441560.0,327704421.0
2016-12-12,82,564417.0,462685245.0
2016-12-14,81,469009.0,395427319.0
2016-12-15,88,491069.0,416986200.0
2016-12-18,82,556164.0,497323017.0
2016-12-19,83,493188.0,468108651.0
2016-12-20,80,552860.0,606326501.0
2016-12-21,84,541392.0,393723036.0
2016-12-22,83,494113.0,373592892.0
2016-12-26,84,522734.0,397328902.0
2016-12-27,80,659176.0,445190300.0
2016-12-28,78,537695.0,384352531.0
2016-12-29,79,623532.0,471967689.0
2017-01-01,82,651436.0,486391373.0
2017-01-02,81,591666.0,421897964.0
2017-01-03,80,481802.0,338592514.0
2017-01-04,78,429348.0,284340330.0
2017-01-05,80,493695.0,288991224.0
2017-01-08,80,569278.0,359064113.0
2017-01-09,74,331261.0,223440344.0
2017-01-10,80,341320.0,253130616.0
2017-01-11,76,347304.0,254656472.0
2017-01-12,77,308854.0,221759156.0
2017-01-15,77,300090.0,246978265.0
2017-01-16,79,306122.0,227676313.0
2017-01-17,79,500521.0,287637292.0
2017-01-18,83,428804.0,255819640.0
2017-01-19,81,431579.0,259383338.0
2017-01-22,81,325353.0,206857856.0
2017-01-23,81,422210.0,259061315.0
2017-01-24,82,488503.0,286072805.0
2017-01-25,80,564768.0,355155671.0
2017-01-26,83,738819.0,441871225.0
2017-01-30,76,759205.0,461876177.0
2017-01-31,85,690104.0,410937600.0
2017-02-01,83,961385.0,527020311.0
2017-02-02,87,746973.0,462649719.0
2017-02-05,78,390484.0,232349977.0
2017-02-06,81,354500.0,196065267.0
2017-02-07,85,490940.0,271678419.0
2017-02-08,88,539781.0,305480360.0
2017-02-09,85,689453.0,377404848.0
2017-02-12,85,742874.0,417505641.0
2017-02-13,87,808460.0,429533306.0
2017-02-14,87,652158.0,363100078.0
2017-02-15,90,796270.0,449232876.0
2017-02-16,90,954418.0,563538965.0
2017-02-19,89,855390.0,544391227.0
2017-02-20,86,939654.0,660421996.0
2017-02-21,87,801705.0,494643340.0
2017-02-22,85,476491.0,267621277.0
2017-02-23,86,490047.0,248627406.0
2017-02-26,85,389246.0,222637478.0
2017-02-28,85,973637.0,481559224.0
2017-03-01,88,429195.0,263161200.0
2017-03-02,89,622564.0,354560276.0
2017-03-05,90,845081.0,480001234.0
2017-03-06,93,987808.0,583409855.0
2017-03-07,90,637388.0,347894532.0
2017-03-09,89,783627.0,416099262.0
2017-03-13,88,577596.0,310743248.0
2017-03-14,89,495296.0,287228872.0
2017-03-15,84,485774.0,283476299.0
2017-03-16,86,766244.0,395047851.0
2017-03-19,90,1009916.0,556935990.0
2017-03-20,92,2000931.0,1017289592.0
2017-03-21,94,1563216.0,1118792624.0
2017-03-22,92,1826243.0,1150576826.0
2017-03-23,91,1611051.0,853873081.0
2017-03-26,91,2589197.0,1338375585.0
2017-03-28,93,1934941.0,1192225257.0
2017-03-29,93,2859236.0,1814429627.0
2017-03-30,90,2133939.0,1266300420.0
2017-04-02,85,1093849.0,887537128.0
2017-04-03,90,2850037.0,2025912285.0
2017-04-04,90,1913163.0,1344931271.0
2017-04-06,89,1732757.0,1220444086.0
2017-04-09,92,1522889.0,1038905165.0
2017-04-10,92,1773863.0,1320927128.0
2017-04-11,94,2254789.0,1646014307.0
2017-04-12,93,2387586.0,1736865976.0
2017-04-13,95,1659227.0,1186322837.0
2017-04-16,90,1265558.0,982234471.0
2017-04-18,91,1660161.0,1237659185.0
2017-04-19,92,1143373.0,861248272.0
2017-04-20,95,1405658.0,1150240377.0
2017-04-23,92,1572596.0,1165020753.0
2017-04-24,93,1083783.0,757007409.0
2017-04-25,97,1074114.0,843546621.0
2017-04-26,94,980963.0,769170846.0
2017-04-27,95,1016345.0,831874167.0
2017-04-30,96,856696.0,615186600.0
2017-05-02,95,974873.0,722147389.0
2017-05-03,93,948258.0,754934085.0
2017-05-04,96,962434.0,665193291.0
2017-05-07,94,785582.0,585513997.0
2017-05-08,95,711247.0,484950008.0
2017-05-09,94,749456.0,505655846.0
2017-05-11,98,1234561.0,738097739.0
2017-05-15,94,757496.0,526213587.0
2017-05-16,94,591854.0,377988405.0
2017-05-17,95,718759.0,384764994.0
2017-05-18,97,733337.0,554667428.0
2017-05-21,97,610869.0,461466621.0
2017-05-22,97,716508.0,417803630.0
2017-05-23,96,691371.0,607405267.0
2017-05-24,98,634775.0,491643726.0
2017-05-28,97,840522.0,586822729.0
2017-05-30,96,820320.0,599702034.0
2017-05-31,95,736999.0,543133490.0
2017-06-01,94,743360.0,461401955.0
2017-06-04,94,677155.0,435196070.0
2017-06-05,99,677849.0,461738668.0
2017-06-06,99,1192109.0,727926364.0
2017-06-07,98,869906.0,614319610.0
2017-06-08,97,553805.0,380932188.0
2017-06-11,96,682607.0,536041410.0
2017-06-12,94,501676.0,408505526.0
2017-06-13,97,556952.0,413573269.0
2017-06-14,97,586598.0,404721582.0
2017-06-15,99,662151.0,485392669.0
2017-06-18,97,540233.0,459236059.0
2017-06-19,93,524239.0,402164491.0
2017-06-20,97,687609.0,497237486.0
2017-06-21,98,515778.0,343788543.0
2017-06-22,96,636103.0,414078614.0
2017-06-25,98,620514.0,428564720.0
2017-06-27,100,668389.0,423863108.0
2017-06-28,95,548979.0,347995438.0
2017-07-02,99,625832.0,422526592.0
2017-07-03,97,542279.0,328361529.0
2017-07-04,96,506138.0,304411682.0
2017-07-05,96,708478.0,411549245.0
2017-07-06,101,979825.0,595024491.0
2017-07-09,101,1442256.0,890433652.0
2017-07-10,102,1039356.0,588723691.0
2017-07-11,97,713080.0,487434938.0
2017-07-12,101,914079.0,492266757.0
2017-07-13,102,993928.0,639344605.0
2017-07-16,102,505429.0,375822020.0
2017-07-17,103,743564.0,521889556.0
2017-07-18,102,1214557.0,930470455.0
2017-07-19,103,1055412.0,910657990.0
2017-07-20,104,906542.0,781576259.0
2017-07-23,99,994523.0,820849210.0
2017-07-24,102,1226686.0,794145433.0
2017-07-25,103,959509.0,746829155.0
2017-07-26,102,1096515.0,901945849.0
2017-07-27,102,946120.0,861937206.0
2017-07-30,103,983382.0,788111921.0
2017-07-31,102,1181499.0,870661014.0
2017-08-01,104,1139598.0,848356408.0
2017-08-02,103,1099140.0,854952874.0
2017-08-03,103,1183292.0,925599752.0
2017-08-06,102,1561524.0,822895269.0
2017-08-07,105,996048.0,723006064.0
2017-08-09,103,912172.0,702045048.0
2017-08-10,105,1010286.0,772068319.0
2017-08-13,106,1233598.0,668184039.0
2017-08-15,104,1179392.0,610549355.0
2017-08-16,102,914681.0,548105327.0
2017-08-17,104,812834.0,551021680.0
2017-08-20,106,966644.0,612574926.0
2017-08-21,102,558251.0,414705256.0
2017-08-22,103,772126.0,521930943.0
2017-08-23,104,776741.0,484581780.0
2017-08-24,104,790233.0,452288353.0
2017-08-27,104,828516.0,595661462.0
2017-08-28,107,785957.0,730914683.0
2017-08-30,103,925670.0,685937469.0
2017-08-31,104,1007085.0,668749560.0
2017-09-04,104,1108889.0,681629493.0
2017-09-06,105,847865.0,583018679.0
2017-09-07,105,805415.0,558028541.0
2017-09-10,104,1143941.0,756449493.0
2017-09-11,104,932704.0,629586173.0
2017-09-12,101,723325.0,453716065.0
2017-09-13,104,756564.0,462668576.0
2017-09-14,105,764505.0,513838340.0
2017-09-17,107,753781.0,503212346.0
2017-09-18,107,636213.0,402231505.0
2017-09-20,105,578221.0,366444486.0
2017-09-24,99,470112.0,236989420.0
2017-09-25,107,389657.0,215055039.0
2017-09-26,108,430811.0,261630935.0
2017-10-03,85,191754.0,120868639.0
2017-10-04,103,401301.0,235549385.0
2017-10-08,105,679295.0,323329598.0
2017-10-09,105,495296.0,271649050.0
2017-10-10,105,504982.0,252824177.0
2017-10-11,110,452638.0,245075268.0
2017-10-12,104,636862.0,349261945.0
2017-10-15,106,565984.0,461569773.0
2017-10-16,107,963233.0,486767045.0
2017-10-17,110,817055.0,497272256.0
2017-10-18,102,568929.0,326443604.0
2017-10-22,103,569598.0,310462345.0
2017-10-23,108,564697.0,342038751.0
2017-10-24,109,709321.0,396676934.0
2017-10-25,107,631243.0,368069205.0
2017-10-29,105,697838.0,356932169.0
2017-10-30,108,588001.0,342018831.0
2017-10-31,107,545965.0,312743109.0
2017-11-01,110,624394.0,340440487.0
2017-11-02,106,579045.0,335963616.0
2017-11-05,108,980613.0,531720518.0
2017-11-06,111,847878.0,445209701.0
2017-11-07,107,626526.0,348389014.0
2017-11-08,111,709769.0,415471548.0
2017-11-09,110,650738.0,386049029.0
2017-11-12,109,587843.0,297635544.0
2017-11-13,110,802257.0,479804216.0
2017-11-14,110,1081920.0,595778954.0
2017-11-15,111,893661.0,518406609.0
2017-11-16,109,644126.0,378385617.0
2017-11-19,108,762759.0,391260590.0
2017-11-20,107,628817.0,320380645.0
2017-11-21,107,484496.0,250761322.0
2017-11-22,105,533053.0,261170624.0
2017-11-23,107,743537.0,385539478.0
2017-11-26,109,892656.0,522773561.0
2017-11-27,108,960284.0,566182944.0
2017-11-28,109,784275.0,479446398.0
2017-11-29,110,1565170.0,895409968.0
2017-11-30,110,954055.0,570380357.0
2017-12-04,109,800271.0,459175375.0
2017-12-05,110,731857.0,439117118.0
2017-12-06,110,827951.0,555283635.0
2017-12-10,109,953029.0,758969975.0
2017-12-11,105,578238.0,354732691.0
2017-12-12,107,903470.0,571998868.0
2017-12-13,109,751896.0,422142121.0
2017-12-14,104,584451.0,350043731.0
2017-12-17,109,752195.0,435934911.0
2017-12-18,110,774445.0,466849285.0
2017-12-19,111,735574.0,434919320.0
2017-12-20,108,570260.0,345422414.0
2017-12-21,108,646502.0,389264847.0
2017-12-24,111,648762.0,436401746.0
2017-12-26,111,737889.0,482719688.0
2017-12-27,108,1012146.0,600849599.0
2017-12-28,112,1000746.0,700257636.0
2017-12-31,110,734081.0,397404417.0
2018-01-01,114,826547.0,433812532.0
2018-01-02,111,1003403.0,555171404.0
2018-01-03,110,716446.0,412601359.0
2018-01-04,110,709151.0,365044266.0
2018-01-07,109,524724.0,297718706.0
2018-01-08,111,688851.0,408897623.0
2018-01-09,111,728533.0,434640950.0
2018-01-10,109,538790.0,312702062.0
2018-01-14,109,559242.0,285787512.0
2018-01-16,109,645477.0,309636318.0
2018-01-17,111,772642.0,365336304.0
2018-01-21,113,793847.0,356560890.0
2018-01-22,109,660750.0,312122569.0
2018-01-23,111,551580.0,276078575.0
2018-01-24,112,434853.0,194675130.0
2018-01-25,111,495993.0,242082544.0
2018-01-28,112,674023.0,307649837.0
2018-01-29,111,524437.0,238859805.0
2018-01-31,111,590678.0,279346102.0
2018-02-01,111,899589.0,374658067.0
2018-02-04,113,952440.0,406392090.0
2018-02-05,109,607335.0,256036807.0
2018-02-06,106,497670.0,202148580.0
2018-02-07,106,577158.0,235261046.0
2018-02-08,110,571214.0,237741158.0
2018-02-11,111,401945.0,174547278.0
2018-02-12,111,462578.0,198623745.0
2018-02-14,109,702098.0,264039003.0
2018-02-15,116,1174354.0,565359146.0
2018-02-18,111,1115846.0,507953782.0
2018-02-20,112,652763.0,276764936.0
2018-02-21,104,435433.0,214500743.0
2018-02-22,109,629864.0,291206998.0
2018-02-25,102,436811.0,285894182.0
2018-02-26,108,805971.0,421462174.0
2018-02-27,109,884060.0,415120319.0
2018-02-28,111,1047778.0,460558294.0
2018-03-04,105,927644.0,412896270.0
2018-03-05,108,798195.0,336082328.0
2018-03-06,113,912892.0,387890055.0
2018-03-07,113,884456.0,378128053.0
2018-03-11,111,615706.0,277283592.0
2018-03-12,112,615377.0,275765037.0
2018-03-13,111,399912.0,205351837.0
2018-03-14,106,350711.0,148402395.0
2018-03-15,109,483511.0,202857639.0
2018-03-18,108,570162.0,237408301.0
2018-03-19,108,571059.0,241944488.0
2018-03-20,110,687190.0,280594680.0
2018-03-21,109,776835.0,326343218.0
2018-03-22,111,942656.0,394316005.0
2018-03-26,108,991372.0,414876344.0
2018-03-27,111,986954.0,440525299.0
2018-03-28,109,1006405.0,452319370.0
2018-03-29,110,721304.0,293184115.0
2018-04-01,109,673659.0,262030655.0
2018-04-02,107,492070.0,161397969.0
2018-04-03,111,455078.0,194273052.0
2018-04-04,111,662700.0,285683573.0
2018-04-05,115,1156059.0,523457230.0
2018-04-08,114,1707360.0,745264309.0
2018-04-09,113,1442564.0,695507726.0
2018-04-10,112,660888.0,292324857.0
2018-04-11,111,425353.0,187437230.0
2018-04-12,112,695000.0,323733058.0
2018-04-15,111,485966.0,231490355.0
2018-04-16,111,918843.0,452208304.0
2018-04-17,111,1384333.0,756787867.0
2018-04-18,114,1856843.0,867875831.0
2018-04-19,113,2196006.0,930438920.0
2018-04-22,113,2225599.0,1021192383.0
2018-04-23,115,2468802.0,1258949497.0
2018-04-24,112,1191600.0,598941551.0
2018-04-25,107,936062.0,478829465.0
2018-04-26,106,952428.0,499543608.0
2018-04-29,108,726842.0,331438765.0
2018-05-02,110,625765.0,293227831.0
2018-05-03,113,1091424.0,612737818.0
2018-05-06,109,607963.0,286365935.0
2018-05-07,108,711308.0,364370092.0
2018-05-08,112,1156604.0,418607167.0
2018-05-09,112,536521.0,266069114.0
2018-05-10,112,597309.0,285956319.0
2018-05-14,115,770223.0,330017814.0
2018-05-15,102,218882.0,105463281.0
2018-05-16,110,336296.0,177693292.0
2018-05-17,107,468468.0,220842490.0
2018-05-20,110,551611.0,267772053.0
2018-05-21,112,417312.0,254026671.0
2018-05-22,110,525898.0,264752760.0
2018-05-23,109,527816.0,243971213.0
2018-05-24,112,607165.0,289199539.0
2018-05-27,110,743941.0,321139536.0
2018-05-28,118,758538.0,336072749.0
2018-05-29,113,644077.0,317352015.0
2018-05-30,113,627544.0,329926743.0
2018-05-31,114,533074.0,263195289.0
2018-06-03,109,827396.0,432853296.0
2018-06-04,109,842162.0,351821800.0
2018-06-06,103,372584.0,159708533.0
2018-06-07,114,993841.0,365899276.0
2018-06-10,112,952779.0,379620316.0
2018-06-11,113,829191.0,324117871.0
2018-06-12,109,615483.0,238868380.0
2018-06-13,112,478816.0,176421621.0
2018-06-14,115,630252.0,237806619.0
2018-06-17,111,545220.0,194604248.0
2018-06-18,106,411637.0,162182906.0
2018-06-19,108,471960.0,172166775.0
2018-06-20,110,522815.0,184916341.0
2018-06-21,113,378626.0,145764294.0
2018-06-24,114,377526.0,144410049.0
2018-06-25,110,435246.0,161182149.0
2018-06-26,112,495009.0,184613705.0
2018-06-27,106,384781.0,142066418.0
2018-06-28,115,600609.0,202874428.0
2018-07-01,109,488026.0,165738344.0
2018-07-02,108,568031.0,180468139.0
2018-07-03,111,475042.0,160983091.0
2018-07-04,111,568058.0,196208477.0
2018-07-05,118,940866.0,395870418.0
2018-07-08,115,884845.0,395776094.0
2018-07-09,113,506593.0,195783832.0
2018-07-10,109,582703.0,227943153.0
2018-07-11,114,705244.0,314622424.0
2018-07-12,111,943670.0,330454231.0
2018-07-15,113,369547.0,135130632.0
2018-07-16,107,483415.0,178045972.0
2018-07-17,109,423775.0,178632444.0
2018-07-18,104,391930.0,147175703.0
2018-07-19,108,597314.0,214955251.0
2018-07-22,113,512859.0,165468221.0
2018-07-23,109,462398.0,156215353.0
2018-07-24,116,855734.0,252663923.0
2018-07-25,113,381782.0,128561727.0
2018-07-26,111,536570.0,156925657.0
2018-07-29,105,539707.0,163171819.0
2018-07-30,113,983799.0,247602590.0
2018-07-31,110,438500.0,141142712.0
2018-08-01,109,453910.0,152723995.0
2018-08-02,111,463169.0,160832751.0
2018-08-05,108,401731.0,133396963.0
2018-08-06,107,436855.0,141609851.0
2018-08-07,108,424457.0,151577146.0
2018-08-08,112,337881.0,123461431.0
2018-08-09,113,396884.0,162921273.0
2018-08-12,114,593066.0,211123651.0
2018-08-13,107,377655.0,134558468.0
2018-08-14,114,426126.0,147939335.0
2018-08-15,115,758769.0,274913351.0
2018-08-16,117,972432.0,355568777.0
2018-08-19,112,618573.0,231896439.0
2018-08-20,117,476730.0,175762626.0
2018-08-21,118,432893.0,150154768.0
2018-08-22,109,431745.0,144650967.0
2018-08-23,112,655831.0,234525417.0
2018-08-26,107,319334.0,116136482.0
2018-08-28,108,468356.0,165251079.0
2018-08-29,117,459392.0,160585311.0
2018-08-30,114,475209.0,171551933.0
2018-09-02,114,784880.0,262397148.0
2018-09-03,117,1346513.0,477442718.0
2018-09-04,115,1222034.0,366166637.0
2018-09-05,119,1971213.0,614635493.0
2018-09-06,119,1963749.0,627953531.0
2018-09-09,114,864985.0,267571566.0
2018-09-10,113,669685.0,212094756.0
2018-09-11,119,802428.0,278402171.0
2018-09-12,115,1155773.0,383919857.0
2018-09-13,116,2050119.0,623031896.0
2018-09-16,116,2571644.0,784462513.0
2018-09-17,113,1489121.0,485921055.0
2018-09-18,115,1047194.0,365052638.0
2018-09-20,116,1375948.0,462019709.0
2018-09-23,115,2148639.0,576437978.0
2018-09-25,120,3569412.0,947772270.0
2018-09-26,119,4141624.0,826490049.0
2018-09-27,118,1583841.0,448542959.0
2018-09-30,121,1729133.0,520477809.0
2018-10-01,118,1581069.0,491542595.0
2018-10-02,117,1227417.0,404342570.0
2018-10-03,114,1045838.0,338479663.0
2018-10-04,119,1126340.0,361353608.0
2018-10-07,114,1113261.0,349443237.0
2018-10-08,113,1180243.0,337309952.0
2018-10-09,115,870589.0,315877533.0
2018-10-10,112,615377.0,202075273.0
2018-10-11,112,618473.0,207632170.0
2018-10-14,113,752353.0,230375822.0
2018-10-15,103,929572.0,276378822.0
2018-10-21,86,440394.0,124937776.0
2018-10-22,96,509450.0,150725782.0
2018-10-23,106,547455.0,174866408.0
2018-10-24,105,586216.0,197204518.0
2018-10-25,108,772466.0,239756583.0
2018-10-28,112,873462.0,266588052.0
2018-10-29,111,563430.0,187012364.0
2018-10-30,112,591244.0,190729777.0
2018-10-31,114,422672.0,133979493.0
2018-11-01,111,686521.0,222460880.0
2018-11-04,111,708298.0,261217300.0
2018-11-05,108,624884.0,212546355.0
2018-11-06,72,103379.0,29987002.0
2018-11-11,91,272075.0,89965564.0
2018-11-12,94,379673.0,115033417.0
2018-11-13,105,522470.0,145923042.0
2018-11-14,99,548971.0,154024447.0
2018-11-15,112,699687.0,214820935.0
2018-11-18,105,982047.0,304935117.0
2018-11-19,108,580708.0,185327924.0
2018-11-20,106,463016.0,148910124.0
2018-11-21,108,651038.0,210553165.0
2018-11-22,103,689159.0,231122457.0
2018-11-25,108,718395.0,225017923.0
2018-11-26,112,767906.0,265039225.0
2018-11-27,111,611702.0,202370753.0
2018-11-28,108,1205225.0,372324672.0
2018-11-29,114,873376.0,291961026.0
2018-12-02,113,1260111.0,417074118.0
2018-12-03,110,1908732.0,574958364.0
2018-12-04,110,1053271.0,344742693.0
2018-12-05,108,935397.0,299419100.0
2018-12-06,110,1010332.0,306516282.0
2018-12-09,111,635086.0,201720503.0
2018-12-10,112,1025824.0,362241667.0
2018-12-11,115,1098476.0,350949881.0
2018-12-12,108,562173.0,195318262.0
2018-12-13,108,733997.0,271354531.0
2018-12-16,112,1130180.0,402580581.0
2018-12-17,109,905275.0,334323710.0
2018-12-18,107,1276543.0,451669848.0
2018-12-19,110,823274.0,293729019.0
2018-12-20,114,1039271.0,347715982.0
2018-12-23,115,2021738.0,681567370.0
2018-12-24,115,1570713.0,620369983.0
2018-12-25,110,839830.0,305604066.0
2018-12-26,122,1669229.0,601510655.0
2018-12-27,119,2321169.0,981334979.0
2018-12-30,117,932147.0,384389225.0
2018-12-31,114,805625.0,289212481.0
2019-01-01,107,567434.0,198136036.0
2019-01-02,113,542680.0,214002825.0
2019-01-03,115,655916.0,228202328.0
2019-01-06,110,809762.0,274392124.0
2019-01-07,116,838858.0,287589447.0
2019-01-08,112,846569.0,288728433.0
2019-01-09,113,830865.0,254112959.0
2019-01-10,112,1151498.0,324556928.0
2019-01-13,111,999671.0,335728615.0
2019-01-14,113,695245.0,231025689.0
2019-01-15,111,711908.0,335676671.0
2019-01-16,113,1183614.0,430472157.0
2019-01-17,118,690803.0,237431368.0
2019-01-20,103,268032.0,117443399.0
2019-01-21,114,581448.0,200347407.0
2019-01-22,113,585798.0,196321167.0
2019-01-23,111,590575.0,179957149.0
2019-01-24,116,695861.0,244393400.0
2019-01-27,115,737767.0,241614972.0
2019-01-28,117,480830.0,153032574.0
2019-01-29,112,533678.0,198390533.0
2019-01-30,118,446758.0,155916732.0
2019-01-31,118,588967.0,217912032.0
2019-02-03,115,709822.0,265220354.0
2019-02-04,112,771314.0,267352349.0
2019-02-05,117,521811.0,179509172.0
2019-02-06,116,526895.0,177168221.0
2019-02-07,115,628124.0,204637798.0
2019-02-10,112,624944.0,197900457.0
2019-02-11,118,527786.0,157178857.0
2019-02-12,117,446457.0,131963020.0
2019-02-13,120,589201.0,189330434.0
2019-02-14,115,621585.0,191160024.0
2019-02-17,119,568974.0,170430196.0
2019-02-18,115,585158.0,178708963.0
2019-02-19,119,522171.0,166031597.0
2019-02-20,114,419848.0,128492796.0
2019-02-21,108,328409.0,116780661.0
2019-02-24,116,432032.0,157110904.0
2019-02-25,115,476585.0,155647884.0
2019-02-26,117,393004.0,130021587.0
2019-02-27,116,581627.0,171951931.0
2019-03-03,120,596506.0,193576273.0
2019-03-05,122,553640.0,186730670.0
2019-03-06,116,601750.0,185179717.0
2019-03-07,119,765701.0,240450741.0
2019-03-10,101,241003.0,80470817.0
2019-03-11,122,1036990.0,327885906.0
2019-03-12,124,1536859.0,431165022.0
2019-03-13,122,1011258.0,311761942.0
2019-03-14,118,777515.0,224075725.0
2019-03-17,118,779715.0,266212010.0
2019-03-18,121,772403.0,247450760.0
2019-03-19,115,325885.0,118850260.0
2019-03-21,122,692930.0,226111886.0
2019-03-24,116,608964.0,189779471.0
2019-03-25,122,650386.0,196824297.0
2019-03-26,122,534973.0,168502479.0
2019-03-27,118,2015316.0,453492707.0
2019-03-28,118,758690.0,224701906.0
2019-03-31,118,758230.0,225392120.0
2019-04-01,122,1086281.0,317848656.0
2019-04-02,121,1583358.0,448684070.0
2019-04-03,120,1767549.0,486005632.0
2019-04-04,120,1262511.0,362583704.0
2019-04-07,120,1639465.0,487215853.0
2019-04-08,122,2534109.0,816442535.0
2019-04-09,119,1795234.0,585661231.0
2019-04-10,118,1137919.0,338028730.0
2019-04-11,119,1084396.0,348442313.0
2019-04-15,120,720677.0,250406025.0
2019-04-16,119,2004024.0,651747214.0
2019-04-17,121,2361230.0,738284038.0
2019-04-18,116,2156487.0,685593388.0
2019-04-21,121,2849456.0,912230801.0
2019-04-22,118,2758088.0,925343257.0
2019-04-23,123,1457131.0,520445732.0
2019-04-24,122,2648557.0,817810181.0
2019-04-25,125,3680599.0,1209061529.0
2019-04-28,124,3791753.0,1431458181.0
2019-04-29,121,2522432.0,1041707769.0
2019-04-30,122,2361872.0,858185471.0
2019-05-02,122,1517450.0,519921757.0
2019-05-05,124,1703141.0,570551754.0
2019-05-06,125,1553778.0,547463957.0
2019-05-07,122,1932905.0,640153049.0
2019-05-08,123,1584052.0,462045884.0
2019-05-09,124,1438030.0,512289818.0
2019-05-12,122,1452447.0,506566411.0
2019-05-13,125,2086222.0,676108416.0
2019-05-14,127,2721947.0,928699199.0
2019-05-15,126,3476059.0,1204887925.0
2019-05-16,124,2329152.0,787003781.0
2019-05-19,125,2780830.0,982540335.0
2019-05-20,122,2764602.0,1093061078.0
2019-05-21,126,2699961.0,753224181.0
2019-05-22,125,2950258.0,860205810.0
2019-05-23,127,2601906.0,857378120.0
2019-05-26,121,1734088.0,552692516.0
2019-05-27,124,1370781.0,470365902.0
2019-05-28,122,2119819.0,696593680.0
2019-05-29,128,2261576.0,810950084.0
2019-05-30,128,4100907.0,1377351652.0
2019-06-02,127,1628142.0,544691723.0
2019-06-03,128,1801633.0,581179055.0
2019-06-04,129,1792197.0,608138659.0
2019-06-06,131,1514059.0,499653592.0
2019-06-10,129,1491306.0,485937864.0
2019-06-11,132,1214920.0,399163933.0
2019-06-12,128,1069560.0,344765190.0
2019-06-13,128,1078562.0,347335352.0
2019-06-16,131,1220918.0,411622288.0
2019-06-17,128,1094661.0,352928695.0
2019-06-18,132,959903.0,312964945.0
2019-06-19,127,750046.0,251117894.0
2019-06-20,129,1050220.0,324186595.0
2019-06-23,129,1175393.0,399713893.0
2019-06-24,131,1137273.0,402019788.0
2019-06-25,130,1058122.0,307099683.0
2019-06-26,128,1112210.0,497808117.0
2019-06-27,129,1394552.0,556414457.0
2019-06-30,128,1493265.0,492481639.0
2019-07-01,130,1037069.0,314870303.0
2019-07-02,131,1310567.0,384562938.0
2019-07-03,131,1685028.0,476336188.0
2019-07-04,132,1620418.0,482410523.0
2019-07-07,132,1926668.0,482110551.0
2019-07-08,132,1587807.0,429398963.0
2019-07-09,130,1308275.0,388698643.0
2019-07-10,132,1096793.0,375561429.0
2019-07-11,133,1349460.0,423415532.0
2019-07-14,126,710154.0,241721107.0
2019-07-15,127,1029919.0,350618221.0
2019-07-16,124,795604.0,275869900.0
2019-07-17,133,1070244.0,382453714.0
2019-07-18,121,961416.0,322841583.0
2019-07-21,130,798534.0,258907040.0
2019-07-22,130,853531.0,294484915.0
2019-07-23,130,1111177.0,342925971.0
2019-07-24,132,1150087.0,404550370.0
2019-07-25,133,1573613.0,503452333.0
2019-07-28,129,1301360.0,434573506.0
2019-07-29,129,852775.0,294826754.0
2019-07-30,134,676472.0,231121133.0
2019-07-31,136,905935.0,304341287.0
2019-08-01,132,1218707.0,442488612.0
2019-08-04,134,1193107.0,413440432.0
2019-08-05,134,1132478.0,393038313.0
2019-08-06,135,1203563.0,418080338.0
2019-08-07,134,981265.0,326741970.0
2019-08-08,129,806300.0,254965423.0
2019-08-11,134,870732.0,268245882.0
2019-08-12,134,942275.0,261297894.0
2019-08-13,134,1675117.0,443888592.0
2019-08-14,137,850074.0,236668917.0
2019-08-15,128,1156104.0,356763920.0
2019-08-18,130,1036482.0,316954813.0
2019-08-19,137,1150394.0,335088934.0
2019-08-20,132,942755.0,251361669.0
2019-08-21,132,964722.0,280176277.0
2019-08-22,135,806145.0,236622317.0
2019-08-25,135,1033827.0,295275258.0
2019-08-26,134,851404.0,262391988.0
2019-08-27,132,752838.0,230420003.0
2019-08-28,132,866133.0,245875124.0
2019-08-29,135,788824.0,246838944.0
2019-09-01,131,882606.0,263334336.0
2019-09-02,134,1099820.0,341558316.0
2019-09-03,134,1263444.0,394328030.0
2019-09-04,133,1313503.0,405069703.0
2019-09-05,129,861968.0,263153603.0
2019-09-08,130,757265.0,237844195.0
2019-09-09,134,802918.0,227018737.0
2019-09-10,136,759032.0,217399765.0
2019-09-11,131,934686.0,283277773.0
2019-09-12,133,1006895.0,298999466.0
2019-09-15,127,984844.0,274358107.0
2019-09-16,131,1026873.0,310566030.0
2019-09-17,136,1241074.0,362973950.0
2019-09-18,136,1393372.0,442808616.0
2019-09-19,123,569099.0,199838424.0
2019-09-22,130,594581.0,178575556.0
2019-09-23,133,590019.0,165572224.0
2019-09-24,131,545587.0,169852912.0
2019-09-25,128,529095.0,145497633.0
2019-09-26,133,719936.0,200093326.0
2019-09-29,125,696298.0,206167592.0
2019-09-30,128,559277.0,153874122.0
2019-10-01,129,578185.0,196265508.0
2019-10-02,124,492723.0,152337763.0
2019-10-03,125,575068.0,164250903.0
2019-10-10,103,225986.0,62172247.0
2019-10-14,127,604713.0,190886712.0
2019-10-15,122,588916.0,179959011.0
2019-10-16,122,622631.0,178869492.0
2019-10-17,122,532680.0,148583383.0
2019-10-20,98,360248.0,105969158.0
2019-10-21,118,556519.0,154992285.0
2019-10-22,122,481765.0,150815241.0
2019-10-23,121,509093.0,152051692.0
2019-10-24,126,1120300.0,312963836.0
2019-10-31,122,663212.0,180050580.0
2019-11-03,129,531955.0,151159913.0
2019-11-04,126,604630.0,170747775.0
2019-11-05,126,634843.0,227293202.0
2019-11-06,126,631824.0,187295510.0
2019-11-07,128,1104424.0,342033830.0
2019-11-10,127,919680.0,277465829.0
2019-11-11,133,1547676.0,470465427.0
2019-11-12,125,813695.0,334516994.0
2019-11-13,122,759775.0,242225042.0
2019-11-14,126,639638.0,203170336.0
2019-11-17,130,1075953.0,334487764.0
2019-11-18,130,979752.0,316215292.0
2019-11-19,131,723573.0,212566264.0
2019-11-20,129,992710.0,283236969.0
2019-11-21,133,833711.0,254145473.0
2019-11-24,132,844773.0,261154607.0
2019-11-25,132,801793.0,233513832.0
2019-11-26,132,674588.0,190397232.0
2019-11-27,134,587685.0,199746615.0
2019-11-28,133,651640.0,226114802.0
2019-12-01,129,589508.0,196723436.0
2019-12-02,128,567922.0,196225021.0
2019-12-03,132,636448.0,206524359.0
2019-12-04,134,803550.0,276803062.0
2019-12-05,133,867486.0,315907149.0
2019-12-08,130,696414.0,229391432.0
2019-12-09,137,1207513.0,413238788.0
2019-12-10,136,1486440.0,449606186.0
2019-12-11,136,1264870.0,429086431.0
2019-12-12,136,1646575.0,585425085.0
2019-12-15,137,1705932.0,569449170.0
2019-12-16,132,1037623.0,350660274.0
2019-12-17,135,689272.0,248699902.0
2019-12-18,131,787143.0,261056673.0
2019-12-19,137,1084324.0,376265770.0
2019-12-22,135,1194841.0,338822002.0
2019-12-23,140,1525630.0,545739238.0
2019-12-24,137,1786620.0,670459353.0
2019-12-25,140,1365574.0,448978336.0
2019-12-26,134,1364024.0,480720067.0
2019-12-29,138,1017087.0,337574337.0
2019-12-30,137,1259352.0,550130739.0
2019-12-31,139,1015884.0,398258658.0
2020-01-01,139,1023917.0,352706598.0
2020-01-02,137,1222978.0,461446566.0
2020-01-05,134,1783711.0,638355612.0
2020-01-06,141,2423838.0,789826509.0
2020-01-07,141,3425403.0,988887298.0
2020-01-08,138,1822705.0,598070124.0
2020-01-09,137,1475466.0,540267902.0
2020-01-12,141,3116243.0,1131213071.0
2020-01-13,142,4632282.0,1496929284.0
2020-01-14,141,2255235.0,799501981.0
2020-01-15,141,2595019.0,813653170.0
2020-01-16,142,4475236.0,1564794435.0
2020-01-19,141,5389951.0,1902339587.0
2020-01-20,143,5090252.0,1781441581.0
2020-01-21,144,2934925.0,1122248958.0
2020-01-22,140,4395441.0,1504582605.0
2020-01-23,139,3220239.0,1289435570.0
2020-01-26,141,2353697.0,893142423.0
2020-01-27,142,2004439.0,800042740.0
2020-01-28,141,2916610.0,1212040854.0
2020-01-29,141,2279922.0,1070050789.0
2020-01-30,142,3694630.0,1609092409.0
2020-02-02,140,4700913.0,1808351070.0
2020-02-03,142,4273741.0,1415564974.0
2020-02-04,141,4395947.0,1348468620.0
2020-02-05,140,2878815.0,950494269.0
2020-02-06,142,2446840.0,907274154.0
2020-02-09,142,2220899.0,818145312.0
2020-02-10,142,2075197.0,830756122.0
2020-02-11,143,3594661.0,1365789718.0
2020-02-12,142,3108368.0,1330234225.0
2020-02-13,142,3252960.0,1557963094.0
2020-02-16,144,3479634.0,1724540351.0
2020-02-17,143,5684257.0,2377538874.0
2020-02-18,146,4833652.0,1914193628.0
2020-02-19,144,3025600.0,1500734835.0
2020-02-20,145,4704141.0,2403562899.0
2020-02-23,145,7682112.0,3238249633.0
2020-02-24,145,7361530.0,3056577349.0
2020-02-25,145,6248808.0,2692800003.0
2020-02-26,146,8574583.0,3821854468.0
2020-02-27,146,9616394.0,4193669530.0
2020-03-01,146,11009714.0,4586332940.0
2020-03-02,142,4630100.0,2038939379.0
2020-03-03,146,7614100.0,3628079090.0
2020-03-04,140,6210104.0,2728397209.0
2020-03-05,143,5275820.0,2296246763.0
2020-03-10,132,2535733.0,1031575563.0
2020-03-11,144,4941461.0,2076390501.0
2020-03-12,145,5048671.0,2022673542.0
2020-03-15,143,4942732.0,1953309781.0
2020-03-16,145,3471834.0,1471251677.0
2020-03-17,144,3747435.0,1348579933.0
2020-03-18,142,3145668.0,1102275808.0
2020-03-19,141,4465619.0,1758210342.0
2020-03-22,106,435228.0,181830305.0
2020-05-12,74,71666.0,99214309.0
2020-05-13,68,10196.0,3485103.0
2020-06-29,123,1278114.0,447603376.0
2020-06-30,113,442521.0,217823295.0
2020-07-01,116,606512.0,341054747.0
2020-07-02,122,1014287.0,458324070.0
2020-07-05,138,2302532.0,942805709.0
2020-07-06,140,2040176.0,814242230.0
2020-07-07,145,2587273.0,1112055002.0
2020-07-08,144,2098256.0,927473390.0
2020-07-09,147,1858585.0,854495205.0
2020-07-12,145,2186362.0,1008709507.0
2020-07-13,146,1967798.0,879826714.0
2020-07-14,146,1918696.0,890218928.0
2020-07-15,149,2606736.0,1061707768.0
2020-07-16,145,2552135.0,975304982.0
2020-07-19,90,101654.0,54145726.0
2020-07-20,145,6501876.0,2664408331.0
2020-07-21,149,4370693.0,1779910132.0
2020-07-22,147,3189596.0,1458093736.0
2020-07-23,147,2798984.0,1214728988.0
2020-07-26,150,3711969.0,1774925587.0
2020-07-27,149,3566268.0,1652650358.0
2020-07-28,149,2773165.0,1169958991.0
2020-07-29,151,3258111.0,1566119885.0
2020-07-30,151,2965276.0,1224392505.0
2020-08-02,151,4016312.0,1710407751.0
2020-08-03,151,2245003.0,889298891.0
2020-08-05,149,2972921.0,1160788722.0
2020-08-06,148,2030312.0,845048183.0
2020-08-09,147,2152005.0,791343480.0
2020-08-10,151,3326286.0,1340397535.0
2020-08-11,151,2690265.0,1068328801.0
2020-08-12,150,1938180.0,775136298.46
2020-08-13,150,2214697.0,903015197.1800001
2020-08-16,150,3130565.0,1097497580.7
2020-08-17,146,2692748.0,893658481.22
2020-08-18,150,2256633.0,1018843504.38
2020-08-19,148,1983585.0,831436988.3
2020-08-20,149,920837.0,341481586.4
2020-08-23,148,1985524.0,917227225.1700001
2020-08-24,148,4032686.0,1810415495.9
2020-08-25,150,3286340.0,1614521243.1
2020-08-26,149,5086361.0,2359537092.96
2020-08-27,150,4140396.0,1734116376.2
2020-08-30,148,2769743.0,1287057132.0
2020-08-31,150,6183591.0,2870250628.6
2020-09-02,150,8084921.0,3742013291.0
2020-09-03,149,5982461.0,2369052039.0
2020-09-06,151,6207877.0,2521246983.0
2020-09-07,150,4390262.0,1855991752.2
2020-09-08,149,3582647.0,1636044460.0
2020-09-09,152,4355854.0,2249784148.5
2020-09-10,150,3507243.0,1869380817.5
2020-09-13,152,5812859.0,2808021210.0
2020-09-14,152,7656054.0,2805222163.0
2020-09-15,152,5374587.0,1839027134.52
2020-09-16,152,5205249.0,1629536038.5
2020-09-17,154,12165255.0,3416252867.15
2020-09-20,152,8536695.0,2558911069.49
2020-09-21,154,7554102.0,2408009713.01
2020-09-22,155,6661743.0,2523429943.0
2020-09-23,153,5017278.0,1549306385.5
2020-09-24,154,7961565.0,2076496641.98
2020-09-27,153,19039998.0,3008994439.05
2020-09-28,152,5893545.0,1553246655.3
2020-09-29,153,6834389.0,1696430618.0
2020-09-30,153,7352355.0,1820415280.0
2020-10-01,152,9174925.0,2573112175.8
2020-10-04,153,10009557.0,3075015238.5
2020-10-05,152,8692176.0,2448290016.49
2020-10-06,153,9487582.0,2408442824.01
2020-10-07,153,12115715.0,3222224099.01
2020-10-08,151,10396336.0,2753250825.51
2020-10-11,153,8474102.0,2264266388.5
2020-10-12,151,6407866.0,1827948169.75
2020-10-13,153,6283470.0,1710442783.41
2020-10-14,153,4606675.0,1354101380.9
2020-10-15,153,4268009.0,1319457961.5
2020-10-18,147,2990013.0,931383316.5
2020-10-19,149,3071964.0,909153855.5
2020-10-20,153,4317585.0,1171815623.99
2020-10-21,151,4796556.0,1518499327.0
2020-10-22,150,6051431.0,1875354647.5
2020-10-28,150,8691987.0,2578102697.47
2020-10-29,152,8686409.0,2771444824.71
2020-11-01,152,7972995.0,2519948479.0
2020-11-02,153,6177410.0,2199145251.01
2020-11-03,153,5538809.0,1908110508.31
2020-11-04,153,4343952.0,1517752769.0
2020-11-05,153,8072462.0,2681439602.1
2020-11-08,153,9638877.0,3308314228.13
2020-11-09,153,8827649.0,3451036875.7
2020-11-10,154,8818227.0,3796857941.4
2020-11-11,154,8712212.0,3640498232.0
2020-11-12,154,10256481.0,4332524235.1
2020-11-18,154,9303349.0,4380243775.53
2020-11-19,154,11331238.0,5321284282.5
2020-11-22,155,13434608.0,6269540176.0
2020-11-23,155,10073586.0,4304721357.2
2020-11-24,155,9892713.0,4864458034.3
2020-11-25,155,12494959.0,5677616026.0
2020-11-26,157,14927659.0,7056732445.0
2020-11-29,157,21729063.0,8643427099.0
2020-11-30,157,20267515.0,8305668826.86
2020-12-01,157,16676719.0,6909942966.98
2020-12-02,157,12769303.0,6741999611.3
2020-12-03,158,13945222.0,7360542386.82
2020-12-06,158,11367273.0,6777604793.0
2020-12-07,158,10223520.0,6175699151.5
2020-12-08,158,9913598.0,5116472177.49
2020-12-09,158,9476423.0,4398251194.1
2020-12-10,158,6691664.0,3553217408.0
2020-12-13,158,8055302.0,4669622093.6
2020-12-14,159,10622947.0,6735650125.69
2020-12-15,158,8478060.0,5544532043.0
2020-12-16,158,8364224.0,4547081145.18
2020-12-17,157,10564151.0,6118468557.5
2020-12-20,159,13117502.0,8418246678.1
2020-12-21,158,10770378.0,6290663753.7
2020-12-22,159,10765107.0,6073624314.0
2020-12-23,159,10185348.0,6483182235.22
2020-12-24,158,8518438.0,4969108413.3
2020-12-27,159,6992005.0,4364117016.0
2020-12-28,159,6166993.0,3590818389.4
2020-12-29,158,5903867.0,3565793971.99
2020-12-30,159,7230307.0,4075549511.3
2020-12-31,159,9693265.0,5423275795.1
2021-01-03,158,11656975.0,5841076598.0
2021-01-04,156,9754191.0,5439632562.4
2021-01-05,158,8185272.0,4120854965.83
2021-01-06,158,7939548.0,3758549675.5
2021-01-07,158,9638020.0,4953833689.9
2021-01-10,158,13169313.0,5728113309.9
2021-01-11,161,11645453.0,4915118467.4
2021-01-12,159,10945172.0,4095343670.6
2021-01-13,159,10917625.0,5087618591.7
2021-01-17,159,13403828.0,5677516487.3
2021-01-18,159,12387181.0,5361758148.3
2021-01-19,160,14055471.0,6669397807.8
2021-01-20,161,11082889.0,5450808211.0
2021-01-21,160,15717448.0,6818600353.4
2021-01-24,160,16794928.0,8242508951.1
2021-01-25,159,16656548.0,7857074430.9
2021-01-26,160,13911812.0,7493783110.93
2021-01-27,160,13362725.0,6994984720.5
2021-01-28,160,18321187.0,8367205198.5
2021-01-31,160,13649661.0,7627299337.6
2021-02-01,157,11331551.0,6053609193.9
2021-02-02,157,12896415.0,7232267958.11
2021-02-03,157,19707875.0,8114570981.6
2021-02-04,157,16186023.0,6454465908.0
2021-02-07,161,15563413.0,9174263197.3
2021-02-08,161,17657434.0,9546958161.2
2021-02-09,150,13402031.0,7299763879.4
2021-02-10,149,13711284.0,7054851621.28
2021-02-11,157,14121741.0,7637486853.4
2021-02-14,156,12560112.0,6271359385.21
2021-02-15,161,18040001.0,9471819878.7
2021-02-16,161,16260685.0,9139470160.09
2021-02-17,161,14773304.0,6817514322.79
2021-02-18,160,16792790.0,7535840148.5
2021-02-21,160,19160394.0,7696028757.85
2021-02-22,161,17608737.0,7448713357.1
2021-02-23,161,14531747.0,7347152848.74
2021-02-24,160,13395082.0,5576580793.8
2021-02-25,161,11804148.0,4760040010.87
2021-02-28,162,13148497.0,7182599553.0
2021-03-01,161,9474030.0,4777135529.16
2021-03-02,162,11000382.0,5336283885.44
2021-03-03,162,9011437.0,5501127015.1
2021-03-04,162,12119619.0,4977207085.92
2021-03-07,162,9611529.0,4171823931.5
2021-03-09,163,7662948.0,4155888851.89
2021-03-10,163,6419779.0,3582675079.55
2021-03-14,163,8183583.0,4303811423.25
2021-03-15,165,7461076.0,3480677048.9
2021-03-16,166,7911316.0,2926104667.4
2021-03-17,165,7020016.0,2836753829.34
2021-03-18,166,10385124.0,4078295813.77
2021-03-21,165,10370759.0,5103056807.9
2021-03-22,166,7973787.0,4609065949.0
2021-03-23,166,8102850.0,4262516953.8
2021-03-24,165,14186982.0,5517811848.4
2021-03-25,165,9133731.0,4820201377.5
2021-03-29,166,6463570.0,3505514839.99
2021-03-30,166,8433778.0,4790154160.6
2021-03-31,167,8931589.0,4721781680.95
2021-04-01,167,11975693.0,5994039662.58
2021-04-04,166,13295607.0,6782598555.9
2021-04-05,166,9834123.0,5404347650.4
2021-04-06,167,12935797.0,5835174537.6
2021-04-07,167,13187682.0,5999194658.56
2021-04-08,164,11097343.0,5637825494.29
2021-04-12,167,11650448.0,6490731619.9
2021-04-13,166,13186712.0,6351089318.3
2021-04-15,167,16487918.0,7607234890.96
2021-04-18,166,16948995.0,8006048709.3
2021-04-19,167,12352962.0,6058013515.6
2021-04-20,167,10120113.0,4935205053.8
2021-04-21,168,11563614.0,5118808895.6
2021-04-22,169,10991224.0,5149644127.9
2021-04-25,172,13271479.0,6696021256.32
2021-04-26,172,11762457.0,6127180008.79
2021-04-27,171,8975733.0,4696487903.53
2021-04-28,171,7511256.0,3733108295.4700003
2021-04-29,170,8377348.0,4036538716.08
2021-05-02,172,13839992.0,6780322005.2300005
2021-05-03,170,13846467.0,6833158316.75
2021-05-04,172,11158736.0,5528845861.3
2021-05-05,172,12432263.0,5433267242.41
2021-05-06,172,15145180.0,6387490591.48
2021-05-09,173,11814896.0,5740295313.44
2021-05-10,172,6845500.0,3884430091.0
2021-05-11,173,9649664.0,5372425452.1
2021-05-12,172,12284650.0,4988552629.45
2021-05-13,170,18412424.0,6388732514.01
2021-05-16,170,19601460.0,9389802909.9
2021-05-17,171,17236894.0,8699530844.2
2021-05-18,171,21235012.0,10338643944.51
2021-05-19,170,22603474.0,10768215847.54
2021-05-20,170,18685250.0,8565194356.55
2021-05-23,171,23437703.0,10990076281.2
2021-05-24,171,24919921.0,12124327487.25
2021-05-25,171,20028544.0,9780043943.39
2021-05-27,171,31559168.0,13332658110.34
2021-05-30,170,35191296.0,15798104472.04
2021-05-31,172,27772141.0,12978472721.93
2021-06-01,171,16691819.0,8060921126.17
2021-06-02,172,20457908.0,10798337171.7
2021-06-03,172,32777975.0,16310577015.0
2021-06-06,170,35146376.0,16511152849.3
2021-06-07,171,32383890.0,15054872171.2
2021-06-08,170,32125898.0,15528159188.28
2021-06-09,172,28596565.0,15724193978.71
2021-06-10,172,28301196.0,14858570516.45
2021-06-13,171,34102407.0,18360804894.62
2021-06-14,172,33247348.0,18033336909.7
2021-06-15,173,28243875.0,15359964425.9
2021-06-16,172,26498120.0,14647849342.75
2021-06-17,171,18116049.0,9966814383.45
2021-06-20,173,21404486.0,10943556638.06
2021-06-21,174,19928540.0,11044931339.74
2021-06-22,174,17756577.0,9769804908.62
2021-06-23,172,16172260.0,7933978462.52
2021-06-24,172,11668661.0,6708725367.35
2021-06-27,174,13395405.0,6773273985.75
2021-06-28,172,15529425.0,7426024147.13
2021-06-29,174,12042450.0,6386120155.12
2021-06-30,173,14851382.0,5518974409.3
2021-07-01,173,19910322.0,6062383383.05
2021-07-04,174,8803594.0,4698303834.2
2021-07-05,177,8121009.0,4284692456.7
2021-07-06,176,8138388.0,3949318826.62
2021-07-07,177,9273629.0,4280300134.07
2021-07-08,178,10818561.0,4483971837.55
2021-07-11,179,25495602.0,7546027338.3
2021-07-12,180,17858986.0,9308123131.34
2021-07-13,178,9332344.0,5261600925.07
2021-07-14,173,29112293.0,5173053998.34
2021-07-15,177,39489071.0,7313083546.59
2021-07-18,177,20764448.0,11100054010.69
2021-07-19,176,23977122.0,11113144000.75
2021-07-20,177,25167382.0,7503362950.74
2021-07-22,177,36622064.0,10446556094.65
2021-07-25,177,34080228.0,13452024725.71
2021-07-26,177,31569078.0,13532379178.35
2021-07-27,177,27509360.0,14349594990.91
2021-07-28,176,23219712.0,12267304495.74
2021-07-29,176,19422547.0,9929323254.65
2021-08-01,178,23091614.0,11262991234.83
2021-08-02,178,18899117.0,10334543871.13
2021-08-03,177,18072592.0,10727114275.76
2021-08-04,177,25488754.0,14841541771.86
2021-08-05,178,25528487.0,13535877816.66
2021-08-08,178,23964143.0,13596509772.94
2021-08-09,177,22600691.0,13628287305.33
2021-08-10,178,30489687.0,17290779076.37
2021-08-11,179,24334310.0,14768707196.93
2021-08-12,177,29295622.0,16439574186.12
2021-08-15,177,32837639.0,20577427489.72
2021-08-16,177,25668657.0,14928064440.47
2021-08-17,178,27812820.0,17543889856.68
2021-08-18,178,31894434.0,20636367406.68
2021-08-19,179,27363711.0,18948835038.38
2021-08-24,177,22509049.0,14887995928.35
2021-08-25,177,17687162.0,11318321949.84
2021-08-26,177,19760296.0,12855071921.9
2021-08-29,179,22320303.0,15097371918.3
2021-08-31,179,20168285.0,12658141235.94
2021-09-01,176,14841124.0,8884121096.97
2021-09-02,179,16078867.0,9040385535.07
2021-09-05,179,19121410.0,10647921015.07
2021-09-06,178,16429531.0,9415327168.48
2021-09-07,178,12645346.0,7204606362.01
2021-09-08,180,12029661.0,6296777351.26
2021-09-09,180,11296304.0,6610577595.82
2021-09-12,180,15535763.0,9066287287.0
2021-09-13,179,14266573.0,8908463314.64
2021-09-14,180,8711587.0,4942207194.86
2021-09-15,178,8840862.0,4883462910.25
2021-09-16,180,14586163.0,8515379758.16
2021-09-20,183,14643420.0,7964463121.37
2021-09-21,181,13478012.0,7015120393.14
2021-09-22,181,10558131.0,5806575660.17
2021-09-23,182,13905718.0,7425887771.16
2021-09-26,182,12300409.0,5934383897.49
2021-09-27,181,9231744.0,4937451940.94
2021-09-28,181,10979766.0,5516956412.59
2021-09-29,183,9113824.0,4789553886.46
2021-09-30,181,6545120.0,3428300421.9700003
2021-10-03,182,7479256.0,3711977274.75
2021-10-04,181,6420139.0,3326890180.14
2021-10-05,180,4809964.0,2670444313.4
2021-10-06,184,7222268.0,4196648263.2999997
2021-10-10,180,6486280.0,4211934222.17
2021-10-11,181,6192493.0,3265429924.45
2021-10-17,180,2695242.0,1349648283.27
2021-10-18,182,5650880.0,2778276297.0
2021-10-19,182,7106391.0,3424720827.64
2021-10-20,180,5301138.0,2530451093.42
2021-10-21,180,5117670.0,2520327024.76
2021-10-24,183,5187835.0,2669757343.88
2021-10-25,182,7495269.0,4092311117.79
2021-10-26,182,10223231.0,6033401083.32
2021-10-27,181,10297488.0,6196475251.65
2021-10-28,181,8401243.0,5080182423.4
2021-10-31,183,12428070.0,7401244632.43
2021-11-01,182,11883942.0,7034734487.4800005
2021-11-02,182,8957684.0,5569607944.86
2021-11-03,180,8914924.0,6107759528.62
2021-11-08,181,6557319.0,4217881982.92
2021-11-09,181,10490640.0,5995086477.91
2021-11-11,180,8282006.0,4846095181.05
2021-11-14,180,6576167.0,3808792887.4900002
2021-11-15,180,7843189.0,4485030600.74
2021-11-16,181,9213091.0,5227269968.68
2021-11-17,181,11017408.0,6985543370.55
2021-11-18,180,8970921.0,5947059057.2
2021-11-21,180,6794672.0,4071091150.66
2021-11-22,181,6084186.0,3649795108.59
2021-11-23,181,6594722.0,3915155769.03
2021-11-24,183,6792590.0,3925183735.78
2021-11-25,181,6465645.0,3556199790.9
2021-11-28,182,10082032.0,5441033685.96
2021-11-29,181,7351596.0,3774313784.7
2021-11-30,181,5573218.0,2907054062.09
2021-12-01,180,4613802.0,2614814943.12
2021-12-02,183,6480426.0,3201665257.34
2021-12-05,183,7746669.0,3894525376.66
2021-12-06,182,8262057.0,4311940803.05
2021-12-07,182,5730696.0,2935351922.2
2021-12-08,187,5580030.0,2570283722.64
2021-12-09,187,5137970.0,2527729416.43
2021-12-12,188,6474849.0,3183868991.64
2021-12-13,188,8453748.0,3788696779.31
2021-12-14,186,3689804.0,1740305106.0
2021-12-15,187,9004007.0,4354363647.92
2021-12-16,187,4886287.0,2180795167.98
2021-12-20,188,4817668.0,2366523676.63
2021-12-21,187,4756204.0,2310506847.27
2021-12-22,190,7655811.0,4365403391.05
2021-12-23,187,7561594.0,4306607853.41
2021-12-26,189,7785362.0,4783507438.45
2021-12-27,191,9193774.0,5239648352.61
2021-12-28,188,5243946.0,3015628741.9
2021-12-29,189,5142046.0,3445453669.69
2022-01-02,189,6288757.0,3879551788.08
2022-01-03,189,7613058.0,4233321586.0
2022-01-04,190,8426130.0,4064695118.83
2022-01-05,190,8696494.0,4363937891.67
2022-01-06,189,6711473.0,3544176617.29
2022-01-09,192,13823525.0,6722927833.940001
2022-01-10,189,12954145.0,6657604986.91
2022-01-11,190,10740331.0,6153408292.3
2022-01-12,189,14187427.0,7513799768.04
2022-01-13,187,10785153.0,6049559851.9
2022-01-16,188,16489495.0,9015842005.59
2022-01-17,187,13306416.0,7409386743.8
2022-01-18,189,14310898.0,7665498126.17
2022-01-19,192,10505265.0,5585058673.28
2022-01-20,191,15150647.0,5277442792.3
2022-01-23,190,13227287.0,6490443022.79
2022-01-24,189,15665913.0,8397309563.71
2022-01-25,189,8962590.0,5100099777.2
2022-01-26,190,7798381.0,4055716390.15
2022-01-27,190,5948544.0,3093121508.29
2022-01-30,190,10899831.0,5797168332.18
2022-01-31,188,8954226.0,4902402270.41
2022-02-01,187,11286127.0,6169304247.099999
2022-02-03,189,14634904.0,8227295827.73
2022-02-06,191,9938743.0,5587376769.37
2022-02-07,188,8745291.0,4736388384.06
2022-02-08,191,11169967.0,5859008437.059999
2022-02-09,189,5992902.0,3273830256.7
2022-02-10,190,6223104.0,3477676138.97
2022-02-13,191,11004163.0,5715609311.49
2022-02-14,190,6993766.0,3532621702.7799997
2022-02-15,190,5371566.0,3035021983.67
2022-02-16,192,4933821.0,2787841826.17
2022-02-17,190,3647617.0,2190698429.03
2022-02-20,191,6468271.0,3932576711.1400003
2022-02-21,190,4761779.0,2911742923.75
2022-02-22,190,5521413.0,3067732731.9
2022-02-23,191,5808942.0,3045086857.49
2022-02-24,191,7934640.0,4127083197.59
2022-02-27,188,6548138.0,3127915298.36
2022-02-28,191,7234612.0,3544753064.26
2022-03-02,190,6961006.0,3483884084.88
2022-03-06,192,4738205.0,2409362051.2599998
2022-03-07,189,4848891.0,2482243844.47
2022-03-09,191,4644708.0,2255816121.47
2022-03-10,191,5399667.0,2687031048.81
2022-03-13,190,8305852.0,4580886253.35
2022-03-14,187,2216423.0,1291035733.78
2022-03-15,190,5853990.0,3174584223.45
2022-03-16,190,4530460.0,2391111185.26
2022-03-20,188,3775880.0,2052985069.8600001
2022-03-21,191,4666273.0,2420423019.3
2022-03-22,190,4302152.0,2173056795.12
2022-03-23,190,3580147.0,1919530138.97
2022-03-24,189,4685197.0,2944791766.36
2022-03-27,190,7328365.0,4064281905.75
2022-03-28,191,4313454.0,2318056938.21
2022-03-29,188,3529660.0,1649209780.3
2022-03-30,191,3764400.0,1888375971.86
2022-03-31,192,3357906.0,1697998721.99
2022-04-03,193,2879222.0,1329823493.6
2022-04-04,189,3024413.0,1449560409.1
2022-04-05,192,5259308.0,2466806428.65
2022-04-06,190,3923365.0,1813817525.1200001
2022-04-07,190,4738387.0,1977636541.8
2022-04-11,190,4773919.0,2129513810.83
2022-04-12,193,3422791.0,1439187886.51
2022-04-13,190,3072973.0,1384351828.99
2022-04-17,192,2939309.0,1296623687.05
2022-04-18,191,3461303.0,1413221057.21
2022-04-19,190,2936870.0,1215626353.99
2022-04-20,191,3213204.0,1350333952.71
2022-04-21,193,3508851.0,1515521397.22
2022-04-24,192,4761762.0,2108189860.0
2022-04-25,193,4509802.0,1947223315.15
2022-04-26,191,2757780.0,1000733836.48
2022-04-27,192,2452597.0,1053056523.76
2022-04-28,190,3385605.0,1348710858.54
2022-05-02,190,3543162.0,1355323426.79
2022-05-04,190,2963196.0,1173273815.1399999
2022-05-05,193,3834645.0,1544999974.6200001
2022-05-08,191,2852692.0,1215006502.94
2022-05-09,190,3152741.0,1342419008.29
2022-05-10,191,3129564.0,1304159920.5
2022-05-11,191,4808458.0,2035373060.82
2022-05-12,191,4859586.0,2204968509.13
2022-05-17,186,3314248.0,1467220149.65
2022-05-18,188,2899314.0,1216821979.89
2022-05-19,186,2568295.0,1035185449.99
2022-05-20,189,2128381.0,834538135.5
2022-05-23,190,3274721.0,1276569399.34
2022-05-24,189,2734849.0,973154758.63
2022-05-25,191,2567863.0,984699386.45
2022-05-26,192,2212854.0,839346053.3
2022-05-27,190,3067502.0,1082187265.27
2022-05-30,191,2989475.0,1260682946.35
2022-05-31,192,3440816.0,1256156669.1
2022-06-01,193,2727187.0,1026396809.76
2022-06-02,192,2980903.0,1076917626.1
2022-06-03,192,3433085.0,1249130478.4
2022-06-06,194,4149489.0,1221822901.25
2022-06-07,194,3369005.0,1225301350.95
2022-06-08,193,4245452.0,1512798112.0
2022-06-09,194,3829707.0,1393495990.67
2022-06-10,193,2822814.0,850313248.79
2022-06-13,193,2767032.0,968800658.0
2022-06-14,192,3687137.0,1120324871.95
2022-06-15,193,3910669.0,1421925832.96
2022-06-16,189,3415761.0,1153172114.68
2022-06-17,187,2177631.0,704828715.62
2022-06-19,189,3225635.0,1087657896.57
2022-06-20,192,4602678.0,1552164304.8
2022-06-21,192,3362315.0,1178180388.31
2022-06-22,190,2565475.0,783332736.85
2022-06-23,194,4544091.0,1415007179.66
2022-06-24,188,3265842.0,1085423930.99
2022-06-26,192,5904341.0,2107434407.99
2022-06-27,189,4992489.0,1950790434.31
2022-06-28,188,2740849.0,999861592.94
2022-06-29,190,3780744.0,1326903113.52
2022-06-30,191,6385428.0,2334177314.28
2022-07-01,187,3448707.0,1372630147.0
2022-07-03,190,5736924.0,2306181871.86
2022-07-04,190,9758954.0,4083842476.54
2022-07-05,190,6049735.0,2468264012.45
2022-07-06,189,5544262.0,2083357072.76
2022-07-07,189,4148156.0,1675622639.68
2022-07-08,185,2850978.0,1130739235.5
2022-07-11,190,5865790.0,2241781933.28
2022-07-12,189,4571076.0,1658783476.07
2022-07-13,188,5377284.0,1956476719.27
2022-07-14,188,5619506.0,2310924052.4
2022-07-15,187,3623873.0,1355253768.89
2022-07-17,181,2836246.0,1179706139.71
2022-07-18,184,2959375.0,1267780200.9
2022-07-19,186,5205288.0,2211603379.0
2022-07-20,185,3737417.0,1668224791.85
2022-07-21,187,3575397.0,1584935104.36
2022-07-22,183,3186053.0,1396112122.5
2022-07-24,185,6143765.0,2603420459.1
2022-07-25,185,9437694.0,3977258018.4
2022-07-26,187,8252890.0,3561047686.35
2022-07-27,186,7201909.0,3030031637.96
2022-07-28,187,11053770.0,4760192234.84
2022-07-29,187,4879860.0,2104277176.01
2022-07-31,187,10080405.0,4333059005.29
2022-08-01,185,10024108.0,4431633166.6
2022-08-02,188,6820576.0,3130717838.52
2022-08-03,186,9197426.0,3906667606.75
2022-08-04,187,8196889.0,3647509926.4
2022-08-05,185,5596166.0,2519457871.13
2022-08-07,188,5416914.0,2488211704.87
2022-08-08,186,5943341.0,2675312101.27
2022-08-09,188,5934565.0,2681106671.85
2022-08-10,187,4244029.0,1853651590.7
2022-08-11,191,3987466.0,1665898506.44
2022-08-14,190,4050167.0,1747141845.3700001
2022-08-15,189,5500704.0,2362735114.1
2022-08-16,192,5973399.0,2626461215.97
2022-08-17,194,3279803.0,1363489758.3
2022-08-18,193,4956801.0,2012969811.65
2022-08-21,193,4917854.0,1975818976.02
2022-08-22,194,4938764.0,1666487687.22
2022-08-23,193,3640641.0,1258939583.29
2022-08-24,193,3503761.0,1467947489.71
2022-08-25,192,4007489.0,1657051350.93
2022-08-26,190,3354614.0,1265946579.34
2022-08-28,195,5673895.0,1994427924.85
2022-08-29,192,3275419.0,1228983738.47
2022-08-30,195,2653777.0,972355841.35
2022-08-31,195,2836780.0,1092552525.99
2022-09-01,195,3762582.0,1340804028.8600001
2022-09-02,195,1739015.0,682801716.96
2022-09-04,197,2656583.0,1016828235.26
2022-09-05,193,2257017.0,868181177.98
2022-09-06,195,3068843.0,1163021457.61
2022-09-07,198,2603434.0,803363593.05
2022-09-08,197,3216135.0,1018156266.77
2022-09-11,196,2371191.0,722800736.47
2022-09-12,196,2476003.0,798650600.37
2022-09-13,198,2655756.0,872111418.25
2022-09-14,197,4097480.0,1413348589.13
2022-09-15,200,6363581.0,2048602426.69
2022-09-16,195,2699630.0,875001909.57
2022-09-18,198,4508831.0,1358051484.8799999
2022-09-20,199,3464364.0,1187661138.81
2022-09-21,197,2331682.0,699595781.39
2022-09-22,197,1964674.0,626856003.73
2022-09-25,199,3856910.0,1050435772.4
2022-09-27,197,1918604.0,636055937.01
2022-09-28,193,1172679.0,412851283.4
2022-09-29,196,1539728.0,563959458.05
2022-10-09,196,2454702.0,820621004.81
2022-10-10,198,2684708.0,882841045.17
2022-10-11,200,1621125.0,530801135.96
2022-10-12,195,1876685.0,648127394.82
2022-10-13,195,2306384.0,786557047.39
2022-10-16,196,2352003.0,776708946.63
2022-10-17,194,1553522.0,504316404.92
2022-10-19,193,2054729.0,630767685.8
2022-10-20,195,1424687.0,490732818.55
2022-10-23,195,1380559.0,484710253.1
2022-10-31,198,2300221.0,677091105.79
2022-11-01,200,3747686.0,1253817730.63
2022-11-02,198,4157485.0,1433593647.0
2022-11-03,198,2496637.0,849873457.18
2022-11-06,200,3592321.0,1426541858.0
2022-11-07,201,4756040.0,1923761721.57
2022-11-08,199,2653119.0,994225229.61
2022-11-09,198,3552613.0,1348553094.9
2022-11-10,200,3001188.0,1086114718.15
2022-11-13,198,1892795.0,743057039.8
2022-11-14,198,2349869.0,918976942.03
2022-11-15,200,2408673.0,944036984.75
2022-11-16,199,2175138.0,791523533.21
2022-11-17,197,4149485.0,1677352537.43
2022-11-22,200,3674626.0,1327134366.98
2022-11-23,199,2682232.0,987428546.93
2022-11-24,202,2491414.0,898028747.67
2022-11-27,201,3976553.0,1970810302.8
2022-11-28,204,3546993.0,1441383832.72
2022-11-29,203,2392979.0,910138359.0
2022-11-30,206,2015054.0,753842162.27
2022-12-01,204,2977345.0,1191622650.3
2022-12-04,208,3373297.0,1488863587.03
2022-12-05,208,3901056.0,1623765076.59
2022-12-06,207,2400693.0,909832006.92
2022-12-07,212,2603347.0,933609955.59
2022-12-11,214,3086522.0,1062085191.6
2022-12-12,209,3037539.0,1148142473.05
2022-12-13,212,1956156.0,711859750.78
2022-12-14,212,1913020.0,691112329.32
2022-12-15,216,2548998.0,909665001.53
2022-12-18,216,3474197.0,1108625870.73
2022-12-19,216,2460037.0,850736459.0
2022-12-20,219,2710247.0,874579760.2
2022-12-21,216,2279538.0,825191842.58
2022-12-22,217,2856994.0,1036019824.62
2022-12-26,216,5432453.0,1992645409.85
2022-12-27,220,11313969.0,3677966881.14
2022-12-28,219,6022318.0,2066634517.07
2022-12-29,222,7549639.0,2748570703.27
2023-01-01,221,10002038.0,3862186166.19
2023-01-02,217,7422090.0,2780573908.32
2023-01-03,221,7243335.0,3191562006.21
2023-01-04,221,8258305.0,3331435738.03
2023-01-05,221,11465648.0,4711296137.99
2023-01-08,221,12883686.0,5147985136.7
2023-01-09,219,13508947.0,5048136884.64
2023-01-10,216,19675475.0,7386753456.18
2023-01-12,213,13681478.0,5215434814.0
2023-01-17,211,10553003.0,3563566385.75
2023-01-18,214,12334344.0,4772425770.87
2023-01-19,212,7716239.0,2934916689.87
2023-01-23,215,10256832.0,3760860337.23
2023-01-24,212,7449022.0,2869906316.23
2023-01-25,217,8578196.0,3338907266.65
2023-01-26,216,7199954.0,2716290599.92
2023-01-29,217,7599905.0,2806585107.46
2023-01-30,216,8371436.0,3150441613.68
2023-01-31,222,6754112.0,2587933777.81
2023-02-01,221,4511782.0,1647638147.45
2023-02-02,221,5312309.0,1967591914.1
2023-02-05,219,4815748.0,1817146795.1
2023-02-06,220,3518498.0,1372984299.07
2023-02-07,220,8539137.0,3189700108.63
2023-02-08,220,9303457.0,3500403613.11
2023-02-09,217,5178385.0,1929302381.35
2023-02-12,218,7566515.0,2922964354.46
2023-02-14,219,4345636.0,1698110192.8
2023-02-15,219,4495277.0,1649560899.94
2023-02-16,218,4461084.0,1602290833.1
2023-02-20,221,5843235.0,1884016522.74
2023-02-22,223,4536750.0,1723574302.5
2023-02-23,224,5848819.0,2374945035.05
2023-02-26,222,6085684.0,2378911887.01
2023-02-27,220,4882242.0,1814472721.28
2023-02-28,222,3639668.0,1305128425.12
2023-03-01,222,3323743.0,1214020762.41
2023-03-02,220,3479518.0,1288846032.82
2023-03-05,222,3539334.0,1305560093.36
2023-03-07,224,3790544.0,1164438157.42
2023-03-09,225,4336629.0,1498310695.71
2023-03-12,227,4403231.0,1553095733.75
2023-03-13,225,3150473.0,1129133074.32
2023-03-14,224,3166999.0,1094777117.27
2023-03-15,223,3501919.0,1172029596.76
2023-03-16,226,2996051.0,1061917939.2
2023-03-19,223,2946853.0,1034511248.8
2023-03-20,227,4268594.0,1136376644.29
2023-03-22,227,3449465.0,1291462417.1200001
2023-03-23,224,3651654.0,1326331767.18
2023-03-26,227,3475213.0,1254952530.12
2023-03-27,229,3864115.0,1300206526.68
2023-03-28,228,3722223.0,1349708474.8
2023-03-29,229,2274719.0,782396433.7
2023-03-30,226,2511834.0,855789702.5
2023-04-02,229,3408578.0,1148167870.3
2023-04-03,229,2753784.0,893626763.74
2023-04-04,228,2671079.0,870912631.45
2023-04-05,229,2396247.0,779987948.65
2023-04-06,230,2698267.0,892907086.92
2023-04-09,231,3488718.0,1103217405.23
2023-04-10,232,2760315.0,882118616.77
2023-04-11,229,3001722.0,908725040.9
2023-04-12,232,5834919.0,1932689931.86
2023-04-13,232,4695818.0,1618829166.27
2023-04-16,233,2989201.0,954949989.5799999
2023-04-17,231,2933139.0,887428963.92
2023-04-18,230,2298925.0,789666384.31
2023-04-19,233,2296854.0,758900182.27
2023-04-20,229,2747907.0,924855896.25
2023-04-23,233,2563837.0,804986518.13
2023-04-24,233,2095947.0,726023598.42
2023-04-25,230,2464602.0,821415584.96
2023-04-26,232,2422838.0,828377143.13
2023-04-27,233,2108672.0,723260130.55
2023-04-30,237,3068236.0,936391762.64
2023-05-02,233,2207976.0,672039643.16
2023-05-03,234,1926348.0,601512514.72
2023-05-04,237,2194062.0,663224333.51
2023-05-07,233,1944198.0,591591324.79
2023-05-08,236,2634033.0,804184030.05
2023-05-09,234,2465898.0,704114906.5
2023-05-10,233,1786958.0,566422728.66
2023-05-11,230,1649468.0,523265234.0
2023-05-14,234,2594292.0,877041448.27
2023-05-15,232,2232124.0,696668833.7
2023-05-16,234,1941682.0,623109491.36
2023-05-17,234,2479519.0,831175713.95
2023-05-18,235,4286191.0,1441460683.76
2023-05-21,237,4432752.0,1540966394.16
2023-05-22,239,3258784.0,1242769174.55
2023-05-23,238,5553171.0,2117656740.95
2023-05-24,235,4498559.0,1812837997.59
2023-05-28,237,6820511.0,2601549670.9
2023-05-30,238,5824791.0,2208219506.15
2023-05-31,234,5579998.0,1949011961.91
2023-06-01,239,4077204.0,1411068541.3
2023-06-04,237,4419728.0,1636607981.57
2023-06-05,240,5185533.0,1917539886.2
2023-06-06,239,5425308.0,1966469905.63
2023-06-07,237,6429432.0,2354323931.24
2023-06-08,241,5882151.0,2288634824.67
2023-06-11,243,8616188.0,3339945677.27
2023-06-12,246,7285208.0,2859992054.87
2023-06-13,241,10382879.0,4083757439.31
2023-06-14,241,12154755.0,4970469854.72
2023-06-15,241,7507450.0,3102400028.07
2023-06-18,246,11443024.0,4717603118.63
2023-06-19,244,12174209.0,4672331284.15
2023-06-20,243,10541688.0,4070768198.79
2023-06-21,243,8392626.0,3464208314.6
2023-06-22,247,7900509.0,3420896353.9900002
2023-06-25,246,14415025.0,6452769283.47
2023-06-26,245,11610301.0,5262641519.31
2023-06-27,246,12759135.0,5380181180.7699995
2023-06-28,244,12960296.0,5890197236.38
2023-07-02,247,11083208.0,5021689250.9
2023-07-03,245,9149538.0,4009780190.1
2023-07-04,247,6136848.0,2554180522.62
2023-07-05,249,7772699.0,3009447248.74
2023-07-06,250,7510068.0,2852702456.76
2023-07-09,249,8005455.0,3014587180.54
2023-07-10,252,8853978.0,3505499277.84
2023-07-11,246,7734598.0,2835048106.2400002
2023-07-12,247,8062532.0,3124996675.65
2023-07-13,252,8738336.0,3287421314.91
2023-07-16,245,6820020.0,2342798223.05
2023-07-17,236,7467106.0,2546622761.6
2023-07-18,233,8400568.0,3527299447.36
2023-07-19,238,8500010.0,3319275245.62
2023-07-20,241,8017475.0,3003806853.29
2023-07-23,242,11136309.0,4298059736.96
2023-07-24,240,17256914.0,4680587945.67
2023-07-25,243,7505801.0,2883725866.57
2023-07-26,240,5612915.0,2234869287.19
2023-07-27,241,6038907.0,2361672495.5099998
2023-07-30,242,6620666.0,2489949477.23
2023-07-31,240,5312735.0,1844352709.8
2023-08-01,240,5326028.0,1896246792.79
2023-08-02,243,5815788.0,1595000036.86
2023-08-03,241,4919738.0,1763113425.93
2023-08-06,243,7699331.0,2676591773.05
2023-08-07,244,6082061.0,2250886351.89
2023-08-08,242,4584405.0,1725181994.53
2023-08-09,243,4824013.0,1878688759.8
2023-08-10,245,5295785.0,2136757506.6
2023-08-13,248,7470600.0,2422194876.86
2023-08-14,251,5198482.0,2075032363.24
2023-08-15,251,5332756.0,2116894532.32
2023-08-16,251,4609659.0,1668281251.87
2023-08-17,251,3848347.0,1529431508.49
2023-08-20,249,4110259.0,1436702577.17
2023-08-21,251,3866626.0,1381005234.17
2023-08-22,254,3316186.0,1039955760.5
2023-08-23,251,4145316.0,1503476773.01
2023-08-24,251,4351702.0,1530640721.45
2023-08-27,252,3683877.0,1247463424.04
2023-08-28,250,3372127.0,971086114.45
2023-08-29,253,3367600.0,812726447.84
2023-08-30,250,3450300.0,1108567756.16
2023-09-03,254,3605208.0,1156493655.27
2023-09-04,251,3139068.0,1077213964.22
2023-09-05,252,2364206.0,790483714.93
2023-09-07,253,3666840.0,1145159700.59
2023-09-10,251,3820761.0,1061500505.09
2023-09-11,254,4446173.0,1503192517.09
2023-09-12,253,3468750.0,1118870451.51
2023-09-13,254,4527252.0,1465670421.58
2023-09-17,254,5411472.0,2015728500.6
2023-09-18,250,2619863.0,861492151.84
2023-09-19,251,3914097.0,1155151489.3
2023-09-21,256,10688907.0,3280038164.65
2023-09-24,257,7674449.0,2221377800.34
2023-09-25,258,6015434.0,1525558118.24
2023-09-26,258,7844805.0,2051475515.45
2023-09-27,256,6546897.0,1799568425.64
2023-10-01,258,6039658.0,1810972163.09
2023-10-02,260,5495612.0,1726171274.0
2023-10-03,257,3609888.0,1170264404.89
2023-10-04,259,4086564.0,1179236598.59
2023-10-05,256,3413198.0,1095984091.2
2023-10-08,260,5317985.0,1752314389.9
2023-10-09,260,3755606.0,1155742262.55
2023-10-10,261,4050713.0,1273926883.8700001
2023-10-11,261,3441427.0,1069394444.58
2023-10-12,262,5699944.0,1523921821.37
2023-10-16,263,4104278.0,1176051303.57
2023-10-17,266,3575718.0,1000347702.3
2023-10-18,264,3030191.0,882367238.1
2023-10-19,264,2858178.0,854629974.05
2023-10-29,264,2580326.0,738684392.04
2023-10-30,265,2417370.0,619710349.9
2023-10-31,264,1980717.0,549906870.18
2023-11-01,264,2917967.0,731884082.31
2023-11-02,260,2819974.0,792994075.6
2023-11-05,265,3284464.0,920124831.1
2023-11-06,262,3051427.0,893448181.95
2023-11-07,265,3275477.0,899025659.14
2023-11-08,261,2534813.0,722154459.8
2023-11-09,263,2730743.0,830467020.51
2023-11-20,266,3237598.0,1092225420.2
2023-11-21,265,3146579.0,938796227.83
2023-11-22,268,3064645.0,927402924.94
2023-11-23,267,4384157.0,1342566397.1000001
2023-11-26,267,6388823.0,2003447912.72
2023-11-27,265,5463011.0,1696887486.87
2023-11-28,265,4181153.0,1240814865.58
2023-11-29,264,3901190.0,1070026969.39
2023-11-30,264,3839395.0,1172154460.86
2023-12-03,267,3230261.0,941327335.8
2023-12-04,265,3574739.0,1190084242.66
2023-12-05,266,4519273.0,1514381319.94
2023-12-06,268,3505606.0,1104462541.98
2023-12-07,272,5131259.0,1782885319.5
2023-12-10,236,1366690.0,482049412.4
2023-12-11,271,14091686.0,4787063572.34
2023-12-12,269,12297949.0,4275184820.91
2023-12-13,268,11735666.0,3843073675.04
2023-12-14,273,9280141.0,3087140166.46
2023-12-17,270,16880928.0,5130904770.05
2023-12-18,269,20935581.0,6772709253.29
2023-12-19,273,14890445.0,5560799035.85
2023-12-20,274,19105684.0,6946526449.54
2023-12-21,273,16952065.0,6246953904.2300005
2023-12-24,275,18079538.0,7057420799.98
2023-12-27,273,14013051.0,5215860940.6
2023-12-28,276,11248399.0,4263228233.45
2024-01-01,276,11563985.0,4443590367.81
2024-01-02,274,10980821.0,3974440539.01
2024-01-03,276,10231249.0,4012526127.47
2024-01-04,280,15592360.0,5564130066.46
2024-01-07,276,14768784.0,5210732839.65
2024-01-08,278,13528608.0,4653314734.46
2024-01-09,278,17550445.0,6054365971.82
2024-01-10,276,13363894.0,5109700300.09
2024-01-11,278,19685570.0,3855835149.42
2024-01-14,278,15076925.0,5045984366.89
2024-01-16,279,23295026.0,7989971101.79
2024-01-17,276,33369647.0,9708886928.91
2024-01-18,276,21029460.0,8147263692.92
2024-01-21,277,22662091.0,7654503060.49
2024-01-22,278,17609196.0,6302895719.56
2024-01-23,278,11585621.0,4224819749.33
2024-01-24,279,10830108.0,3870979179.03
2024-01-25,276,11132007.0,3714490660.46
2024-01-28,278,10037561.0,3758458446.45
2024-01-29,279,12097328.0,4523502841.14
2024-01-30,279,14883954.0,5519101861.06
2024-01-31,279,14219136.0,5271799052.7
2024-02-01,278,11415008.0,4163510928.6
2024-02-04,276,9064292.0,3198926520.48
2024-02-05,278,6648922.0,2374002662.9
2024-02-06,278,7260999.0,2575280797.0099998
2024-02-07,279,7528402.0,2819663427.75
2024-02-08,281,8565011.0,3129816866.1
2024-02-11,280,10481044.0,4063308059.36
2024-02-12,281,9867211.0,3571596768.48
2024-02-13,280,12090483.0,4653424855.24
2024-02-14,278,11454025.0,4126643064.11
2024-02-15,278,11261634.0,3846924084.18
2024-02-18,281,10509101.0,3736332989.27
2024-02-20,278,8626583.0,2912833065.43
2024-02-21,281,6153456.0,2209925533.97
2024-02-22,279,8979568.0,3148253854.07
2024-02-25,282,8428629.0,3054948475.38
2024-02-26,281,5774428.0,1989202160.56
2024-02-27,277,5088765.0,1838868252.29
2024-02-28,279,5040252.0,2021329496.12
2024-02-29,278,7348763.0,2575797155.56
2024-03-03,281,5451770.0,2037062742.95
2024-03-04,230,934418.0,374549712.12
2024-03-05,282,11207978.0,4034336592.82
2024-03-06,279,9026490.0,3414348391.26
2024-03-07,279,6604365.0,2580041666.84
2024-03-10,277,6902927.0,2886571957.46
2024-03-12,276,10460814.0,4492251924.77
2024-03-13,278,10755285.0,4209064003.0
2024-03-14,277,11194538.0,3864802967.24
2024-03-17,276,8333479.0,3354852124.83
2024-03-18,279,7413011.0,2864182443.71
2024-03-19,279,8728351.0,3594342821.17
2024-03-20,281,8286537.0,3405760379.24
2024-03-21,279,7129251.0,2961730147.46
2024-03-25,278,6600842.0,2443018614.7799997
2024-03-26,278,6498513.0,2326161842.91
2024-03-27,282,5751842.0,2198915659.6
2024-03-28,283,6335489.0,2613008280.17
2024-03-31,282,7531975.0,3123090987.22
2024-04-01,283,7094863.0,2851896024.71
2024-04-02,280,5917203.0,2199297077.69
2024-04-03,281,5918712.0,2460824703.84
2024-04-04,279,6800051.0,2978329189.15
2024-04-07,278,7672398.0,3211681250.33
2024-04-09,280,9560460.0,4095819525.41
2024-04-10,279,8418791.0,3419158577.74
2024-04-14,284,7587405.0,3014859865.62
2024-04-15,282,7086804.0,2743283680.2
2024-04-16,281,5405398.0,2088140253.08
2024-04-18,281,5278934.0,2082178118.78
2024-04-21,282,6311225.0,2242964980.99
2024-04-22,281,5451843.0,2025576797.35
2024-04-24,281,4962296.0,1891594358.9
2024-04-25,279,6228363.0,2346661184.15
2024-04-28,278,6815055.0,2657417072.02
2024-04-29,282,7198258.0,2928752217.03
2024-04-30,287,11811298.0,4783595110.36
2024-05-02,283,8997851.0,4030499550.63
2024-05-05,282,8848982.0,3616294878.23
2024-05-06,284,6892967.0,2853355302.28
2024-05-07,285,4770941.0,2067566835.12
2024-05-08,279,5336259.0,2433487168.15
2024-05-09,284,6927855.0,3075217286.17
2024-05-12,282,7649296.0,3106818087.63
2024-05-13,283,7813041.0,2988271621.01
2024-05-14,281,9014052.0,3929539174.6
2024-05-15,283,8405409.0,3654573952.27
2024-05-16,283,8018915.0,4107461175.61
2024-05-19,288,11949726.0,5154711149.13
2024-05-20,284,14240016.0,5787415364.54
2024-05-21,285,12805102.0,5146337704.66
2024-05-22,287,14234509.0,5648225158.59
2024-05-26,286,10960868.0,4408331440.66
2024-05-27,286,9217572.0,3867407640.65
2024-05-29,282,10336467.0,4492588584.99
2024-05-30,281,9668877.0,4175004929.55
2024-06-02,284,9484662.0,4263501038.45
2024-06-03,281,8640629.0,3964859517.3
2024-06-04,285,7873998.0,3996840650.31
2024-06-05,279,7910991.0,3918382939.69
2024-06-06,285,8269232.0,4297447325.58
2024-06-09,282,10084165.0,5111469959.12
2024-06-10,285,11599747.0,5452011945.43
2024-06-11,281,12599141.0,5507403975.26
2024-06-12,281,12791732.0,5791233635.2300005
2024-06-13,283,13343188.0,6134953829.21
2024-06-16,285,12803961.0,5284438045.15
2024-06-18,286,9400948.0,3952276732.82
2024-06-19,283,6988892.0,3302354704.04
2024-06-20,280,8537235.0,3758099131.34
2024-06-23,286,9287503.0,4254038714.65
2024-06-24,287,10286957.0,4913201685.15
2024-06-25,284,9201217.0,4120520944.35
2024-06-26,283,8496429.0,3931870805.72
2024-06-27,291,8559348.0,3616286490.2400002
2024-06-30,285,8459401.0,3478603792.66
2024-07-01,285,6824793.0,2905305517.78
2024-07-02,283,11111018.0,4449040278.79
2024-07-03,287,14468710.0,5000041221.67
2024-07-04,286,21258390.0,6346085047.24
2024-07-07,290,13835938.0,5914282838.61
2024-07-08,290,10373932.0,4501590201.66
2024-07-09,284,11114133.0,5278111787.86
2024-07-10,288,14249852.0,5572900345.76
2024-07-11,290,18186623.0,6808380847.85
2024-07-14,282,19465449.0,7356899732.37
2024-07-15,288,24580944.0,8669972331.8
2024-07-16,288,25604771.0,9126337654.62
2024-07-17,285,31993846.0,12044460113.95
2024-07-18,286,39689921.0,15529683353.91
2024-07-21,286,40772728.0,15197319731.48
2024-07-22,287,39631148.0,13905527795.3
2024-07-23,285,39678883.0,14102034488.61
2024-07-24,285,40654794.0,16186570461.33
2024-07-25,288,35094911.0,14111325111.88
2024-07-28,285,39609236.0,15786681524.45
2024-07-29,287,47008076.0,19525263743.39
2024-07-30,288,40164445.0,17254418565.27
2024-07-31,289,50321622.0,21827156751.68
2024-08-01,288,50835335.0,21648349609.86
2024-08-05,291,49553905.0,21831605276.14
2024-08-06,286,53523857.0,23689051562.3
2024-08-07,290,37843651.0,17876115095.97
2024-08-08,287,50625767.0,20040005270.29
2024-08-11,291,59494712.0,25669974160.39
2024-08-12,291,63531057.0,27102234112.69
2024-08-13,291,52433078.0,21451967144.0
2024-08-14,292,51008397.0,23407666021.22
2024-08-15,295,68438522.0,29873443392.91
2024-08-18,291,65094515.0,28820140591.22
2024-08-21,295,41119924.0,18843982885.52
2024-08-22,292,40543457.0,19136584305.23
2024-08-25,294,41785362.0,19645005546.04
2024-08-27,293,43505290.0,18630641820.7
2024-08-28,290,34440153.0,13709739891.7
2024-08-29,287,27749762.0,12203654399.05
2024-09-01,295,26008404.0,10486998647.42
2024-09-02,293,31188085.0,13072567821.09
2024-09-03,293,29855361.0,13558145731.12
2024-09-04,291,26377138.0,12859393234.77
2024-09-05,290,19996086.0,9618211690.86
2024-09-08,294,22111862.0,10098328231.09
2024-09-09,290,20852054.0,9340323140.46
2024-09-10,290,18769882.0,7227566360.08
2024-09-11,289,15274829.0,6827771466.92
2024-09-12,289,19268962.0,8146631588.1
2024-09-15,294,23499063.0,10261507705.369999
2024-09-16,288,16192616.0,7268337923.84
2024-09-18,290,13270372.0,5608386985.4800005
2024-09-22,293,11857244.0,5011181265.24
2024-09-23,291,12835358.0,5584835153.9
2024-09-24,289,15037182.0,5664014019.69
2024-09-25,292,12333738.0,4797770029.49
2024-09-26,292,13634915.0,4830868808.83
2024-09-29,289,9946546.0,4004447271.64
2024-09-30,290,9459782.0,3699884580.43
2024-10-01,286,17352351.0,7609865590.4
2024-10-02,289,14938805.0,6734459889.31
2024-10-06,288,13904170.0,5952051450.3
2024-10-07,285,15489186.0,7046439490.27
2024-10-08,285,9702430.0,4531078377.26
2024-10-09,279,8240637.0,3757688879.34
2024-10-15,287,6369543.0,3058395909.89
2024-10-16,290,13029702.0,5642850086.3
2024-10-17,288,18527569.0,7178355621.25
2024-10-20,287,19880945.0,8123663055.82
2024-10-21,289,13550249.0,5863114670.28
2024-10-22,288,10783308.0,4151801435.1
2024-10-23,289,15655141.0,6261060047.21
2024-10-24,291,11653291.0,5352229209.17
2024-10-27,292,10143221.0,4575387034.73
2024-10-28,286,10365147.0,5338737887.78
2024-10-29,289,13205831.0,6093682108.89
2024-10-30,285,12021489.0,5944216316.81
2024-11-05,286,9631397.0,4188611217.42
2024-11-06,290,11418126.0,5171938088.04
2024-11-10,291,22353219.0,9753111284.74
2024-11-11,288,24243029.0,11246088847.0
2024-11-12,287,16672288.0,7825343129.83
2024-11-13,284,15081762.0,7842122612.08
2024-11-14,288,21421633.0,10215004958.6
2024-11-17,290,24221868.0,11708083030.05
2024-11-19,287,21977549.0,10445211913.95
2024-11-20,292,14973873.0,7063396807.79
2024-11-21,288,16970560.0,8200582111.92
2024-11-24,288,14995738.0,7667240161.9
2024-11-25,285,11983271.0,6334166434.74
2024-11-26,289,14171118.0,7417847361.69
2024-11-27,287,16847915.0,9223130817.66
2024-11-28,285,16509452.0,8534057205.4
2024-12-01,286,16562314.0,8806437742.0
2024-12-02,287,22784146.0,10531798439.07
2024-12-03,287,17792290.0,8498223623.37
2024-12-04,289,20036914.0,9117527388.71
2024-12-05,285,16341472.0,8357564552.57
2024-12-08,292,17069409.0,7418598709.1
2024-12-09,288,11348245.0,5606666453.79
2024-12-10,285,8684859.0,4396811200.09
2024-12-11,287,11191051.0,5016642625.6
2024-12-12,284,12026974.0,6112785470.75
2024-12-16,287,12593634.0,5905775758.74
2024-12-17,286,8761686.0,4322533189.5
2024-12-18,288,7872595.0,4236386637.91
2024-12-19,285,9713423.0,4744218227.4
2024-12-22,287,9000847.0,4487828675.71
2024-12-23,295,8802183.0,4405580685.43
2024-12-24,286,12344002.0,5182984547.5199995
2024-12-26,290,20068280.0,5279955431.12
2024-12-29,288,11083793.0,5464881863.37
2024-12-31,287,13021896.0,5663747228.59
2025-01-01,287,9287857.0,3565643045.57
2025-01-02,289,7601012.0,4123485778.07
2025-01-05,292,9202210.0,4808308276.38
2025-01-06,288,15403129.0,6291664394.1
2025-01-07,285,11884683.0,5366618407.77
2025-01-08,284,14917023.0,6392612114.49
2025-01-09,286,15646195.0,7277456253.67
2025-01-12,282,7755626.0,3960223903.57
2025-01-13,291,12604943.0,6303588418.24
2025-01-15,283,10584982.0,5802791386.3
2025-01-16,281,11686867.0,5924993982.08
2025-01-19,291,12002700.0,6144659137.92
2025-01-20,284,13174579.0,6512057836.57
2025-01-21,289,11483970.0,6176771518.58
2025-01-22,291,17414523.0,8960882567.18
2025-01-23,288,15025350.0,7837034050.42
2025-01-26,290,15623850.0,9109616560.9
2025-01-27,285,17148032.0,8884080465.97
2025-01-28,288,19324007.0,9362840602.64
2025-02-02,292,24653461.0,12907111424.59
2025-02-03,288,23046559.0,11803058877.19
2025-02-04,287,16756403.0,8882592263.86
2025-02-05,289,18867143.0,8927776746.87
2025-02-06,289,17805068.0,9135641890.97
2025-02-09,288,15734148.0,8378961611.47
2025-02-10,290,14354413.0,6925470491.83
2025-02-11,281,13230143.0,7230088928.99
2025-02-12,287,15483713.0,8709802166.08
2025-02-13,285,15293587.0,7912215623.86
2025-02-16,287,20675617.0,9398850991.2
2025-02-17,284,17874524.0,9946924165.94
2025-02-18,289,18157201.0,10425539523.82
2025-02-20,290,15425721.0,8526290583.36
2025-02-23,294,21168157.0,11536648712.17
2025-02-24,287,21029244.0,11061971527.210001
2025-02-25,284,17770391.0,9901505632.08
2025-02-27,285,25872812.0,11357494215.84
2025-03-02,285,28992218.0,14168193885.95
2025-03-03,284,30058684.0,14100856734.32
2025-03-04,290,26369602.0,12904566533.03
2025-03-05,290,23324290.0,10949734234.67
2025-03-06,289,18846415.0,10037182823.55
2025-03-09,291,22621781.0,10080167931.89
2025-03-10,287,15088953.0,8367512360.2699995
2025-03-11,286,15503644.0,8377527407.5
2025-03-12,292,13685356.0,7264772538.51
2025-03-16,291,13770803.0,6773621075.79
2025-03-17,297,9922131.0,5400211562.01
2025-03-18,289,8198135.0,4339282118.67
2025-03-19,293,9582616.0,5141828282.06
2025-03-20,287,9588350.0,4554547842.07
2025-03-23,293,12263997.0,6304493361.7
2025-03-24,294,9703855.0,4468323820.69
2025-03-25,293,10991056.0,5104903980.6
2025-03-26,293,8789564.0,4155149148.7000003
2025-03-27,289,9766699.0,5214906324.03
2025-03-30,295,15478582.0,7505563849.91
2025-04-01,294,10654646.0,5787764255.04
2025-04-02,290,10383702.0,5423473008.559999
2025-04-03,297,15438739.0,7816510709.97
2025-04-07,291,9910983.0,5629912842.400001
2025-04-08,297,10597969.0,5295061683.99
2025-04-09,292,9971229.0,4463962039.53
2025-04-10,294,11295622.0,5611436913.53
2025-04-13,293,12564159.0,6127041171.13
2025-04-15,293,21780244.0,8527335723.01
2025-04-16,296,16542783.0,7250793323.599999
2025-04-17,288,23762811.0,10783497064.32
2025-04-20,297,21282094.0,8413179160.59
2025-04-21,295,21181656.0,8758286832.74
2025-04-22,293,21864693.0,8236588336.44
2025-04-23,291,18467590.0,7565249463.26
2025-04-24,292,19643005.0,7851885609.28
2025-04-27,294,28413019.0,10863957712.55
2025-04-28,296,23683770.0,8905124963.2
2025-04-29,294,18445476.0,7556511550.85
2025-04-30,292,24487470.0,9350592828.8
2025-05-04,297,21893163.0,9233997948.69
2025-05-05,299,18435103.0,7629586998.23
2025-05-06,296,20499583.0,8738883720.65
2025-05-07,292,27244324.0,10516606677.24
2025-05-08,293,30779412.0,11637259913.97
2025-05-11,288,23967491.0,10189535900.1
2025-05-13,295,21690104.0,9616262941.07
2025-05-14,294,18397396.0,8709019345.84
2025-05-15,299,16747531.0,6891268237.73
2025-05-18,292,16744286.0,8468125025.809999
2025-05-19,294,16137310.0,7343126341.38
2025-05-20,290,16837747.0,7299066231.2699995
2025-05-21,293,22967673.0,10687564058.5
2025-05-22,293,22199310.0,9771986954.72
2025-05-25,295,18443846.0,7589242195.9
2025-05-26,302,17133720.0,7572169498.12
2025-05-27,298,14273436.0,6519630886.940001
2025-05-28,298,20653533.0,8549713320.45
2025-06-02,296,21839332.0,9213304943.89
2025-06-03,296,15537597.0,6677976045.12
2025-06-04,298,13769273.0,5160216735.84
2025-06-05,298,17085998.0,7965539773.26
2025-06-08,293,19960233.0,9113813166.87
2025-06-09,297,17308068.0,8661543138.82
2025-06-10,297,23592925.0,10138574895.77
2025-06-11,293,22006504.0,9890199541.48
2025-06-12,293,27364740.0,12260697903.41
2025-06-15,293,25370874.0,11439417153.54
2025-06-16,294,33613291.0,13173652175.86
2025-06-17,294,16224206.0,7625706381.99
2025-06-18,297,23315863.0,9065049368.1
2025-06-19,295,29393649.0,11227234249.4
2025-06-22,292,21454585.0,9131383565.84
2025-06-23,298,17412852.0,6433964681.6
2025-06-24,295,13764480.0,5755720736.95
2025-06-25,293,13557556.0,5848491771.31
2025-06-26,291,19557950.0,7762160518.12
2025-06-29,300,16575006.0,7099106060.58
2025-06-30,295,14156353.0,6375522451.78
2025-07-01,295,15225143.0,6946675465.31
2025-07-02,295,26986161.0,9393101454.36
2025-07-03,292,23538669.0,9495177177.4
2025-07-06,296,23148855.0,9084775074.76
2025-07-07,295,19414899.0,8375348604.78
2025-07-08,293,12593224.0,6328235947.86
2025-07-09,298,15805351.0,7441873998.1
2025-07-10,296,26365512.0,9658734194.23
2025-07-13,297,32334069.0,11378739270.4
2025-07-14,297,20745246.0,8050432057.87
2025-07-15,301,26509279.0,9413663956.039999
2025-07-16,302,42893672.0,13987888551.99
2025-07-17,295,38318581.0,16550344346.63
2025-07-20,299,50575953.0,21348984904.52
2025-07-21,299,35636912.0,16320794557.59
2025-07-22,301,43514032.0,20064107242.36
2025-07-23,300,44863132.0,19570261982.82
2025-07-24,303,38867775.0,18466044873.84
2025-07-27,301,56109337.0,26306371328.37
2025-07-28,300,44078060.0,19336081989.24
2025-07-29,304,41798993.0,18517767983.53
2025-07-30,302,36389420.0,16427138313.72
2025-07-31,300,34893225.0,15770786140.4
2025-08-03,299,32242146.0,13064075235.74
2025-08-04,303,27164513.0,10812683972.52
2025-08-05,304,22155733.0,9307567488.74
2025-08-06,303,21647997.0,7612596129.690001
2025-08-07,299,25282552.0,8486814555.46
2025-08-11,302,24991663.0,10167627309.94
2025-08-12,302,17524330.0,6837939020.97
2025-08-13,301,15704613.0,6134809246.15
2025-08-14,301,19077622.0,7429926397.29
2025-08-17,301,20509814.0,7729678613.83
2025-08-18,298,15157483.0,6155630447.12
2025-08-19,299,13108465.0,5628287191.66
2025-08-20,304,15086252.0,5138183870.62
2025-08-21,303,16820341.0,4989346316.75
2025-08-24,305,13936382.0,6519549998.32
2025-08-25,301,10750471.0,5703922911.68
2025-08-26,302,9021928.0,4139587709.37
2025-08-27,301,14970387.0,7661256838.2
2025-08-28,303,17685510.0,8063538323.99
2025-08-31,304,14802554.0,6055404959.81
2025-09-01,306,11434311.0,5095524899.85
2025-09-02,301,10441427.0,4422151915.61
2025-09-03,303,11315595.0,4715833011.78
2025-09-04,304,12698722.0,5139404225.15
2025-09-07,308,10934834.0,4358522200.52
2025-09-08,307,11708740.0,5223444224.24
2025-09-18,238,1752781.0,728702830.7
2025-09-21,303,19831799.0,9104441739.66
2025-09-23,307,11344228.0,5283752672.99
2025-09-24,306,8885305.0,4069361705.88
2025-09-25,303,7937231.0,3250582267.58
2025-09-28,303,6897332.0,2850560547.54
2025-10-07,305,10338207.0,4618330985.96
2025-10-08,308,13110872.0,5610264024.22
2025-10-09,300,11775391.0,5263463407.66
2025-10-12,307,14355318.0,6702323601.37
2025-10-13,306,9867399.0,4930532903.45
2025-10-14,304,7459353.0,3340695703.65
2025-10-15,301,7501243.0,3059819621.56
2025-10-16,303,7587432.0,3257000918.76
2025-10-19,306,5887975.0,2716443012.34
2025-10-26,301,5445969.0,2630357356.35
2025-10-28,304,9243173.0,4573033420.6
2025-10-29,303,11496343.0,5454269241.1
2025-10-30,301,12003266.0,5847219204.25
2025-11-02,303,15551008.0,7353616531.45
2025-11-03,309,12143003.0,6036726659.72
2025-11-04,305,10287235.0,5126015610.78
2025-11-05,302,9193529.0,4668817682.16
2025-11-06,306,10759335.0,5360616309.83
2025-11-09,303,9228330.0,4695983857.5
2025-11-10,307,8265731.0,4306228602.44
2025-11-11,311,7935143.0,3619423333.27
2025-11-12,307,8398019.0,3846132148.57
2025-11-13,305,7565500.0,3490618796.62
2025-11-16,312,7932973.0,3888301140.13
2025-11-17,315,8861891.0,3933297395.79
2025-11-18,315,9242946.0,4099727715.42
2025-11-19,316,8385937.0,3775845571.71
2025-11-20,308,10434804.0,4682814492.64
2025-11-23,313,13008426.0,6241324857.08
2025-11-24,311,14173919.0,7031022705.08
2025-11-25,311,11975792.0,5821932277.97
2025-11-26,310,13619917.0,6691174325.95
2025-11-27,313,14669191.0,6653793586.07
2025-11-30,314,15729974.0,7078059105.9
2025-12-01,311,10858357.0,4713300664.16
2025-12-02,311,10781973.0,4466168973.2699995
2025-12-03,315,10871945.0,5232074777.23
2025-12-07,311,10387600.0,5298659241.76
2025-12-08,312,10106953.0,4642892352.42
2025-12-09,313,8739193.0,3751543111.73
2025-12-10,310,8605883.0,3732643582.54
2025-12-11,309,7747226.0,3486732960.67
2025-12-14,313,8625957.0,3725269630.6
2025-12-15,312,7756303.0,3440403840.48
2025-12-16,314,7629076.0,3273669767.34
2025-12-17,312,8539412.0,3990117747.7000003
2025-12-18,309,11244492.0,4563867878.8
2025-12-21,317,11191022.0,4503428693.15
2025-12-22,315,9166186.0,3513712953.6
2025-12-23,310,7656055.0,3422755386.07
2025-12-24,315,7191372.0,3213625744.25
2025-12-28,313,13443092.0,5523459293.08
2025-12-29,319,10034167.0,4771231421.55
2025-12-31,313,11605458.0,5090176856.95
2026-01-01,314,9727880.0,4631086790.0
2026-01-04,311,10211517.0,4998907336.14
2026-01-05,312,12413563.0,6457629851.17
2026-01-06,318,14776096.0,7106309553.28
2026-01-07,315,10633097.0,5174380875.1
2026-01-08,313,10415123.0,4901717817.64
2026-01-12,316,12295852.0,6467849623.61
2026-01-13,321,13556584.0,6967441937.45
2026-01-14,311,12504267.0,6208621731.07
2026-01-18,312,16593154.0,8397822099.09
2026-01-20,315,25009382.0,11833925692.67
2026-01-21,313,21623700.0,8918484801.69
2026-01-22,310,19039080.0,9068599677.79
2026-01-25,318,30551001.0,13647628851.85
2026-01-26,315,36262765.0,16353280837.32
2026-01-27,313,30009838.0,14065256146.72
2026-01-28,315,23417073.0,11471742858.17
2026-01-29,311,35376399.0,14540734633.11
2026-02-01,313,21999174.0,9088580837.95
2026-02-02,316,17456221.0,8163023640.36
2026-02-03,311,18702303.0,8626826666.27
2026-02-04,312,16681960.0,7498470930.16
2026-02-05,314,35573107.0,11577449333.76
2026-02-08,315,26229623.0,11655828560.41
2026-02-09,315,26735598.0,10768906292.97
2026-02-10,316,21715434.0,8615227561.460001
2026-02-11,315,21747817.0,8577701172.88
2026-02-12,320,27301688.0,10987970014.76
2026-02-16,322,19614514.0,7940762220.34
2026-02-17,324,20277925.0,8298236890.13
2026-02-22,317,15988514.0,6698727735.38
2026-02-23,316,12362163.0,5083468299.02
2026-02-24,314,8738379.0,4119681107.56
2026-02-25,311,10254753.0,4398206469.41
2026-02-26,321,9688779.0,4109515266.78
2026-03-01,317,13188137.0,5642023235.51
2026-03-03,316,15183717.0,6232945042.75
2026-03-09,260,1143757.0,555807324.66
2026-03-10,317,52710423.0,21500426089.24
2026-03-11,317,36048641.0,13179098625.02
2026-03-12,319,41554503.0,14536809754.9
2026-03-15,325,39546087.0,14326196590.75
2026-03-16,323,30753798.0,11968191243.61
2026-03-17,318,34395510.0,11980455018.02
2026-03-19,323,56918610.0,21221037089.78
2026-03-22,331,61139672.0,23519203511.44
2026-03-23,318,38070549.0,15782366906.12
2026-03-24,321,35724203.0,14811368875.19
2026-03-25,321,35808074.0,15085440174.15
2026-03-26,326,30399341.0,13150032045.48
2026-03-29,323,35247792.0,15031632517.48
2026-03-30,323,31604945.0,12964223826.6
2026-03-31,324,27708160.0,11081026556.56
2026-04-01,325,29979326.0,12069663414.09
2026-04-02,321,21318782.0,8819391153.29
2026-04-05,328,31130436.0,12367761946.45
2026-04-06,326,25128644.0,10919027480.52
2026-04-07,325,17342593.0,6716825022.46
2026-04-08,329,18800188.0,8313073669.72
2026-04-09,324,27912132.0,9911237125.94
2026-04-10,324,21083624.0,8991328417.98
2026-04-13,328,20162883.0,8664285151.69
2026-04-15,332,26437861.0,10536279410.26
2026-04-16,327,20572806.0,9294849714.77
2026-04-17,326,18062888.0,7459406698.98
2026-04-20,327,11629753.0,5419280924.1
2026-04-21,328,12863956.0,5737963229.28
2026-04-22,330,17588234.0,7813264739.89
2026-04-23,328,11295025.0,5074086272.47
2026-04-24,331,12118547.0,5249828413.44
2026-04-27,330,10813454.0,4716482730.06
2026-04-28,331,13800647.0,6478794663.66
2026-04-29,330,11552746.0,4909978527.88
2026-04-30,325,10870508.0,4901493212.16
2026-05-04,326,9573990.0,4214804068.12
2026-05-05,321,7727733.0,3437292622.57
2026-05-06,329,7131242.0,3197422442.26
2026-05-07,324,6508295.0,2911211602.07
2026-05-08,327,7464242.0,3282332179.39
2026-05-11,323,10434207.0,4610822388.83
2026-05-12,328,10670611.0,4659595238.74
2026-05-13,325,5642295.0,2805658491.03
2026-05-14,326,7955713.0,3288632151.84
2026-05-15,326,7923594.0,3089717992.28
2026-05-18,325,5813367.0,2440035492.8
2026-05-19,327,7473515.0,2963317870.84
2026-05-20,328,10609022.0,3765196428.35
2026-05-21,324,8861675.0,3802649589.05
2026-05-22,326,10886438.0,4496042087.21
2026-05-25,325,14524124.0,5980369030.29
2026-05-26,326,11494955.0,4711984533.67
2026-05-27,331,15215219.0,6003734102.46
2026-06-01,330,13144403.0,5388430774.84
2026-06-02,326,11358037.0,5238148802.01
2026-06-03,330,12878260.0,5487938337.24
2026-06-04,329,10262048.0,4301974016.37
2026-06-05,332,12456135.0,5308436136.3
2026-06-08,332,8977857.0,3796736984.71
2026-06-09,333,11318374.0,5395435282.81
2026-06-10,337,8460164.0,3971465803.05
2026-06-11,335,9215047.0,3902505512.86
2026-06-12,327,9653373.0,4198853537.69
2026-06-15,333,10683596.0,4349213158.0
2026-06-16,330,10299533.0,3810055449.72
2026-06-17,334,8256471.0,3502371604.49
2026-06-18,328,7714135.0,3392163444.18
2026-06-19,331,10104351.0,3724723896.86
2026-06-22,334,7947936.0,4237256736.29
2026-06-23,334,9898321.0,4252509460.69
2026-06-24,329,10713253.0,4364371020.5199995
2026-06-25,329,6479779.0,2837409069.52
2026-06-26,334,6942527.0,3093356139.46
2026-06-29,349,7660285.0,2627392461.78
2026-06-30,339,8433921.0,3182614058.6
2026-07-01,338,8886145.0,3621975340.36
2026-07-02,333,8358886.0,3441388846.83
2026-07-03,324,7669351.0,3417386529.25
2026-07-06,336,6822746.0,2805458535.71
2026-07-07,331,9039422.0,3970416046.6
2026-07-08,332,6580301.0,2830521566.38
2026-07-09,331,6915982.0,3176850164.33
2026-07-10,334,8420641.0,4577659430.6
2026-07-13,334,39435527.0,4905528917.81
2026-07-14,338,15750626.0,5625379046.42
2026-07-15,329,7516513.0,3235336551.44
2026-07-16,336,8711251.0,3738166664.46
2026-07-17,325,10286097.0,4523178385.91
2026-07-20,325,12090421.0,5435204669.38
2026-07-21,331,14626801.0,6461027456.24
2026-07-22,329,11218773.0,5107927098.37
2026-07-23,323,9863393.0,4576549293.58
2026-07-24,328,13501256.0,6075405080.87
2026-07-27,335,13583763.0,5797707947.65
2026-07-28,331,10264400.0,4338025596.57
2026-07-29,327,9453039.0,3944487715.58
2026-07-30,328,7357182.0,3317813963.14
2026-07-31,321,8180932.0,3626801084.06
2026-08-03,328,11230727.0,4385919813.3
2026-08-04,328,9926941.0,3924235555.54
2026-08-05,330,9612077.0,4152804873.81
2026-08-06,325,10308563.0,4356754996.69
2026-08-07,320,9419972.0,3604748649.05
2026-08-10,328,10611056.0,3548207432.41
2026-08-11,325,9324750.0,3987652821.5099998
2026-08-12,326,8444128.0,3419683796.17
